t_monotonic,t_wall,gpu_name,power_W,util_pct,memory_MiB,error
3794.76518733,1777948355.0458672,NVIDIA A100-SXM4-40GB,51.2,0.0,30772.0,
3795.007205514,1777948355.2878854,NVIDIA A100-SXM4-40GB,50.88,0.0,30772.0,
3795.234712806,1777948355.5153933,NVIDIA A100-SXM4-40GB,50.88,0.0,30772.0,
3795.463291214,1777948355.7439716,NVIDIA A100-SXM4-40GB,51.15,1.0,30772.0,
3795.690492997,1777948355.971173,NVIDIA A100-SXM4-40GB,51.47,4.0,30772.0,
3795.918413264,1777948356.1990933,NVIDIA A100-SXM4-40GB,51.2,3.0,30772.0,
3796.146469604,1777948356.4271495,NVIDIA A100-SXM4-40GB,51.15,4.0,30772.0,
3796.373504837,1777948356.654185,NVIDIA A100-SXM4-40GB,51.2,3.0,30772.0,
3796.600607078,1777948356.881287,NVIDIA A100-SXM4-40GB,51.2,3.0,30772.0,
3796.829139333,1777948357.1098194,NVIDIA A100-SXM4-40GB,51.2,3.0,30772.0,
3797.056388217,1777948357.337068,NVIDIA A100-SXM4-40GB,51.2,3.0,30772.0,
3797.283458713,1777948357.5641387,NVIDIA A100-SXM4-40GB,51.2,3.0,30772.0,
3797.511884014,1777948357.792564,NVIDIA A100-SXM4-40GB,51.2,3.0,30772.0,
3797.739721035,1777948358.0204015,NVIDIA A100-SXM4-40GB,51.2,4.0,30772.0,
3797.967157225,1777948358.247837,NVIDIA A100-SXM4-40GB,51.2,3.0,30772.0,
3798.194644263,1777948358.4753242,NVIDIA A100-SXM4-40GB,51.15,3.0,30772.0,
3798.421550293,1777948358.7022305,NVIDIA A100-SXM4-40GB,51.2,4.0,30772.0,
3798.649409597,1777948358.9300897,NVIDIA A100-SXM4-40GB,51.47,4.0,30772.0,
3798.876772538,1777948359.1574526,NVIDIA A100-SXM4-40GB,51.2,3.0,30772.0,
3799.104220553,1777948359.3849006,NVIDIA A100-SXM4-40GB,51.15,3.0,30772.0,
3799.331032804,1777948359.6117127,NVIDIA A100-SXM4-40GB,51.15,4.0,30772.0,
3799.557973082,1777948359.8386533,NVIDIA A100-SXM4-40GB,51.47,4.0,30772.0,
3799.785493231,1777948360.0661736,NVIDIA A100-SXM4-40GB,51.15,3.0,30772.0,
3800.01273253,1777948360.2934127,NVIDIA A100-SXM4-40GB,51.15,3.0,30772.0,
3800.240777195,1777948360.5214574,NVIDIA A100-SXM4-40GB,51.2,4.0,30772.0,
3800.46923584,1777948360.7499158,NVIDIA A100-SXM4-40GB,51.15,4.0,30772.0,
3800.697789629,1777948360.9784698,NVIDIA A100-SXM4-40GB,51.47,4.0,30772.0,
3800.925372188,1777948361.206052,NVIDIA A100-SXM4-40GB,51.15,3.0,30772.0,
3801.152868282,1777948361.4335485,NVIDIA A100-SXM4-40GB,51.2,3.0,30772.0,
3801.380220671,1777948361.6609008,NVIDIA A100-SXM4-40GB,51.15,4.0,30772.0,
3801.607344118,1777948361.8880248,NVIDIA A100-SXM4-40GB,51.2,4.0,30772.0,
3801.835817481,1777948362.1164975,NVIDIA A100-SXM4-40GB,51.15,3.0,30772.0,
3802.06337584,1777948362.3440561,NVIDIA A100-SXM4-40GB,51.2,3.0,30772.0,
3802.290797166,1777948362.5714772,NVIDIA A100-SXM4-40GB,51.15,3.0,30772.0,
3802.519560954,1777948362.8002412,NVIDIA A100-SXM4-40GB,51.42,3.0,30772.0,
3802.7470996,1777948363.02778,NVIDIA A100-SXM4-40GB,51.2,3.0,30772.0,
3802.974322919,1777948363.255003,NVIDIA A100-SXM4-40GB,51.2,3.0,30772.0,
3803.203182686,1777948363.4838629,NVIDIA A100-SXM4-40GB,51.2,3.0,30772.0,
3803.432342613,1777948363.7130227,NVIDIA A100-SXM4-40GB,51.2,3.0,30772.0,
3803.65987798,1777948363.9405582,NVIDIA A100-SXM4-40GB,51.47,3.0,30772.0,
3803.887615228,1777948364.1682951,NVIDIA A100-SXM4-40GB,51.15,3.0,30772.0,
3804.115089677,1777948364.3957696,NVIDIA A100-SXM4-40GB,51.47,3.0,30772.0,
3804.342355458,1777948364.623036,NVIDIA A100-SXM4-40GB,51.15,3.0,30772.0,
3804.569783111,1777948364.8504632,NVIDIA A100-SXM4-40GB,51.2,3.0,30772.0,
3804.796352837,1777948365.0770328,NVIDIA A100-SXM4-40GB,51.42,3.0,30772.0,
3805.023430992,1777948365.304111,NVIDIA A100-SXM4-40GB,51.47,3.0,30772.0,
3805.250498602,1777948365.5311787,NVIDIA A100-SXM4-40GB,51.42,4.0,30772.0,
3805.477976921,1777948365.7586575,NVIDIA A100-SXM4-40GB,51.15,4.0,30772.0,
3805.705156555,1777948365.9858367,NVIDIA A100-SXM4-40GB,51.47,4.0,30772.0,
3805.932359466,1777948366.2130394,NVIDIA A100-SXM4-40GB,51.42,3.0,30772.0,
3806.16098658,1777948366.441667,NVIDIA A100-SXM4-40GB,51.2,3.0,30772.0,
3806.388576195,1777948366.6692567,NVIDIA A100-SXM4-40GB,51.47,3.0,30772.0,
3806.615872941,1777948366.8965533,NVIDIA A100-SXM4-40GB,51.2,3.0,30772.0,
3806.84385719,1777948367.124537,NVIDIA A100-SXM4-40GB,51.2,4.0,30772.0,
3807.071377309,1777948367.3520577,NVIDIA A100-SXM4-40GB,51.42,4.0,30772.0,
3807.298548851,1777948367.5792289,NVIDIA A100-SXM4-40GB,51.2,3.0,30772.0,
3807.526339606,1777948367.8070197,NVIDIA A100-SXM4-40GB,51.15,3.0,30772.0,
3807.753738765,1777948368.0344186,NVIDIA A100-SXM4-40GB,51.2,3.0,30772.0,
3807.981252646,1777948368.2619328,NVIDIA A100-SXM4-40GB,51.2,3.0,30772.0,
3808.209733472,1777948368.490414,NVIDIA A100-SXM4-40GB,51.2,3.0,30772.0,
3808.437152375,1777948368.7178326,NVIDIA A100-SXM4-40GB,51.42,4.0,30772.0,
3808.664477094,1777948368.945157,NVIDIA A100-SXM4-40GB,51.42,3.0,30772.0,
3808.89432303,1777948369.175003,NVIDIA A100-SXM4-40GB,51.47,4.0,30772.0,
3809.122276,1777948369.402956,NVIDIA A100-SXM4-40GB,51.2,4.0,30772.0,
3809.349306632,1777948369.6299865,NVIDIA A100-SXM4-40GB,51.15,3.0,30772.0,
3809.577131213,1777948369.8578115,NVIDIA A100-SXM4-40GB,51.47,4.0,30772.0,
3809.804296387,1777948370.0849767,NVIDIA A100-SXM4-40GB,51.42,4.0,30772.0,
3810.031899124,1777948370.3125792,NVIDIA A100-SXM4-40GB,51.15,4.0,30772.0,
3810.260485115,1777948370.541165,NVIDIA A100-SXM4-40GB,51.2,4.0,30772.0,
3810.490710046,1777948370.7713902,NVIDIA A100-SXM4-40GB,51.47,4.0,30772.0,
3810.718633776,1777948370.999314,NVIDIA A100-SXM4-40GB,51.2,3.0,30772.0,
3810.94679411,1777948371.2274745,NVIDIA A100-SXM4-40GB,51.42,4.0,30772.0,
3811.174631394,1777948371.4553115,NVIDIA A100-SXM4-40GB,51.2,3.0,30772.0,
3811.402225783,1777948371.6829062,NVIDIA A100-SXM4-40GB,51.42,4.0,30772.0,
3811.629338311,1777948371.9100184,NVIDIA A100-SXM4-40GB,51.42,4.0,30772.0,
3811.856358049,1777948372.137038,NVIDIA A100-SXM4-40GB,51.2,3.0,30772.0,
3812.083826695,1777948372.3645067,NVIDIA A100-SXM4-40GB,51.47,3.0,30772.0,
3812.311805015,1777948372.592485,NVIDIA A100-SXM4-40GB,51.47,4.0,30772.0,
3812.539034581,1777948372.8197145,NVIDIA A100-SXM4-40GB,51.47,4.0,30772.0,
3812.766668632,1777948373.0473487,NVIDIA A100-SXM4-40GB,51.42,4.0,30772.0,
3812.995416558,1777948373.2760966,NVIDIA A100-SXM4-40GB,51.42,4.0,30772.0,
3813.222423951,1777948373.5031042,NVIDIA A100-SXM4-40GB,51.15,4.0,30772.0,
3813.449735306,1777948373.7304153,NVIDIA A100-SXM4-40GB,51.47,3.0,30772.0,
3813.678588026,1777948373.959268,NVIDIA A100-SXM4-40GB,51.2,4.0,30772.0,
3813.905659026,1777948374.1863394,NVIDIA A100-SXM4-40GB,51.2,3.0,30772.0,
3814.133508655,1777948374.414189,NVIDIA A100-SXM4-40GB,51.47,3.0,30772.0,
3814.362417243,1777948374.6430976,NVIDIA A100-SXM4-40GB,51.42,3.0,30772.0,
3814.589988219,1777948374.8706686,NVIDIA A100-SXM4-40GB,51.2,3.0,30772.0,
3814.816642355,1777948375.0973222,NVIDIA A100-SXM4-40GB,51.2,3.0,30772.0,
3815.045865583,1777948375.3265457,NVIDIA A100-SXM4-40GB,51.2,3.0,30772.0,
3815.274803675,1777948375.5554836,NVIDIA A100-SXM4-40GB,51.42,3.0,30772.0,
3815.502339341,1777948375.7830193,NVIDIA A100-SXM4-40GB,51.2,3.0,30772.0,
3815.729461892,1777948376.0101426,NVIDIA A100-SXM4-40GB,51.15,3.0,30772.0,
3815.957223349,1777948376.2379034,NVIDIA A100-SXM4-40GB,51.42,3.0,30772.0,
3816.184903373,1777948376.4655836,NVIDIA A100-SXM4-40GB,51.42,3.0,30772.0,
3816.413709912,1777948376.69439,NVIDIA A100-SXM4-40GB,51.2,4.0,30772.0,
3816.640337554,1777948376.921018,NVIDIA A100-SXM4-40GB,51.47,4.0,30772.0,
3816.867272098,1777948377.1479523,NVIDIA A100-SXM4-40GB,51.2,4.0,30772.0,
3817.094616647,1777948377.3752966,NVIDIA A100-SXM4-40GB,51.47,3.0,30772.0,
3817.321421351,1777948377.6021016,NVIDIA A100-SXM4-40GB,51.42,3.0,30772.0,
3817.548973935,1777948377.8296537,NVIDIA A100-SXM4-40GB,51.47,4.0,30772.0,
3817.777144615,1777948378.0578249,NVIDIA A100-SXM4-40GB,51.15,4.0,30772.0,
3818.005019987,1777948378.2857,NVIDIA A100-SXM4-40GB,51.42,3.0,30772.0,
3818.232123833,1777948378.512804,NVIDIA A100-SXM4-40GB,51.47,3.0,30772.0,
3818.458846226,1777948378.739526,NVIDIA A100-SXM4-40GB,51.2,3.0,30772.0,
3818.685775753,1777948378.9664557,NVIDIA A100-SXM4-40GB,51.47,3.0,30772.0,
3818.913234683,1777948379.1939151,NVIDIA A100-SXM4-40GB,51.47,3.0,30772.0,
3819.142784151,1777948379.4234645,NVIDIA A100-SXM4-40GB,51.47,3.0,30772.0,
3819.369352588,1777948379.6500328,NVIDIA A100-SXM4-40GB,51.42,3.0,30772.0,
3819.5979222,1777948379.8786023,NVIDIA A100-SXM4-40GB,51.15,3.0,30772.0,
3819.826060875,1777948380.1067412,NVIDIA A100-SXM4-40GB,51.47,3.0,30772.0,
3820.053863123,1777948380.3345435,NVIDIA A100-SXM4-40GB,51.2,3.0,30772.0,
3820.2818629,1777948380.562543,NVIDIA A100-SXM4-40GB,51.47,3.0,30772.0,
3820.509360038,1777948380.79004,NVIDIA A100-SXM4-40GB,51.47,3.0,30772.0,
3820.736914368,1777948381.0175946,NVIDIA A100-SXM4-40GB,51.42,3.0,30772.0,
3820.965142356,1777948381.2458224,NVIDIA A100-SXM4-40GB,51.42,4.0,30772.0,
3821.192351052,1777948381.4730313,NVIDIA A100-SXM4-40GB,51.2,3.0,30772.0,
3821.421010249,1777948381.7016904,NVIDIA A100-SXM4-40GB,51.42,3.0,30772.0,
3821.648353542,1777948381.9290338,NVIDIA A100-SXM4-40GB,51.2,3.0,30772.0,
3821.876190807,1777948382.1568706,NVIDIA A100-SXM4-40GB,51.2,4.0,30772.0,
3822.103570888,1777948382.384251,NVIDIA A100-SXM4-40GB,51.47,3.0,30772.0,
3822.330232648,1777948382.6109128,NVIDIA A100-SXM4-40GB,51.47,3.0,30772.0,
3822.557315268,1777948382.8379953,NVIDIA A100-SXM4-40GB,51.42,3.0,30772.0,
3822.784894445,1777948383.0655744,NVIDIA A100-SXM4-40GB,51.47,4.0,30772.0,
3823.012992986,1777948383.2936735,NVIDIA A100-SXM4-40GB,51.42,3.0,30772.0,
3823.241571084,1777948383.522251,NVIDIA A100-SXM4-40GB,51.47,3.0,30772.0,
3823.469139184,1777948383.7498198,NVIDIA A100-SXM4-40GB,51.15,3.0,30772.0,
3823.696767497,1777948383.9774475,NVIDIA A100-SXM4-40GB,51.47,3.0,30772.0,
3823.924984738,1777948384.205665,NVIDIA A100-SXM4-40GB,51.47,4.0,30772.0,
3824.151861357,1777948384.4325411,NVIDIA A100-SXM4-40GB,51.47,4.0,30772.0,
3824.379470149,1777948384.6601503,NVIDIA A100-SXM4-40GB,51.47,3.0,30772.0,
3824.60621521,1777948384.8868954,NVIDIA A100-SXM4-40GB,51.47,3.0,30772.0,
3824.833215875,1777948385.1138964,NVIDIA A100-SXM4-40GB,51.42,4.0,30772.0,
3825.06011163,1777948385.3407915,NVIDIA A100-SXM4-40GB,51.42,3.0,30772.0,
3825.287581121,1777948385.5682611,NVIDIA A100-SXM4-40GB,51.2,3.0,30772.0,
3825.514607099,1777948385.7952871,NVIDIA A100-SXM4-40GB,51.2,3.0,30772.0,
3825.743238846,1777948386.023919,NVIDIA A100-SXM4-40GB,51.47,3.0,30772.0,
3825.969919855,1777948386.2505996,NVIDIA A100-SXM4-40GB,51.2,3.0,30772.0,
3826.196397939,1777948386.4770782,NVIDIA A100-SXM4-40GB,51.47,4.0,30772.0,
3826.423441774,1777948386.7041218,NVIDIA A100-SXM4-40GB,51.47,3.0,30772.0,
3826.652087676,1777948386.9327676,NVIDIA A100-SXM4-40GB,51.2,3.0,30772.0,
3826.879659825,1777948387.16034,NVIDIA A100-SXM4-40GB,51.42,3.0,30772.0,
3827.107371978,1777948387.3880527,NVIDIA A100-SXM4-40GB,51.42,3.0,30772.0,
3827.335052973,1777948387.615733,NVIDIA A100-SXM4-40GB,51.47,3.0,30772.0,
3827.562476744,1777948387.8431566,NVIDIA A100-SXM4-40GB,51.47,3.0,30772.0,
3827.79081075,1777948388.0714905,NVIDIA A100-SXM4-40GB,51.42,4.0,30772.0,
3828.017654216,1777948388.2983341,NVIDIA A100-SXM4-40GB,51.42,3.0,30772.0,
3828.24485473,1777948388.5255349,NVIDIA A100-SXM4-40GB,51.47,3.0,30772.0,
3828.472488632,1777948388.7531686,NVIDIA A100-SXM4-40GB,51.42,4.0,30772.0,
3828.700636037,1777948388.981316,NVIDIA A100-SXM4-40GB,51.47,4.0,30772.0,
3828.928383461,1777948389.209064,NVIDIA A100-SXM4-40GB,51.42,4.0,30772.0,
3829.155616942,1777948389.4362974,NVIDIA A100-SXM4-40GB,51.47,4.0,30772.0,
3829.38375905,1777948389.6644394,NVIDIA A100-SXM4-40GB,51.47,4.0,30772.0,
3829.611109094,1777948389.8917892,NVIDIA A100-SXM4-40GB,51.42,4.0,30772.0,
3829.838579541,1777948390.1192596,NVIDIA A100-SXM4-40GB,51.42,4.0,30772.0,
3830.068208589,1777948390.3488889,NVIDIA A100-SXM4-40GB,51.47,4.0,30772.0,
3830.295078192,1777948390.575758,NVIDIA A100-SXM4-40GB,51.47,3.0,30772.0,
3830.522628741,1777948390.8033087,NVIDIA A100-SXM4-40GB,51.42,3.0,30772.0,
3830.751817535,1777948391.0324976,NVIDIA A100-SXM4-40GB,51.47,3.0,30772.0,
3830.97987786,1777948391.2605581,NVIDIA A100-SXM4-40GB,51.47,3.0,30772.0,
3831.20827747,1777948391.4889576,NVIDIA A100-SXM4-40GB,51.42,3.0,30772.0,
3831.436704279,1777948391.7173843,NVIDIA A100-SXM4-40GB,51.47,4.0,30772.0,
3831.664485272,1777948391.9451654,NVIDIA A100-SXM4-40GB,51.47,3.0,30772.0,
3831.891703666,1777948392.1723845,NVIDIA A100-SXM4-40GB,51.42,3.0,30772.0,
3832.11916721,1777948392.3998475,NVIDIA A100-SXM4-40GB,51.47,4.0,30772.0,
3832.34668414,1777948392.6273642,NVIDIA A100-SXM4-40GB,51.42,4.0,30772.0,
3832.57511877,1777948392.8557987,NVIDIA A100-SXM4-40GB,51.47,3.0,30772.0,
3832.802720178,1777948393.0834005,NVIDIA A100-SXM4-40GB,51.47,3.0,30772.0,
3833.030457854,1777948393.3111384,NVIDIA A100-SXM4-40GB,51.47,4.0,30772.0,
3833.25994252,1777948393.5406227,NVIDIA A100-SXM4-40GB,51.69,4.0,30772.0,
3833.48754946,1777948393.76823,NVIDIA A100-SXM4-40GB,51.47,3.0,30772.0,
3833.714449892,1777948393.9951298,NVIDIA A100-SXM4-40GB,51.42,3.0,30772.0,
3833.941774253,1777948394.2224545,NVIDIA A100-SXM4-40GB,51.42,3.0,30772.0,
3834.171039594,1777948394.45172,NVIDIA A100-SXM4-40GB,51.47,3.0,30772.0,
3834.399449861,1777948394.6801298,NVIDIA A100-SXM4-40GB,51.42,4.0,30772.0,
3834.62799494,1777948394.908675,NVIDIA A100-SXM4-40GB,51.47,4.0,30772.0,
3834.855559207,1777948395.136239,NVIDIA A100-SXM4-40GB,51.47,3.0,30772.0,
3835.082494097,1777948395.363174,NVIDIA A100-SXM4-40GB,51.47,3.0,30772.0,
3835.310211413,1777948395.5908916,NVIDIA A100-SXM4-40GB,51.42,3.0,30772.0,
3835.537263098,1777948395.817943,NVIDIA A100-SXM4-40GB,51.47,3.0,30772.0,
3835.764643297,1777948396.0453236,NVIDIA A100-SXM4-40GB,51.47,3.0,30772.0,
3835.992134072,1777948396.272814,NVIDIA A100-SXM4-40GB,51.47,3.0,30772.0,
3836.221434471,1777948396.5021145,NVIDIA A100-SXM4-40GB,51.47,3.0,30772.0,
3836.448224312,1777948396.7289045,NVIDIA A100-SXM4-40GB,51.2,3.0,30772.0,
3836.67596879,1777948396.9566486,NVIDIA A100-SXM4-40GB,52.07,3.0,30772.0,
3836.906456929,1777948397.1871378,NVIDIA A100-SXM4-40GB,51.47,3.0,30772.0,
3837.135384045,1777948397.4160643,NVIDIA A100-SXM4-40GB,51.47,3.0,30772.0,
3837.362237669,1777948397.642918,NVIDIA A100-SXM4-40GB,51.42,3.0,30772.0,
3837.590159162,1777948397.8708394,NVIDIA A100-SXM4-40GB,51.15,3.0,30772.0,
3837.817180041,1777948398.09786,NVIDIA A100-SXM4-40GB,51.2,3.0,30772.0,
3838.045165029,1777948398.325845,NVIDIA A100-SXM4-40GB,51.2,3.0,30772.0,
3838.273609381,1777948398.5542893,NVIDIA A100-SXM4-40GB,51.15,3.0,30772.0,
3838.501482413,1777948398.7821627,NVIDIA A100-SXM4-40GB,51.2,3.0,30772.0,
3838.728608065,1777948399.0092883,NVIDIA A100-SXM4-40GB,51.42,3.0,30772.0,
3838.957080383,1777948399.2377605,NVIDIA A100-SXM4-40GB,51.2,3.0,30772.0,
3839.184679982,1777948399.4653604,NVIDIA A100-SXM4-40GB,51.15,3.0,30772.0,
3839.411618983,1777948399.6922994,NVIDIA A100-SXM4-40GB,51.15,4.0,30772.0,
3839.639286671,1777948399.9199667,NVIDIA A100-SXM4-40GB,51.15,3.0,30772.0,
3839.866409477,1777948400.1470897,NVIDIA A100-SXM4-40GB,51.2,3.0,30772.0,
3840.093578745,1777948400.3742588,NVIDIA A100-SXM4-40GB,51.74,3.0,30772.0,
3840.32370275,1777948400.604383,NVIDIA A100-SXM4-40GB,51.15,4.0,30772.0,
3840.55177219,1777948400.8324523,NVIDIA A100-SXM4-40GB,51.47,3.0,30772.0,
3840.778682101,1777948401.0593624,NVIDIA A100-SXM4-40GB,51.2,4.0,30772.0,
3841.006484895,1777948401.2871652,NVIDIA A100-SXM4-40GB,51.15,3.0,30772.0,
3841.234159789,1777948401.51484,NVIDIA A100-SXM4-40GB,51.47,4.0,30772.0,
3841.463120243,1777948401.7438006,NVIDIA A100-SXM4-40GB,51.2,3.0,30772.0,
3841.691132415,1777948401.9718127,NVIDIA A100-SXM4-40GB,51.2,3.0,30772.0,
3841.918381088,1777948402.1990612,NVIDIA A100-SXM4-40GB,51.2,3.0,30772.0,
3842.145349771,1777948402.4260302,NVIDIA A100-SXM4-40GB,51.15,3.0,30772.0,
3842.374205655,1777948402.6548858,NVIDIA A100-SXM4-40GB,51.2,3.0,30772.0,
3842.601294298,1777948402.8819745,NVIDIA A100-SXM4-40GB,51.15,3.0,30772.0,
3842.828104553,1777948403.108785,NVIDIA A100-SXM4-40GB,51.47,3.0,30772.0,
3843.055540867,1777948403.3362212,NVIDIA A100-SXM4-40GB,51.2,3.0,30772.0,
3843.282769417,1777948403.5634494,NVIDIA A100-SXM4-40GB,51.15,3.0,30772.0,
3843.510042932,1777948403.790723,NVIDIA A100-SXM4-40GB,51.2,3.0,30772.0,
3843.737038547,1777948404.0177188,NVIDIA A100-SXM4-40GB,51.2,4.0,30772.0,
3843.96413163,1777948404.2448118,NVIDIA A100-SXM4-40GB,51.15,4.0,30772.0,
3844.190964932,1777948404.4716449,NVIDIA A100-SXM4-40GB,51.2,3.0,30772.0,
3844.418370465,1777948404.6990504,NVIDIA A100-SXM4-40GB,51.47,3.0,30772.0,
3844.646308578,1777948404.9269886,NVIDIA A100-SXM4-40GB,51.47,3.0,30772.0,
3844.875772238,1777948405.1564524,NVIDIA A100-SXM4-40GB,51.2,4.0,30772.0,
3845.104145081,1777948405.384825,NVIDIA A100-SXM4-40GB,51.15,4.0,30772.0,
3845.333489733,1777948405.6141698,NVIDIA A100-SXM4-40GB,51.2,4.0,30772.0,
3845.561028547,1777948405.8417087,NVIDIA A100-SXM4-40GB,51.15,3.0,30772.0,
3845.788921204,1777948406.0696018,NVIDIA A100-SXM4-40GB,51.2,3.0,30772.0,
3846.016868432,1777948406.2975488,NVIDIA A100-SXM4-40GB,51.15,3.0,30772.0,
3846.244631266,1777948406.5253115,NVIDIA A100-SXM4-40GB,51.2,4.0,30772.0,
3846.473629505,1777948406.7543097,NVIDIA A100-SXM4-40GB,51.15,4.0,30772.0,
3846.701582641,1777948406.9822628,NVIDIA A100-SXM4-40GB,51.15,3.0,30772.0,
3846.929838379,1777948407.2105186,NVIDIA A100-SXM4-40GB,51.47,3.0,30772.0,
3847.15872763,1777948407.4394076,NVIDIA A100-SXM4-40GB,51.2,3.0,30772.0,
3847.386022764,1777948407.6667027,NVIDIA A100-SXM4-40GB,51.42,4.0,30772.0,
3847.612897358,1777948407.8935776,NVIDIA A100-SXM4-40GB,51.15,4.0,30772.0,
3847.840824182,1777948408.1215043,NVIDIA A100-SXM4-40GB,51.2,3.0,30772.0,
3848.067908619,1777948408.3485887,NVIDIA A100-SXM4-40GB,51.15,4.0,30772.0,
3848.294565134,1777948408.5752456,NVIDIA A100-SXM4-40GB,51.47,4.0,30772.0,
3848.522530301,1777948408.8032103,NVIDIA A100-SXM4-40GB,51.15,4.0,30772.0,
3848.751903363,1777948409.0325837,NVIDIA A100-SXM4-40GB,51.2,3.0,30772.0,
3848.980138816,1777948409.260819,NVIDIA A100-SXM4-40GB,51.15,3.0,30772.0,
3849.207901426,1777948409.4885817,NVIDIA A100-SXM4-40GB,51.2,3.0,30772.0,
3849.434948253,1777948409.7156286,NVIDIA A100-SXM4-40GB,51.2,3.0,30772.0,
3849.662855056,1777948409.943535,NVIDIA A100-SXM4-40GB,51.2,3.0,30772.0,
3849.890439238,1777948410.1711195,NVIDIA A100-SXM4-40GB,51.2,3.0,30772.0,
3850.117914748,1777948410.3985949,NVIDIA A100-SXM4-40GB,51.15,3.0,30772.0,
3850.345034562,1777948410.6257148,NVIDIA A100-SXM4-40GB,51.74,3.0,30772.0,
3850.573140235,1777948410.8538203,NVIDIA A100-SXM4-40GB,51.15,4.0,30772.0,
3850.800790428,1777948411.0814707,NVIDIA A100-SXM4-40GB,51.2,3.0,30772.0,
3851.028543552,1777948411.3092241,NVIDIA A100-SXM4-40GB,51.15,3.0,30772.0,
3851.256125581,1777948411.5368056,NVIDIA A100-SXM4-40GB,51.2,3.0,30772.0,
3851.48393412,1777948411.7646146,NVIDIA A100-SXM4-40GB,51.15,3.0,30772.0,
3851.711158331,1777948411.9918385,NVIDIA A100-SXM4-40GB,51.47,3.0,30772.0,
3851.939331621,1777948412.2200117,NVIDIA A100-SXM4-40GB,51.47,3.0,30772.0,
3852.166905773,1777948412.447586,NVIDIA A100-SXM4-40GB,51.42,4.0,30772.0,
3852.394261878,1777948412.6749423,NVIDIA A100-SXM4-40GB,51.15,4.0,30772.0,
3852.621710999,1777948412.9023914,NVIDIA A100-SXM4-40GB,51.2,4.0,30772.0,
3852.850694662,1777948413.1313748,NVIDIA A100-SXM4-40GB,51.15,4.0,30772.0,
3853.078227151,1777948413.3589075,NVIDIA A100-SXM4-40GB,51.2,3.0,30772.0,
3853.305036773,1777948413.585717,NVIDIA A100-SXM4-40GB,51.2,4.0,30772.0,
3853.534196909,1777948413.8148773,NVIDIA A100-SXM4-40GB,51.15,3.0,30772.0,
3853.76294163,1777948414.0436215,NVIDIA A100-SXM4-40GB,51.47,4.0,30772.0,
3853.991269144,1777948414.2719493,NVIDIA A100-SXM4-40GB,51.2,3.0,30772.0,
3854.219136361,1777948414.4998167,NVIDIA A100-SXM4-40GB,51.47,4.0,30772.0,
3854.446052452,1777948414.7267323,NVIDIA A100-SXM4-40GB,51.15,4.0,30772.0,
3854.673071665,1777948414.9537518,NVIDIA A100-SXM4-40GB,51.42,4.0,30772.0,
3854.901820199,1777948415.1825004,NVIDIA A100-SXM4-40GB,51.2,4.0,30772.0,
3855.131288403,1777948415.4119685,NVIDIA A100-SXM4-40GB,51.2,4.0,30772.0,
3855.358379626,1777948415.6390598,NVIDIA A100-SXM4-40GB,51.2,3.0,30772.0,
3855.585573402,1777948415.8662536,NVIDIA A100-SXM4-40GB,51.2,3.0,30772.0,
3855.812793261,1777948416.0934734,NVIDIA A100-SXM4-40GB,51.42,3.0,30772.0,
3856.040151588,1777948416.320832,NVIDIA A100-SXM4-40GB,51.2,4.0,30772.0,
3856.269426664,1777948416.5501068,NVIDIA A100-SXM4-40GB,51.42,3.0,30772.0,
3856.497685088,1777948416.7783654,NVIDIA A100-SXM4-40GB,51.15,4.0,30772.0,
3856.725656542,1777948417.0063367,NVIDIA A100-SXM4-40GB,51.2,3.0,30772.0,
3856.953652423,1777948417.2343326,NVIDIA A100-SXM4-40GB,51.2,4.0,30772.0,
3857.180574551,1777948417.4612546,NVIDIA A100-SXM4-40GB,51.42,4.0,30772.0,
3857.409009566,1777948417.6896896,NVIDIA A100-SXM4-40GB,51.2,4.0,30772.0,
3857.636770379,1777948417.9174507,NVIDIA A100-SXM4-40GB,51.2,4.0,30772.0,
3857.86386134,1777948418.1445415,NVIDIA A100-SXM4-40GB,51.2,3.0,30772.0,
3858.09096521,1777948418.3716452,NVIDIA A100-SXM4-40GB,51.47,3.0,30772.0,
3858.319719411,1777948418.6003993,NVIDIA A100-SXM4-40GB,51.15,4.0,30772.0,
3858.547089042,1777948418.827769,NVIDIA A100-SXM4-40GB,51.2,4.0,30772.0,
3858.774711559,1777948419.0553923,NVIDIA A100-SXM4-40GB,51.2,4.0,30772.0,
3859.00376728,1777948419.2844474,NVIDIA A100-SXM4-40GB,51.2,3.0,30772.0,
3859.231397196,1777948419.5120773,NVIDIA A100-SXM4-40GB,51.15,3.0,30772.0,
3859.458611255,1777948419.7392914,NVIDIA A100-SXM4-40GB,51.47,3.0,30772.0,
3859.687343634,1777948419.9680238,NVIDIA A100-SXM4-40GB,51.2,4.0,30772.0,
3859.914774177,1777948420.1954544,NVIDIA A100-SXM4-40GB,51.15,4.0,30772.0,
3860.142345721,1777948420.4230256,NVIDIA A100-SXM4-40GB,51.42,4.0,30772.0,
3860.371909248,1777948420.6525896,NVIDIA A100-SXM4-40GB,51.47,3.0,30772.0,
3860.600037257,1777948420.8807175,NVIDIA A100-SXM4-40GB,51.42,3.0,30772.0,
3860.827027025,1777948421.1077075,NVIDIA A100-SXM4-40GB,51.15,3.0,30772.0,
3861.055285736,1777948421.3359656,NVIDIA A100-SXM4-40GB,51.2,3.0,30772.0,
3861.282736486,1777948421.5634165,NVIDIA A100-SXM4-40GB,51.15,3.0,30772.0,
3861.512202909,1777948421.7928832,NVIDIA A100-SXM4-40GB,51.2,3.0,30772.0,
3861.740101509,1777948422.0207815,NVIDIA A100-SXM4-40GB,51.2,3.0,30772.0,
3861.967879235,1777948422.248559,NVIDIA A100-SXM4-40GB,51.42,3.0,30772.0,
3862.194909053,1777948422.475589,NVIDIA A100-SXM4-40GB,51.2,3.0,30772.0,
3862.422433054,1777948422.7031133,NVIDIA A100-SXM4-40GB,51.42,4.0,30772.0,
3862.64983422,1777948422.9305146,NVIDIA A100-SXM4-40GB,51.42,4.0,30772.0,
3862.876785211,1777948423.1574655,NVIDIA A100-SXM4-40GB,51.42,4.0,30772.0,
3863.105598618,1777948423.3862786,NVIDIA A100-SXM4-40GB,51.15,4.0,30772.0,
3863.33344524,1777948423.6141253,NVIDIA A100-SXM4-40GB,51.42,3.0,30772.0,
3863.56079019,1777948423.8414702,NVIDIA A100-SXM4-40GB,51.2,3.0,30772.0,
3863.789592215,1777948424.0702724,NVIDIA A100-SXM4-40GB,51.2,3.0,30772.0,
3864.016523662,1777948424.2972038,NVIDIA A100-SXM4-40GB,51.42,3.0,30772.0,
3864.244148148,1777948424.5248282,NVIDIA A100-SXM4-40GB,51.2,3.0,30772.0,
3864.47254281,1777948424.753223,NVIDIA A100-SXM4-40GB,51.15,3.0,30772.0,
3864.700108507,1777948424.9807885,NVIDIA A100-SXM4-40GB,51.2,3.0,30772.0,
3864.927680325,1777948425.2083602,NVIDIA A100-SXM4-40GB,51.2,3.0,30772.0,
3865.156673655,1777948425.4373534,NVIDIA A100-SXM4-40GB,51.2,3.0,30772.0,
3865.384538006,1777948425.665218,NVIDIA A100-SXM4-40GB,51.2,3.0,30772.0,
3865.611943532,1777948425.8926237,NVIDIA A100-SXM4-40GB,51.15,3.0,30772.0,
3865.839727845,1777948426.1204078,NVIDIA A100-SXM4-40GB,51.2,3.0,30772.0,
3866.067501555,1777948426.3481817,NVIDIA A100-SXM4-40GB,51.2,4.0,30772.0,
3866.294528295,1777948426.5752087,NVIDIA A100-SXM4-40GB,51.2,3.0,30772.0,
3866.521913438,1777948426.8025935,NVIDIA A100-SXM4-40GB,51.2,3.0,30772.0,
3866.749424331,1777948427.0301046,NVIDIA A100-SXM4-40GB,51.2,3.0,30772.0,
3866.977082922,1777948427.2577631,NVIDIA A100-SXM4-40GB,51.15,3.0,30772.0,
3867.204957953,1777948427.485638,NVIDIA A100-SXM4-40GB,51.2,3.0,30772.0,
3867.432474934,1777948427.713155,NVIDIA A100-SXM4-40GB,51.47,3.0,30772.0,
3867.661357613,1777948427.9420378,NVIDIA A100-SXM4-40GB,51.15,3.0,30772.0,
3867.888796307,1777948428.1694763,NVIDIA A100-SXM4-40GB,51.47,3.0,30772.0,
3868.115925806,1777948428.396606,NVIDIA A100-SXM4-40GB,51.2,3.0,30772.0,
3868.343099875,1777948428.6237803,NVIDIA A100-SXM4-40GB,51.47,3.0,30772.0,
3868.571242097,1777948428.8519228,NVIDIA A100-SXM4-40GB,51.42,3.0,30772.0,
3868.798932747,1777948429.079613,NVIDIA A100-SXM4-40GB,51.2,3.0,30772.0,
3869.026275486,1777948429.3069558,NVIDIA A100-SXM4-40GB,51.47,3.0,30772.0,
3869.25357136,1777948429.5342515,NVIDIA A100-SXM4-40GB,51.47,4.0,30772.0,
3869.481980854,1777948429.7626612,NVIDIA A100-SXM4-40GB,51.2,3.0,30772.0,
3869.709925965,1777948429.990606,NVIDIA A100-SXM4-40GB,51.2,3.0,30772.0,
3869.938042645,1777948430.2187226,NVIDIA A100-SXM4-40GB,51.15,3.0,30772.0,
3870.165208913,1777948430.445889,NVIDIA A100-SXM4-40GB,51.15,3.0,30772.0,
3870.392034191,1777948430.6727142,NVIDIA A100-SXM4-40GB,51.15,3.0,30772.0,
3870.619027613,1777948430.8997078,NVIDIA A100-SXM4-40GB,51.15,3.0,30772.0,
3870.847431733,1777948431.1281118,NVIDIA A100-SXM4-40GB,51.2,3.0,30772.0,
3871.074784629,1777948431.3554652,NVIDIA A100-SXM4-40GB,51.15,3.0,30772.0,
3871.302718985,1777948431.5833995,NVIDIA A100-SXM4-40GB,51.42,3.0,30772.0,
3871.531096952,1777948431.8117774,NVIDIA A100-SXM4-40GB,51.2,3.0,30772.0,
3871.759280243,1777948432.0399604,NVIDIA A100-SXM4-40GB,51.47,3.0,30772.0,
3871.991761175,1777948432.2724414,NVIDIA A100-SXM4-40GB,51.2,3.0,30772.0,
3872.223716643,1777948432.5043974,NVIDIA A100-SXM4-40GB,51.2,3.0,30772.0,
3872.451039052,1777948432.7317193,NVIDIA A100-SXM4-40GB,51.47,4.0,30772.0,
3872.678049044,1777948432.9587293,NVIDIA A100-SXM4-40GB,51.42,3.0,30772.0,
3872.905625261,1777948433.1863053,NVIDIA A100-SXM4-40GB,51.47,3.0,30772.0,
3873.133774842,1777948433.414455,NVIDIA A100-SXM4-40GB,51.15,3.0,30772.0,
3873.361384826,1777948433.6420648,NVIDIA A100-SXM4-40GB,51.2,3.0,30772.0,
3873.589089619,1777948433.8697696,NVIDIA A100-SXM4-40GB,51.2,3.0,30772.0,
3873.816084549,1777948434.0967646,NVIDIA A100-SXM4-40GB,51.15,3.0,30772.0,
3874.044146098,1777948434.3248265,NVIDIA A100-SXM4-40GB,51.47,3.0,30772.0,
3874.271386911,1777948434.5520668,NVIDIA A100-SXM4-40GB,51.47,3.0,30772.0,
3874.49851206,1777948434.7791922,NVIDIA A100-SXM4-40GB,51.47,3.0,30772.0,
3874.726189572,1777948435.0068696,NVIDIA A100-SXM4-40GB,51.2,3.0,30772.0,
3874.953375635,1777948435.2340558,NVIDIA A100-SXM4-40GB,51.15,3.0,30772.0,
3875.181305866,1777948435.461986,NVIDIA A100-SXM4-40GB,51.47,3.0,30772.0,
3875.409061074,1777948435.6897416,NVIDIA A100-SXM4-40GB,51.47,3.0,30772.0,
3875.63642025,1777948435.9171004,NVIDIA A100-SXM4-40GB,51.42,4.0,30772.0,
3875.864071759,1777948436.1447515,NVIDIA A100-SXM4-40GB,51.47,3.0,30772.0,
3876.091579459,1777948436.3722599,NVIDIA A100-SXM4-40GB,51.42,3.0,30772.0,
3876.31929075,1777948436.599971,NVIDIA A100-SXM4-40GB,51.47,4.0,30772.0,
3876.546727031,1777948436.8274074,NVIDIA A100-SXM4-40GB,51.47,4.0,30772.0,
3876.774138008,1777948437.0548184,NVIDIA A100-SXM4-40GB,51.42,4.0,30772.0,
3877.003054365,1777948437.2837346,NVIDIA A100-SXM4-40GB,51.47,4.0,30772.0,
3877.231122387,1777948437.5118027,NVIDIA A100-SXM4-40GB,51.47,4.0,30772.0,
3877.458414293,1777948437.7390947,NVIDIA A100-SXM4-40GB,51.47,4.0,30772.0,
3877.685146711,1777948437.9658265,NVIDIA A100-SXM4-40GB,51.42,4.0,30772.0,
3877.912866514,1777948438.1935465,NVIDIA A100-SXM4-40GB,51.47,4.0,30772.0,
3878.140274565,1777948438.420955,NVIDIA A100-SXM4-40GB,51.42,4.0,30772.0,
3878.367405492,1777948438.6480858,NVIDIA A100-SXM4-40GB,51.47,4.0,30772.0,
3878.594747567,1777948438.8754275,NVIDIA A100-SXM4-40GB,51.2,4.0,30772.0,
3878.822696712,1777948439.1033769,NVIDIA A100-SXM4-40GB,51.42,4.0,30772.0,
3879.050783426,1777948439.331464,NVIDIA A100-SXM4-40GB,51.15,3.0,30772.0,
3879.277790123,1777948439.5584705,NVIDIA A100-SXM4-40GB,51.47,4.0,30772.0,
3879.504576426,1777948439.7852566,NVIDIA A100-SXM4-40GB,51.47,4.0,30772.0,
3879.732054423,1777948440.0127347,NVIDIA A100-SXM4-40GB,51.2,4.0,30772.0,
3879.959599319,1777948440.2402792,NVIDIA A100-SXM4-40GB,51.15,4.0,30772.0,
3880.186647555,1777948440.4673278,NVIDIA A100-SXM4-40GB,51.15,4.0,30772.0,
3880.413840117,1777948440.6945205,NVIDIA A100-SXM4-40GB,51.2,3.0,30772.0,
3880.64137842,1777948440.9220586,NVIDIA A100-SXM4-40GB,51.47,4.0,30772.0,
3880.868492358,1777948441.1491725,NVIDIA A100-SXM4-40GB,51.42,4.0,30772.0,
3881.096412136,1777948441.3770924,NVIDIA A100-SXM4-40GB,51.2,3.0,30772.0,
3881.323637898,1777948441.6043181,NVIDIA A100-SXM4-40GB,51.47,3.0,30772.0,
3881.550715496,1777948441.8313959,NVIDIA A100-SXM4-40GB,51.47,4.0,30772.0,
3881.777756463,1777948442.0584366,NVIDIA A100-SXM4-40GB,51.42,4.0,30772.0,
3882.005231121,1777948442.285911,NVIDIA A100-SXM4-40GB,51.47,4.0,30772.0,
3882.233450051,1777948442.51413,NVIDIA A100-SXM4-40GB,51.15,4.0,30772.0,
3882.461043575,1777948442.7417235,NVIDIA A100-SXM4-40GB,51.42,3.0,30772.0,
3882.689098079,1777948442.969778,NVIDIA A100-SXM4-40GB,51.2,3.0,30772.0,
3882.9172635,1777948443.197944,NVIDIA A100-SXM4-40GB,51.42,3.0,30772.0,
3883.144026122,1777948443.4247062,NVIDIA A100-SXM4-40GB,51.42,3.0,30772.0,
3883.371212619,1777948443.6518927,NVIDIA A100-SXM4-40GB,51.42,3.0,30772.0,
3883.598393376,1777948443.8790736,NVIDIA A100-SXM4-40GB,51.2,3.0,30772.0,
3883.82585651,1777948444.1065366,NVIDIA A100-SXM4-40GB,51.15,3.0,30772.0,
3884.052733965,1777948444.3334138,NVIDIA A100-SXM4-40GB,51.42,3.0,30772.0,
3884.28010344,1777948444.5607836,NVIDIA A100-SXM4-40GB,51.2,3.0,30772.0,
3884.508044414,1777948444.7887247,NVIDIA A100-SXM4-40GB,51.47,3.0,30772.0,
3884.735578051,1777948445.016258,NVIDIA A100-SXM4-40GB,51.47,3.0,30772.0,
3884.963410851,1777948445.2440908,NVIDIA A100-SXM4-40GB,51.2,3.0,30772.0,
3885.190587283,1777948445.4712677,NVIDIA A100-SXM4-40GB,51.15,3.0,30772.0,
3885.417773918,1777948445.6984544,NVIDIA A100-SXM4-40GB,51.15,3.0,30772.0,
3885.646511005,1777948445.927191,NVIDIA A100-SXM4-40GB,51.47,3.0,30772.0,
3885.873798099,1777948446.1544785,NVIDIA A100-SXM4-40GB,51.47,3.0,30772.0,
3886.101368639,1777948446.3820488,NVIDIA A100-SXM4-40GB,51.47,3.0,30772.0,
3886.334385522,1777948446.6150656,NVIDIA A100-SXM4-40GB,51.69,4.0,30772.0,
3886.561743071,1777948446.8424234,NVIDIA A100-SXM4-40GB,51.42,4.0,30772.0,
3886.790647927,1777948447.0713282,NVIDIA A100-SXM4-40GB,51.47,4.0,30772.0,
3887.018705436,1777948447.2993858,NVIDIA A100-SXM4-40GB,51.47,4.0,30772.0,
3887.24657936,1777948447.5272596,NVIDIA A100-SXM4-40GB,51.42,4.0,30772.0,
3887.476281602,1777948447.7569618,NVIDIA A100-SXM4-40GB,51.47,4.0,30772.0,
3887.703598518,1777948447.9842784,NVIDIA A100-SXM4-40GB,51.47,3.0,30772.0,
3887.931585283,1777948448.2122655,NVIDIA A100-SXM4-40GB,51.42,4.0,30772.0,
3888.159604282,1777948448.4402847,NVIDIA A100-SXM4-40GB,51.47,3.0,30772.0,
3888.387121295,1777948448.6678014,NVIDIA A100-SXM4-40GB,51.47,4.0,30772.0,
3888.615269411,1777948448.8959494,NVIDIA A100-SXM4-40GB,51.42,3.0,30772.0,
3888.843468147,1777948449.1241481,NVIDIA A100-SXM4-40GB,51.47,3.0,30772.0,
3889.071381517,1777948449.3520617,NVIDIA A100-SXM4-40GB,51.47,3.0,30772.0,
3889.299011356,1777948449.5796921,NVIDIA A100-SXM4-40GB,51.42,4.0,30772.0,
3889.527255581,1777948449.807936,NVIDIA A100-SXM4-40GB,51.47,4.0,30772.0,
3889.755396646,1777948450.036077,NVIDIA A100-SXM4-40GB,51.47,3.0,30772.0,
3889.983470361,1777948450.2641504,NVIDIA A100-SXM4-40GB,51.15,4.0,30772.0,
3890.211595048,1777948450.492275,NVIDIA A100-SXM4-40GB,51.42,4.0,30772.0,
3890.439279976,1777948450.71996,NVIDIA A100-SXM4-40GB,51.42,4.0,30772.0,
3890.666594533,1777948450.9472747,NVIDIA A100-SXM4-40GB,51.2,3.0,30772.0,
3890.893955388,1777948451.1746354,NVIDIA A100-SXM4-40GB,51.47,4.0,30772.0,
3891.121278523,1777948451.4019587,NVIDIA A100-SXM4-40GB,51.47,4.0,30772.0,
3891.348028436,1777948451.6287086,NVIDIA A100-SXM4-40GB,51.47,4.0,30772.0,
3891.575561121,1777948451.8562412,NVIDIA A100-SXM4-40GB,51.42,3.0,30772.0,
3891.802758039,1777948452.0834384,NVIDIA A100-SXM4-40GB,51.47,3.0,30772.0,
3892.029931688,1777948452.310612,NVIDIA A100-SXM4-40GB,51.47,4.0,30772.0,
3892.259083442,1777948452.5397637,NVIDIA A100-SXM4-40GB,51.42,3.0,30772.0,
3892.486233983,1777948452.7669141,NVIDIA A100-SXM4-40GB,51.42,3.0,30772.0,
3892.714156928,1777948452.994837,NVIDIA A100-SXM4-40GB,51.47,4.0,30772.0,
3892.942759243,1777948453.2234397,NVIDIA A100-SXM4-40GB,51.42,3.0,30772.0,
3893.170539421,1777948453.4512196,NVIDIA A100-SXM4-40GB,51.42,4.0,30772.0,
3893.415120257,1777948453.6958,NVIDIA A100-SXM4-40GB,51.47,3.0,30772.0,
3893.642745147,1777948453.9234254,NVIDIA A100-SXM4-40GB,51.42,4.0,30772.0,
3893.870943607,1777948454.1516237,NVIDIA A100-SXM4-40GB,51.47,4.0,30772.0,
3894.098350708,1777948454.379031,NVIDIA A100-SXM4-40GB,51.47,3.0,30772.0,
3894.325803482,1777948454.6064835,NVIDIA A100-SXM4-40GB,51.47,3.0,30772.0,
3894.554023315,1777948454.8347037,NVIDIA A100-SXM4-40GB,51.42,4.0,30772.0,
3894.782120094,1777948455.0628002,NVIDIA A100-SXM4-40GB,51.47,4.0,30772.0,
3895.011469439,1777948455.2921495,NVIDIA A100-SXM4-40GB,51.47,3.0,30772.0,
3895.240539831,1777948455.5212202,NVIDIA A100-SXM4-40GB,51.47,4.0,30772.0,
3895.468050203,1777948455.7487304,NVIDIA A100-SXM4-40GB,51.47,3.0,30772.0,
3895.696329413,1777948455.9770098,NVIDIA A100-SXM4-40GB,51.42,4.0,30772.0,
3895.925531804,1777948456.206212,NVIDIA A100-SXM4-40GB,51.47,3.0,30772.0,
3896.152572145,1777948456.4332523,NVIDIA A100-SXM4-40GB,51.47,3.0,30772.0,
3896.380752074,1777948456.6614323,NVIDIA A100-SXM4-40GB,51.47,3.0,30772.0,
3896.607944801,1777948456.888625,NVIDIA A100-SXM4-40GB,51.47,3.0,30772.0,
3896.835137648,1777948457.115818,NVIDIA A100-SXM4-40GB,51.42,3.0,30772.0,
3897.062544199,1777948457.3432243,NVIDIA A100-SXM4-40GB,51.42,3.0,30772.0,
3897.29014503,1777948457.570825,NVIDIA A100-SXM4-40GB,51.42,4.0,30772.0,
3897.518346859,1777948457.7990272,NVIDIA A100-SXM4-40GB,51.47,4.0,30772.0,
3897.746418231,1777948458.0270987,NVIDIA A100-SXM4-40GB,51.42,4.0,30772.0,
3897.974279628,1777948458.2549596,NVIDIA A100-SXM4-40GB,51.47,4.0,30772.0,
3898.201754315,1777948458.4824343,NVIDIA A100-SXM4-40GB,51.42,4.0,30772.0,
3898.429594847,1777948458.7102752,NVIDIA A100-SXM4-40GB,51.42,4.0,30772.0,
3898.657224337,1777948458.9379046,NVIDIA A100-SXM4-40GB,51.47,4.0,30772.0,
3898.884639752,1777948459.1653197,NVIDIA A100-SXM4-40GB,51.47,4.0,30772.0,
3899.112352949,1777948459.393033,NVIDIA A100-SXM4-40GB,51.47,4.0,30772.0,
3899.339832295,1777948459.6205125,NVIDIA A100-SXM4-40GB,51.47,4.0,30772.0,
3899.567129918,1777948459.84781,NVIDIA A100-SXM4-40GB,51.2,3.0,30772.0,
3899.794376475,1777948460.0750566,NVIDIA A100-SXM4-40GB,51.42,3.0,30772.0,
3900.023732427,1777948460.3044124,NVIDIA A100-SXM4-40GB,51.42,3.0,30772.0,
3900.250803619,1777948460.531484,NVIDIA A100-SXM4-40GB,51.42,3.0,30772.0,
3900.479152079,1777948460.7598324,NVIDIA A100-SXM4-40GB,51.47,3.0,30772.0,
3900.707174157,1777948460.987854,NVIDIA A100-SXM4-40GB,51.42,3.0,30772.0,
3900.934326897,1777948461.2150073,NVIDIA A100-SXM4-40GB,51.47,4.0,30772.0,
3901.162467369,1777948461.4431474,NVIDIA A100-SXM4-40GB,51.47,4.0,30772.0,
3901.391608271,1777948461.6722884,NVIDIA A100-SXM4-40GB,51.47,4.0,30772.0,
3901.618750285,1777948461.89943,NVIDIA A100-SXM4-40GB,51.47,4.0,30772.0,
3901.84754104,1777948462.128221,NVIDIA A100-SXM4-40GB,51.47,4.0,30772.0,
3902.076186937,1777948462.356867,NVIDIA A100-SXM4-40GB,51.2,4.0,30772.0,
3902.303750372,1777948462.5844307,NVIDIA A100-SXM4-40GB,51.42,3.0,30772.0,
3902.531602809,1777948462.8122828,NVIDIA A100-SXM4-40GB,51.42,3.0,30772.0,
3902.760677268,1777948463.0413575,NVIDIA A100-SXM4-40GB,51.47,3.0,30772.0,
3902.988199362,1777948463.2688797,NVIDIA A100-SXM4-40GB,51.47,3.0,30772.0,
3903.217172273,1777948463.4978523,NVIDIA A100-SXM4-40GB,51.42,3.0,30772.0,
3903.444157659,1777948463.7248375,NVIDIA A100-SXM4-40GB,51.47,3.0,30772.0,
3903.67207129,1777948463.9527519,NVIDIA A100-SXM4-40GB,51.47,3.0,30772.0,
3903.899830159,1777948464.1805105,NVIDIA A100-SXM4-40GB,51.47,3.0,30772.0,
3904.126606028,1777948464.4072862,NVIDIA A100-SXM4-40GB,51.42,3.0,30772.0,
3904.353591262,1777948464.6342711,NVIDIA A100-SXM4-40GB,51.47,3.0,30772.0,
3904.580854795,1777948464.861535,NVIDIA A100-SXM4-40GB,51.2,3.0,30772.0,
3904.8084588,1777948465.0891387,NVIDIA A100-SXM4-40GB,51.15,3.0,30772.0,
3905.035309277,1777948465.3159895,NVIDIA A100-SXM4-40GB,51.2,3.0,30772.0,
3905.264213538,1777948465.544894,NVIDIA A100-SXM4-40GB,51.2,4.0,30772.0,
3905.494395816,1777948465.7750762,NVIDIA A100-SXM4-40GB,51.15,4.0,30772.0,
3905.721232689,1777948466.0019133,NVIDIA A100-SXM4-40GB,51.2,3.0,30772.0,
3905.949231537,1777948466.2299118,NVIDIA A100-SXM4-40GB,51.2,3.0,30772.0,
3906.177652399,1777948466.4583323,NVIDIA A100-SXM4-40GB,51.2,3.0,30772.0,
3906.404322306,1777948466.6850026,NVIDIA A100-SXM4-40GB,51.2,4.0,30772.0,
3906.632345204,1777948466.9130254,NVIDIA A100-SXM4-40GB,51.47,4.0,30772.0,
3906.862273811,1777948467.1429536,NVIDIA A100-SXM4-40GB,51.2,4.0,30772.0,
3907.090779417,1777948467.3714595,NVIDIA A100-SXM4-40GB,51.2,3.0,30772.0,
3907.317943198,1777948467.5986238,NVIDIA A100-SXM4-40GB,51.2,3.0,30772.0,
3907.545836699,1777948467.826517,NVIDIA A100-SXM4-40GB,51.15,3.0,30772.0,
3907.772982025,1777948468.053662,NVIDIA A100-SXM4-40GB,51.2,4.0,30772.0,
3908.000167241,1777948468.2808473,NVIDIA A100-SXM4-40GB,51.2,3.0,30772.0,
3908.229531016,1777948468.5102112,NVIDIA A100-SXM4-40GB,51.2,3.0,30772.0,
3908.457341652,1777948468.7380216,NVIDIA A100-SXM4-40GB,51.2,3.0,30772.0,
3908.683901492,1777948468.964582,NVIDIA A100-SXM4-40GB,51.2,3.0,30772.0,
3908.912040003,1777948469.1927202,NVIDIA A100-SXM4-40GB,51.2,3.0,30772.0,
3909.138837675,1777948469.419518,NVIDIA A100-SXM4-40GB,51.15,4.0,30772.0,
3909.365875526,1777948469.6465557,NVIDIA A100-SXM4-40GB,51.47,4.0,30772.0,
3909.594105763,1777948469.874786,NVIDIA A100-SXM4-40GB,51.15,4.0,30772.0,
3909.820992167,1777948470.1016722,NVIDIA A100-SXM4-40GB,51.47,4.0,30772.0,
3910.047804254,1777948470.328484,NVIDIA A100-SXM4-40GB,51.2,4.0,30772.0,
3910.274824224,1777948470.555504,NVIDIA A100-SXM4-40GB,51.2,4.0,30772.0,
3910.501925301,1777948470.7826054,NVIDIA A100-SXM4-40GB,51.2,3.0,30772.0,
3910.729215458,1777948471.0098956,NVIDIA A100-SXM4-40GB,51.2,3.0,30772.0,
3910.956736161,1777948471.2374165,NVIDIA A100-SXM4-40GB,51.47,3.0,30772.0,
3911.184071207,1777948471.4647512,NVIDIA A100-SXM4-40GB,51.2,4.0,30772.0,
3911.411056298,1777948471.6917365,NVIDIA A100-SXM4-40GB,51.2,3.0,30772.0,
3911.63833853,1777948471.9190185,NVIDIA A100-SXM4-40GB,51.2,4.0,30772.0,
3911.866416174,1777948472.1470964,NVIDIA A100-SXM4-40GB,51.2,3.0,30772.0,
3912.093471945,1777948472.374152,NVIDIA A100-SXM4-40GB,51.2,3.0,30772.0,
3912.321253852,1777948472.6019342,NVIDIA A100-SXM4-40GB,51.2,3.0,30772.0,
3912.548754575,1777948472.8294349,NVIDIA A100-SXM4-40GB,51.15,3.0,30772.0,
3912.776886083,1777948473.0575666,NVIDIA A100-SXM4-40GB,51.2,4.0,30772.0,
3913.004058175,1777948473.2847383,NVIDIA A100-SXM4-40GB,51.47,4.0,30772.0,
3913.231981928,1777948473.512662,NVIDIA A100-SXM4-40GB,51.2,4.0,30772.0,
3913.4591794,1777948473.73986,NVIDIA A100-SXM4-40GB,51.47,4.0,30772.0,
3913.686267412,1777948473.9669476,NVIDIA A100-SXM4-40GB,51.2,4.0,30772.0,
3913.913420996,1777948474.1941013,NVIDIA A100-SXM4-40GB,51.2,4.0,30772.0,
3914.141554493,1777948474.4222353,NVIDIA A100-SXM4-40GB,51.2,3.0,30772.0,
3914.369026783,1777948474.649707,NVIDIA A100-SXM4-40GB,51.2,3.0,30772.0,
3914.59720306,1777948474.8778832,NVIDIA A100-SXM4-40GB,51.2,3.0,30772.0,
3914.825109846,1777948475.10579,NVIDIA A100-SXM4-40GB,51.2,3.0,30772.0,
3915.052587586,1777948475.3332677,NVIDIA A100-SXM4-40GB,51.2,4.0,30772.0,
3915.280259075,1777948475.560939,NVIDIA A100-SXM4-40GB,51.47,3.0,30772.0,
3915.508427312,1777948475.7891076,NVIDIA A100-SXM4-40GB,51.47,4.0,30772.0,
3915.736148298,1777948476.0168288,NVIDIA A100-SXM4-40GB,51.47,4.0,30772.0,
3915.963988359,1777948476.2446687,NVIDIA A100-SXM4-40GB,51.42,4.0,30772.0,
3916.19211488,1777948476.4727948,NVIDIA A100-SXM4-40GB,51.15,3.0,30772.0,
3916.419517812,1777948476.7001982,NVIDIA A100-SXM4-40GB,51.2,4.0,30772.0,
3916.648176419,1777948476.9288564,NVIDIA A100-SXM4-40GB,51.2,3.0,30772.0,
3916.875892822,1777948477.1565728,NVIDIA A100-SXM4-40GB,51.2,3.0,30772.0,
3917.103176924,1777948477.3838573,NVIDIA A100-SXM4-40GB,51.2,4.0,30772.0,
3917.330392773,1777948477.611073,NVIDIA A100-SXM4-40GB,51.2,4.0,30772.0,
3917.559382587,1777948477.840063,NVIDIA A100-SXM4-40GB,51.2,3.0,30772.0,
3917.786807376,1777948478.0674875,NVIDIA A100-SXM4-40GB,51.2,3.0,30772.0,
3918.014494036,1777948478.295174,NVIDIA A100-SXM4-40GB,51.2,3.0,30772.0,
3918.244584334,1777948478.525265,NVIDIA A100-SXM4-40GB,51.2,3.0,30772.0,
3918.472507111,1777948478.7531872,NVIDIA A100-SXM4-40GB,51.2,3.0,30772.0,
3918.699886012,1777948478.9805775,NVIDIA A100-SXM4-40GB,51.2,3.0,30772.0,
3918.929797773,1777948479.210478,NVIDIA A100-SXM4-40GB,51.2,3.0,30772.0,
3919.158049775,1777948479.43873,NVIDIA A100-SXM4-40GB,51.2,3.0,30772.0,
3919.385814977,1777948479.6664953,NVIDIA A100-SXM4-40GB,51.2,3.0,30772.0,
3919.614642774,1777948479.895323,NVIDIA A100-SXM4-40GB,51.2,3.0,30772.0,
3919.842801386,1777948480.1234815,NVIDIA A100-SXM4-40GB,51.2,3.0,30772.0,
3920.071474726,1777948480.352155,NVIDIA A100-SXM4-40GB,51.2,3.0,30772.0,
3920.298611797,1777948480.5792918,NVIDIA A100-SXM4-40GB,51.2,3.0,30772.0,
3920.526217827,1777948480.8068979,NVIDIA A100-SXM4-40GB,51.2,3.0,30772.0,
3920.753668589,1777948481.0343485,NVIDIA A100-SXM4-40GB,51.2,3.0,30772.0,
3920.981669521,1777948481.2623494,NVIDIA A100-SXM4-40GB,51.15,3.0,30772.0,
3921.208904993,1777948481.4895852,NVIDIA A100-SXM4-40GB,51.47,3.0,30772.0,
3921.436585112,1777948481.7172654,NVIDIA A100-SXM4-40GB,51.2,3.0,30772.0,
3921.664356786,1777948481.9450371,NVIDIA A100-SXM4-40GB,51.2,3.0,30772.0,
3921.892602247,1777948482.1732826,NVIDIA A100-SXM4-40GB,51.2,3.0,30772.0,
3922.120075121,1777948482.4007552,NVIDIA A100-SXM4-40GB,51.2,3.0,30772.0,
3922.347640142,1777948482.62832,NVIDIA A100-SXM4-40GB,51.2,3.0,30772.0,
3922.576033001,1777948482.8567133,NVIDIA A100-SXM4-40GB,51.2,3.0,30772.0,
3922.804689314,1777948483.0853693,NVIDIA A100-SXM4-40GB,51.2,3.0,30772.0,
3923.03167436,1777948483.3123548,NVIDIA A100-SXM4-40GB,51.2,3.0,30772.0,
3923.259335322,1777948483.5400155,NVIDIA A100-SXM4-40GB,51.15,4.0,30772.0,
3923.486478247,1777948483.7671583,NVIDIA A100-SXM4-40GB,51.2,3.0,30772.0,
3923.713748117,1777948483.9944282,NVIDIA A100-SXM4-40GB,51.15,3.0,30772.0,
3923.941272166,1777948484.2219522,NVIDIA A100-SXM4-40GB,51.15,3.0,30772.0,
3924.168592084,1777948484.4492722,NVIDIA A100-SXM4-40GB,51.47,3.0,30772.0,
3924.396765864,1777948484.677446,NVIDIA A100-SXM4-40GB,51.2,4.0,30772.0,
3924.623485561,1777948484.904166,NVIDIA A100-SXM4-40GB,51.2,3.0,30772.0,
3924.851399495,1777948485.1320796,NVIDIA A100-SXM4-40GB,51.2,3.0,30772.0,
3925.080555687,1777948485.3612359,NVIDIA A100-SXM4-40GB,51.15,3.0,30772.0,
3925.308187748,1777948485.588868,NVIDIA A100-SXM4-40GB,51.47,3.0,30772.0,
3925.535551115,1777948485.8162313,NVIDIA A100-SXM4-40GB,51.2,3.0,30772.0,
3925.765239677,1777948486.04592,NVIDIA A100-SXM4-40GB,51.2,3.0,30772.0,
3925.992229315,1777948486.2729094,NVIDIA A100-SXM4-40GB,51.2,3.0,30772.0,
3926.219985429,1777948486.5006657,NVIDIA A100-SXM4-40GB,51.2,3.0,30772.0,
3926.450458651,1777948486.7311385,NVIDIA A100-SXM4-40GB,51.15,3.0,30772.0,
3926.678539817,1777948486.95922,NVIDIA A100-SXM4-40GB,51.15,3.0,30772.0,
3926.905506743,1777948487.1861868,NVIDIA A100-SXM4-40GB,51.2,3.0,30772.0,
3927.134647089,1777948487.4153273,NVIDIA A100-SXM4-40GB,51.2,3.0,30772.0,
3927.362607403,1777948487.6432872,NVIDIA A100-SXM4-40GB,51.42,4.0,30772.0,
3927.589827147,1777948487.8705075,NVIDIA A100-SXM4-40GB,51.47,4.0,30772.0,
3927.817257135,1777948488.097937,NVIDIA A100-SXM4-40GB,51.15,3.0,30772.0,
3928.044398505,1777948488.3250785,NVIDIA A100-SXM4-40GB,51.47,3.0,30772.0,
3928.273128547,1777948488.5538087,NVIDIA A100-SXM4-40GB,51.2,3.0,30772.0,
3928.50006387,1777948488.780744,NVIDIA A100-SXM4-40GB,51.2,3.0,30772.0,
3928.726858484,1777948489.0075383,NVIDIA A100-SXM4-40GB,51.2,4.0,30772.0,
3928.954838921,1777948489.2355192,NVIDIA A100-SXM4-40GB,51.2,3.0,30772.0,
3929.181893156,1777948489.4625733,NVIDIA A100-SXM4-40GB,51.47,3.0,30772.0,
3929.409620915,1777948489.6903014,NVIDIA A100-SXM4-40GB,51.2,4.0,30772.0,
3929.637048271,1777948489.9177282,NVIDIA A100-SXM4-40GB,51.47,3.0,30772.0,
3929.86564103,1777948490.146321,NVIDIA A100-SXM4-40GB,51.47,3.0,30772.0,
3930.093890463,1777948490.3745706,NVIDIA A100-SXM4-40GB,51.15,3.0,30772.0,
3930.322371834,1777948490.6030517,NVIDIA A100-SXM4-40GB,51.2,3.0,30772.0,
3930.550009855,1777948490.83069,NVIDIA A100-SXM4-40GB,51.47,3.0,30772.0,
3930.776868882,1777948491.0575488,NVIDIA A100-SXM4-40GB,51.2,4.0,30772.0,
3931.003992252,1777948491.2846727,NVIDIA A100-SXM4-40GB,51.47,3.0,30772.0,
3931.232829298,1777948491.513509,NVIDIA A100-SXM4-40GB,51.2,3.0,30772.0,
3931.460491958,1777948491.741172,NVIDIA A100-SXM4-40GB,51.15,3.0,30772.0,
3931.688103811,1777948491.9687839,NVIDIA A100-SXM4-40GB,51.2,3.0,30772.0,
3931.917228154,1777948492.1979082,NVIDIA A100-SXM4-40GB,51.2,3.0,30772.0,
3932.144409951,1777948492.4250906,NVIDIA A100-SXM4-40GB,51.15,3.0,30772.0,
3932.37134998,1777948492.6520302,NVIDIA A100-SXM4-40GB,51.47,3.0,30772.0,
3932.599900397,1777948492.8805804,NVIDIA A100-SXM4-40GB,51.2,4.0,30772.0,
3932.829159256,1777948493.1098397,NVIDIA A100-SXM4-40GB,51.15,3.0,30772.0,
3933.056943206,1777948493.3376236,NVIDIA A100-SXM4-40GB,51.2,3.0,30772.0,
3933.283931874,1777948493.5646122,NVIDIA A100-SXM4-40GB,51.2,3.0,30772.0,
3933.510992228,1777948493.791672,NVIDIA A100-SXM4-40GB,51.2,3.0,30772.0,
3933.738437524,1777948494.019118,NVIDIA A100-SXM4-40GB,51.2,3.0,30772.0,
3933.967307772,1777948494.247988,NVIDIA A100-SXM4-40GB,51.2,4.0,30772.0,
3934.194452248,1777948494.4751325,NVIDIA A100-SXM4-40GB,51.15,4.0,30772.0,
3934.421821678,1777948494.7025018,NVIDIA A100-SXM4-40GB,51.2,3.0,30772.0,
3934.650498245,1777948494.9311783,NVIDIA A100-SXM4-40GB,51.2,4.0,30772.0,
3934.877603078,1777948495.1582832,NVIDIA A100-SXM4-40GB,51.42,4.0,30772.0,
3935.104852208,1777948495.3855324,NVIDIA A100-SXM4-40GB,51.47,4.0,30772.0,
3935.332255158,1777948495.6129355,NVIDIA A100-SXM4-40GB,51.2,4.0,30772.0,
3935.559069325,1777948495.8397493,NVIDIA A100-SXM4-40GB,51.2,4.0,30772.0,
3935.785738238,1777948496.0664182,NVIDIA A100-SXM4-40GB,51.47,4.0,30772.0,
3936.013075023,1777948496.293755,NVIDIA A100-SXM4-40GB,51.2,4.0,30772.0,
3936.239547226,1777948496.5202274,NVIDIA A100-SXM4-40GB,51.2,4.0,30772.0,
3936.466667613,1777948496.7473476,NVIDIA A100-SXM4-40GB,51.2,4.0,30772.0,
3936.694585614,1777948496.9752655,NVIDIA A100-SXM4-40GB,51.47,4.0,30772.0,
3936.923905577,1777948497.204586,NVIDIA A100-SXM4-40GB,51.15,3.0,30772.0,
3937.151447088,1777948497.432127,NVIDIA A100-SXM4-40GB,51.2,3.0,30772.0,
3937.378415226,1777948497.659095,NVIDIA A100-SXM4-40GB,51.2,4.0,30772.0,
3937.607541565,1777948497.888222,NVIDIA A100-SXM4-40GB,51.2,4.0,30772.0,
3937.834120675,1777948498.114801,NVIDIA A100-SXM4-40GB,51.2,3.0,30772.0,
3938.061023125,1777948498.341703,NVIDIA A100-SXM4-40GB,51.2,4.0,30772.0,
3938.288499646,1777948498.5691795,NVIDIA A100-SXM4-40GB,51.2,3.0,30772.0,
3938.515850136,1777948498.7965302,NVIDIA A100-SXM4-40GB,51.2,4.0,30772.0,
3938.742940395,1777948499.0236204,NVIDIA A100-SXM4-40GB,51.2,4.0,30772.0,
3938.970326937,1777948499.251007,NVIDIA A100-SXM4-40GB,51.47,3.0,30772.0,
3939.198154104,1777948499.4788342,NVIDIA A100-SXM4-40GB,51.42,3.0,30772.0,
3939.426482803,1777948499.707163,NVIDIA A100-SXM4-40GB,51.2,3.0,30772.0,
3939.653219293,1777948499.9338994,NVIDIA A100-SXM4-40GB,51.2,3.0,30772.0,
3939.880056674,1777948500.1607368,NVIDIA A100-SXM4-40GB,51.2,3.0,30772.0,
3940.106722534,1777948500.3874025,NVIDIA A100-SXM4-40GB,51.47,3.0,30772.0,
3940.333354364,1777948500.6140344,NVIDIA A100-SXM4-40GB,51.2,3.0,30772.0,
3940.560842137,1777948500.8415222,NVIDIA A100-SXM4-40GB,51.2,3.0,30772.0,
3940.789595652,1777948501.0702758,NVIDIA A100-SXM4-40GB,51.2,4.0,30772.0,
3941.016851997,1777948501.297532,NVIDIA A100-SXM4-40GB,51.15,3.0,30772.0,
3941.244407169,1777948501.525087,NVIDIA A100-SXM4-40GB,51.2,3.0,30772.0,
3941.471367659,1777948501.7520475,NVIDIA A100-SXM4-40GB,51.47,3.0,30772.0,
3941.697882984,1777948501.978563,NVIDIA A100-SXM4-40GB,51.47,4.0,30772.0,
3941.925058733,1777948502.205739,NVIDIA A100-SXM4-40GB,51.2,4.0,30772.0,
3942.153639641,1777948502.43432,NVIDIA A100-SXM4-40GB,51.2,3.0,30772.0,
3942.381998786,1777948502.6626863,NVIDIA A100-SXM4-40GB,51.2,3.0,30772.0,
3942.608899717,1777948502.8895798,NVIDIA A100-SXM4-40GB,51.2,3.0,30772.0,
3942.836156516,1777948503.1168365,NVIDIA A100-SXM4-40GB,51.2,3.0,30772.0,
3943.063373736,1777948503.3440537,NVIDIA A100-SXM4-40GB,51.2,3.0,30772.0,
3943.29194172,1777948503.5726218,NVIDIA A100-SXM4-40GB,51.2,3.0,30772.0,
3943.519741266,1777948503.8004217,NVIDIA A100-SXM4-40GB,51.74,3.0,30772.0,
3943.748751158,1777948504.0294316,NVIDIA A100-SXM4-40GB,51.42,3.0,30772.0,
3943.977382981,1777948504.258063,NVIDIA A100-SXM4-40GB,51.47,4.0,30772.0,
3944.20485482,1777948504.485535,NVIDIA A100-SXM4-40GB,51.2,3.0,30772.0,
3944.431421022,1777948504.7121012,NVIDIA A100-SXM4-40GB,51.47,3.0,30772.0,
3944.658953287,1777948504.9396331,NVIDIA A100-SXM4-40GB,51.2,3.0,30772.0,
3944.887109183,1777948505.1677892,NVIDIA A100-SXM4-40GB,51.47,4.0,30772.0,
3945.114254239,1777948505.3949344,NVIDIA A100-SXM4-40GB,51.47,4.0,30772.0,
3945.341353754,1777948505.6220338,NVIDIA A100-SXM4-40GB,51.2,4.0,30772.0,
3945.569543181,1777948505.8502238,NVIDIA A100-SXM4-40GB,51.42,3.0,30772.0,
3945.7962557,1777948506.0769358,NVIDIA A100-SXM4-40GB,51.47,3.0,30772.0,
3946.023543672,1777948506.3042235,NVIDIA A100-SXM4-40GB,51.2,3.0,30772.0,
3946.250833198,1777948506.5315137,NVIDIA A100-SXM4-40GB,51.2,3.0,30772.0,
3946.477963093,1777948506.7586432,NVIDIA A100-SXM4-40GB,51.15,3.0,30772.0,
3946.705278662,1777948506.9859588,NVIDIA A100-SXM4-40GB,51.2,3.0,30772.0,
3946.932709062,1777948507.2133892,NVIDIA A100-SXM4-40GB,51.2,3.0,30772.0,
3947.159703195,1777948507.4403832,NVIDIA A100-SXM4-40GB,51.2,3.0,30772.0,
3947.386800442,1777948507.6674802,NVIDIA A100-SXM4-40GB,51.47,3.0,30772.0,
3947.613758181,1777948507.894438,NVIDIA A100-SXM4-40GB,51.47,3.0,30772.0,
3947.8415834,1777948508.1222632,NVIDIA A100-SXM4-40GB,51.2,3.0,30772.0,
3948.069291921,1777948508.3499722,NVIDIA A100-SXM4-40GB,51.2,3.0,30772.0,
3948.297112939,1777948508.5777934,NVIDIA A100-SXM4-40GB,51.47,3.0,30772.0,
3948.524459519,1777948508.8051398,NVIDIA A100-SXM4-40GB,51.47,3.0,30772.0,
3948.751590938,1777948509.032271,NVIDIA A100-SXM4-40GB,51.47,3.0,30772.0,
3948.978581413,1777948509.2592616,NVIDIA A100-SXM4-40GB,51.42,3.0,30772.0,
3949.20570958,1777948509.4863894,NVIDIA A100-SXM4-40GB,51.15,3.0,30772.0,
3949.432575082,1777948509.7132554,NVIDIA A100-SXM4-40GB,51.47,3.0,30772.0,
3949.661297307,1777948509.9419775,NVIDIA A100-SXM4-40GB,51.42,4.0,30772.0,
3949.888610619,1777948510.1692908,NVIDIA A100-SXM4-40GB,51.47,4.0,30772.0,
3950.116305089,1777948510.396985,NVIDIA A100-SXM4-40GB,51.47,4.0,30772.0,
3950.343613366,1777948510.6242933,NVIDIA A100-SXM4-40GB,51.47,4.0,30772.0,
3950.571065255,1777948510.8517454,NVIDIA A100-SXM4-40GB,51.2,3.0,30772.0,
3950.80079792,1777948511.0814779,NVIDIA A100-SXM4-40GB,51.2,3.0,30772.0,
3951.028084471,1777948511.308765,NVIDIA A100-SXM4-40GB,51.42,3.0,30772.0,
3951.256471803,1777948511.537152,NVIDIA A100-SXM4-40GB,51.47,4.0,30772.0,
3951.483550707,1777948511.7642312,NVIDIA A100-SXM4-40GB,51.42,4.0,30772.0,
3951.711548345,1777948511.9922287,NVIDIA A100-SXM4-40GB,51.15,4.0,30772.0,
3951.938772187,1777948512.2194521,NVIDIA A100-SXM4-40GB,51.47,4.0,30772.0,
3952.168839137,1777948512.4495194,NVIDIA A100-SXM4-40GB,51.47,4.0,30772.0,
3952.39578122,1777948512.6764612,NVIDIA A100-SXM4-40GB,51.15,3.0,30772.0,
3952.622128295,1777948512.9028087,NVIDIA A100-SXM4-40GB,51.47,3.0,30772.0,
3952.849492509,1777948513.1301727,NVIDIA A100-SXM4-40GB,51.47,3.0,30772.0,
3953.077147728,1777948513.357828,NVIDIA A100-SXM4-40GB,51.47,3.0,30772.0,
3953.304435316,1777948513.5851157,NVIDIA A100-SXM4-40GB,51.2,3.0,30772.0,
3953.532151175,1777948513.8128312,NVIDIA A100-SXM4-40GB,51.2,3.0,30772.0,
3953.760946426,1777948514.0416267,NVIDIA A100-SXM4-40GB,51.47,3.0,30772.0,
3953.988220313,1777948514.2689006,NVIDIA A100-SXM4-40GB,51.2,3.0,30772.0,
3954.217182658,1777948514.4978626,NVIDIA A100-SXM4-40GB,51.47,3.0,30772.0,
3954.444391484,1777948514.7250717,NVIDIA A100-SXM4-40GB,51.15,3.0,30772.0,
3954.670756026,1777948514.951436,NVIDIA A100-SXM4-40GB,51.2,3.0,30772.0,
3954.896582931,1777948515.177263,NVIDIA A100-SXM4-40GB,51.47,3.0,30772.0,
3955.124659329,1777948515.4053397,NVIDIA A100-SXM4-40GB,51.2,3.0,30772.0,
3955.351966474,1777948515.6326466,NVIDIA A100-SXM4-40GB,51.47,3.0,30772.0,
3955.578798802,1777948515.859479,NVIDIA A100-SXM4-40GB,51.47,3.0,30772.0,
3955.805976832,1777948516.086657,NVIDIA A100-SXM4-40GB,51.2,3.0,30772.0,
3956.033605288,1777948516.3142853,NVIDIA A100-SXM4-40GB,51.47,3.0,30772.0,
3956.260633564,1777948516.5413136,NVIDIA A100-SXM4-40GB,51.47,3.0,30772.0,
3956.487754759,1777948516.7684348,NVIDIA A100-SXM4-40GB,51.42,3.0,30772.0,
3956.715503733,1777948516.996184,NVIDIA A100-SXM4-40GB,51.47,3.0,30772.0,
3956.943025493,1777948517.2237055,NVIDIA A100-SXM4-40GB,51.47,4.0,30772.0,
3957.169387776,1777948517.450068,NVIDIA A100-SXM4-40GB,51.47,3.0,30772.0,
3957.397198698,1777948517.6778786,NVIDIA A100-SXM4-40GB,51.47,4.0,30772.0,
3957.624775099,1777948517.9054554,NVIDIA A100-SXM4-40GB,51.47,4.0,30772.0,
3957.85223673,1777948518.1329167,NVIDIA A100-SXM4-40GB,51.2,3.0,30772.0,
3958.080875775,1777948518.361556,NVIDIA A100-SXM4-40GB,51.47,3.0,30772.0,
3958.308324745,1777948518.5890048,NVIDIA A100-SXM4-40GB,51.2,3.0,30772.0,
3958.535268571,1777948518.8159487,NVIDIA A100-SXM4-40GB,51.2,3.0,30772.0,
3958.763210123,1777948519.0438902,NVIDIA A100-SXM4-40GB,51.47,4.0,30772.0,
3958.990959086,1777948519.2716393,NVIDIA A100-SXM4-40GB,51.47,3.0,30772.0,
3959.218890451,1777948519.4995706,NVIDIA A100-SXM4-40GB,51.47,3.0,30772.0,
3959.446755718,1777948519.7274358,NVIDIA A100-SXM4-40GB,51.42,3.0,30772.0,
3959.673845337,1777948519.9545255,NVIDIA A100-SXM4-40GB,51.47,3.0,30772.0,
3959.901437157,1777948520.1821175,NVIDIA A100-SXM4-40GB,51.2,3.0,30772.0,
3960.129042049,1777948520.4097226,NVIDIA A100-SXM4-40GB,51.42,3.0,30772.0,
3960.355841717,1777948520.636522,NVIDIA A100-SXM4-40GB,51.42,4.0,30772.0,
3960.582694795,1777948520.8633752,NVIDIA A100-SXM4-40GB,51.42,4.0,30772.0,
3960.810026885,1777948521.0907068,NVIDIA A100-SXM4-40GB,51.42,4.0,30772.0,
3961.0377916,1777948521.3184717,NVIDIA A100-SXM4-40GB,51.2,3.0,30772.0,
3961.265116433,1777948521.5457966,NVIDIA A100-SXM4-40GB,51.47,4.0,30772.0,
3961.49240925,1777948521.7730892,NVIDIA A100-SXM4-40GB,51.47,3.0,30772.0,
3961.71992747,1777948522.0006075,NVIDIA A100-SXM4-40GB,51.47,4.0,30772.0,
3961.946662784,1777948522.2273428,NVIDIA A100-SXM4-40GB,51.47,3.0,30772.0,
3962.173688082,1777948522.4543684,NVIDIA A100-SXM4-40GB,51.47,4.0,30772.0,
3962.400781625,1777948522.6814618,NVIDIA A100-SXM4-40GB,51.47,3.0,30772.0,
3962.628075757,1777948522.908756,NVIDIA A100-SXM4-40GB,51.47,3.0,30772.0,
3962.854769064,1777948523.1354492,NVIDIA A100-SXM4-40GB,51.47,3.0,30772.0,
3963.083794128,1777948523.3644743,NVIDIA A100-SXM4-40GB,51.47,4.0,30772.0,
3963.311039265,1777948523.5917194,NVIDIA A100-SXM4-40GB,51.47,4.0,30772.0,
3963.538270658,1777948523.8189507,NVIDIA A100-SXM4-40GB,51.47,3.0,30772.0,
3963.766594902,1777948524.047275,NVIDIA A100-SXM4-40GB,51.47,3.0,30772.0,
3963.995227996,1777948524.2759085,NVIDIA A100-SXM4-40GB,51.47,3.0,30772.0,
3964.223553364,1777948524.5042338,NVIDIA A100-SXM4-40GB,51.47,4.0,30772.0,
3964.450279958,1777948524.7309601,NVIDIA A100-SXM4-40GB,51.47,4.0,30772.0,
3964.679661129,1777948524.9603412,NVIDIA A100-SXM4-40GB,51.47,3.0,30772.0,
3964.907670688,1777948525.1883507,NVIDIA A100-SXM4-40GB,51.47,4.0,30772.0,
3965.136062341,1777948525.4167423,NVIDIA A100-SXM4-40GB,51.74,3.0,30772.0,
3965.364093318,1777948525.6447737,NVIDIA A100-SXM4-40GB,51.47,3.0,30772.0,
3965.59124288,1777948525.871923,NVIDIA A100-SXM4-40GB,51.42,3.0,30772.0,
3965.81837055,1777948526.0990508,NVIDIA A100-SXM4-40GB,51.47,3.0,30772.0,
3966.046996317,1777948526.3276765,NVIDIA A100-SXM4-40GB,51.47,3.0,30772.0,
3966.275303501,1777948526.5559835,NVIDIA A100-SXM4-40GB,51.42,3.0,30772.0,
3966.503932834,1777948526.784613,NVIDIA A100-SXM4-40GB,51.47,3.0,30772.0,
3966.731213088,1777948527.0118933,NVIDIA A100-SXM4-40GB,51.47,3.0,30772.0,
3966.959418497,1777948527.2400985,NVIDIA A100-SXM4-40GB,51.42,3.0,30772.0,
3967.187124142,1777948527.4678042,NVIDIA A100-SXM4-40GB,51.47,3.0,30772.0,
3967.414443025,1777948527.695123,NVIDIA A100-SXM4-40GB,51.2,4.0,30772.0,
3967.641259168,1777948527.9219391,NVIDIA A100-SXM4-40GB,51.47,3.0,30772.0,
3967.868239198,1777948528.1489193,NVIDIA A100-SXM4-40GB,51.47,4.0,30772.0,
3968.098076452,1777948528.3787565,NVIDIA A100-SXM4-40GB,51.47,4.0,30772.0,
3968.325440589,1777948528.6061203,NVIDIA A100-SXM4-40GB,51.47,4.0,30772.0,
3968.55254151,1777948528.8332214,NVIDIA A100-SXM4-40GB,52.07,4.0,30772.0,
3968.783041783,1777948529.063722,NVIDIA A100-SXM4-40GB,51.47,4.0,30772.0,
3969.010666866,1777948529.291347,NVIDIA A100-SXM4-40GB,51.47,4.0,30772.0,
3969.23865299,1777948529.5193331,NVIDIA A100-SXM4-40GB,51.42,4.0,30772.0,
3969.464998168,1777948529.7456875,NVIDIA A100-SXM4-40GB,51.47,3.0,30772.0,
3969.69225249,1777948529.9729323,NVIDIA A100-SXM4-40GB,51.47,4.0,30772.0,
3969.919397286,1777948530.2000773,NVIDIA A100-SXM4-40GB,51.47,3.0,30772.0,
3970.14672827,1777948530.4274082,NVIDIA A100-SXM4-40GB,51.47,4.0,30772.0,
3970.373655703,1777948530.654336,NVIDIA A100-SXM4-40GB,51.47,4.0,30772.0,
3970.600648519,1777948530.8813283,NVIDIA A100-SXM4-40GB,51.47,3.0,30772.0,
3970.828121207,1777948531.1088016,NVIDIA A100-SXM4-40GB,51.42,3.0,30772.0,
3971.055598751,1777948531.3362787,NVIDIA A100-SXM4-40GB,51.42,4.0,30772.0,
3971.283272953,1777948531.563953,NVIDIA A100-SXM4-40GB,51.47,4.0,30772.0,
3971.511528468,1777948531.7922087,NVIDIA A100-SXM4-40GB,51.2,4.0,30772.0,
3971.738328788,1777948532.019009,NVIDIA A100-SXM4-40GB,51.2,3.0,30772.0,
3971.965618081,1777948532.246298,NVIDIA A100-SXM4-40GB,51.2,3.0,30772.0,
3972.193556206,1777948532.4742362,NVIDIA A100-SXM4-40GB,51.2,4.0,30772.0,
3972.422680218,1777948532.7033608,NVIDIA A100-SXM4-40GB,51.2,4.0,30772.0,
3972.649975011,1777948532.9306552,NVIDIA A100-SXM4-40GB,51.2,4.0,30772.0,
3972.87715778,1777948533.157838,NVIDIA A100-SXM4-40GB,51.47,3.0,30772.0,
3973.107878482,1777948533.3885586,NVIDIA A100-SXM4-40GB,51.2,3.0,30772.0,
3973.334978828,1777948533.615659,NVIDIA A100-SXM4-40GB,51.2,3.0,30772.0,
3973.562631383,1777948533.8433115,NVIDIA A100-SXM4-40GB,51.2,3.0,30772.0,
3973.7903199,1777948534.071,NVIDIA A100-SXM4-40GB,51.2,3.0,30772.0,
3974.01821058,1777948534.2988906,NVIDIA A100-SXM4-40GB,51.2,3.0,30772.0,
3974.245782346,1777948534.5264626,NVIDIA A100-SXM4-40GB,51.2,3.0,30772.0,
3974.473233222,1777948534.7539134,NVIDIA A100-SXM4-40GB,51.2,3.0,30772.0,
3974.700175621,1777948534.9808557,NVIDIA A100-SXM4-40GB,51.15,4.0,30772.0,
3974.927695073,1777948535.208375,NVIDIA A100-SXM4-40GB,51.2,3.0,30772.0,
3975.157257111,1777948535.4379373,NVIDIA A100-SXM4-40GB,51.2,3.0,30772.0,
3975.384312176,1777948535.6649923,NVIDIA A100-SXM4-40GB,51.2,3.0,30772.0,
3975.611192808,1777948535.891873,NVIDIA A100-SXM4-40GB,51.2,4.0,30772.0,
3975.838638348,1777948536.1193185,NVIDIA A100-SXM4-40GB,51.2,4.0,30772.0,
3976.066297844,1777948536.3469782,NVIDIA A100-SXM4-40GB,51.2,3.0,30772.0,
3976.293325434,1777948536.5740058,NVIDIA A100-SXM4-40GB,51.74,3.0,30772.0,
3976.52347225,1777948536.8041523,NVIDIA A100-SXM4-40GB,51.2,4.0,30772.0,
3976.750310495,1777948537.0309906,NVIDIA A100-SXM4-40GB,51.2,4.0,30772.0,
3976.977722652,1777948537.2584026,NVIDIA A100-SXM4-40GB,51.2,3.0,30772.0,
3977.205869151,1777948537.4865491,NVIDIA A100-SXM4-40GB,51.47,3.0,30772.0,
3977.432880686,1777948537.7135608,NVIDIA A100-SXM4-40GB,51.2,3.0,30772.0,
3977.659509705,1777948537.9401898,NVIDIA A100-SXM4-40GB,51.15,3.0,30772.0,
3977.886786179,1777948538.1674662,NVIDIA A100-SXM4-40GB,51.2,3.0,30772.0,
3978.114870252,1777948538.3955507,NVIDIA A100-SXM4-40GB,51.2,3.0,30772.0,
3978.342740279,1777948538.6234205,NVIDIA A100-SXM4-40GB,51.15,3.0,30772.0,
3978.570308807,1777948538.850989,NVIDIA A100-SXM4-40GB,51.2,3.0,30772.0,
3978.797131423,1777948539.0778115,NVIDIA A100-SXM4-40GB,51.15,4.0,30772.0,
3979.027367196,1777948539.308047,NVIDIA A100-SXM4-40GB,51.2,4.0,30772.0,
3979.254476572,1777948539.5351567,NVIDIA A100-SXM4-40GB,51.2,4.0,30772.0,
3979.481485293,1777948539.7621658,NVIDIA A100-SXM4-40GB,51.15,3.0,30772.0,
3979.708809581,1777948539.9894896,NVIDIA A100-SXM4-40GB,51.2,4.0,30772.0,
3979.941846697,1777948540.2225268,NVIDIA A100-SXM4-40GB,51.2,3.0,30772.0,
3980.178026434,1777948540.4587069,NVIDIA A100-SXM4-40GB,51.2,3.0,30772.0,
3980.405062786,1777948540.6857429,NVIDIA A100-SXM4-40GB,51.2,4.0,30772.0,
3980.632206572,1777948540.9128869,NVIDIA A100-SXM4-40GB,51.2,4.0,30772.0,
3980.858916556,1777948541.1395965,NVIDIA A100-SXM4-40GB,51.2,4.0,30772.0,
3981.086796092,1777948541.3674762,NVIDIA A100-SXM4-40GB,51.15,4.0,30772.0,
3981.315025759,1777948541.5957062,NVIDIA A100-SXM4-40GB,51.2,4.0,30772.0,
3981.541778229,1777948541.822458,NVIDIA A100-SXM4-40GB,51.2,4.0,30772.0,
3981.772131043,1777948542.0528111,NVIDIA A100-SXM4-40GB,51.15,4.0,30772.0,
3981.999492315,1777948542.2801728,NVIDIA A100-SXM4-40GB,51.2,3.0,30772.0,
3982.226758737,1777948542.507439,NVIDIA A100-SXM4-40GB,51.2,3.0,30772.0,
3982.455322793,1777948542.736003,NVIDIA A100-SXM4-40GB,51.15,4.0,30772.0,
3982.682989159,1777948542.9636693,NVIDIA A100-SXM4-40GB,51.2,3.0,30772.0,
3982.910183909,1777948543.1908638,NVIDIA A100-SXM4-40GB,51.2,4.0,30772.0,
3983.138909866,1777948543.41959,NVIDIA A100-SXM4-40GB,51.15,3.0,30772.0,
3983.366135755,1777948543.6468158,NVIDIA A100-SXM4-40GB,51.2,3.0,30772.0,
3983.593322347,1777948543.8740025,NVIDIA A100-SXM4-40GB,51.2,4.0,30772.0,
3983.821912066,1777948544.1025922,NVIDIA A100-SXM4-40GB,51.47,3.0,30772.0,
3984.049590512,1777948544.3302708,NVIDIA A100-SXM4-40GB,51.2,4.0,30772.0,
3984.276384252,1777948544.5570643,NVIDIA A100-SXM4-40GB,51.2,3.0,30772.0,
3984.504640332,1777948544.7853205,NVIDIA A100-SXM4-40GB,51.2,3.0,30772.0,
3984.73206893,1777948545.0127487,NVIDIA A100-SXM4-40GB,51.2,3.0,30772.0,
3984.959398131,1777948545.2400784,NVIDIA A100-SXM4-40GB,51.2,4.0,30772.0,
3985.186933699,1777948545.4676137,NVIDIA A100-SXM4-40GB,51.2,4.0,30772.0,
3985.413480434,1777948545.6941605,NVIDIA A100-SXM4-40GB,51.15,4.0,30772.0,
3985.640563894,1777948545.9212441,NVIDIA A100-SXM4-40GB,51.74,4.0,30772.0,
3985.869124056,1777948546.149804,NVIDIA A100-SXM4-40GB,51.2,4.0,30772.0,
3986.096152058,1777948546.3768322,NVIDIA A100-SXM4-40GB,51.2,3.0,30772.0,
3986.324466889,1777948546.6051471,NVIDIA A100-SXM4-40GB,51.2,3.0,30772.0,
3986.552197683,1777948546.8328776,NVIDIA A100-SXM4-40GB,51.2,3.0,30772.0,
3986.780259469,1777948547.0609398,NVIDIA A100-SXM4-40GB,51.2,4.0,30772.0,
3987.009338288,1777948547.2900183,NVIDIA A100-SXM4-40GB,51.2,3.0,30772.0,
3987.236194187,1777948547.5168746,NVIDIA A100-SXM4-40GB,51.2,3.0,30772.0,
3987.463237554,1777948547.7439175,NVIDIA A100-SXM4-40GB,51.2,3.0,30772.0,
3987.690393915,1777948547.9710739,NVIDIA A100-SXM4-40GB,51.2,3.0,30772.0,
3987.917329564,1777948548.19801,NVIDIA A100-SXM4-40GB,51.2,3.0,30772.0,
3988.146539293,1777948548.4272192,NVIDIA A100-SXM4-40GB,51.42,3.0,30772.0,
3988.373771844,1777948548.6544516,NVIDIA A100-SXM4-40GB,51.2,4.0,30772.0,
3988.601278358,1777948548.8819585,NVIDIA A100-SXM4-40GB,51.2,3.0,30772.0,
3988.828615258,1777948549.1092954,NVIDIA A100-SXM4-40GB,51.15,3.0,30772.0,
3989.055269727,1777948549.33595,NVIDIA A100-SXM4-40GB,51.2,4.0,30772.0,
3989.281588513,1777948549.5622687,NVIDIA A100-SXM4-40GB,51.2,3.0,30772.0,
3989.508946334,1777948549.7896266,NVIDIA A100-SXM4-40GB,51.15,3.0,30772.0,
3989.73619231,1777948550.0168724,NVIDIA A100-SXM4-40GB,51.15,3.0,30772.0,
3989.963226563,1777948550.2439067,NVIDIA A100-SXM4-40GB,51.47,3.0,30772.0,
3990.190944289,1777948550.4716241,NVIDIA A100-SXM4-40GB,51.2,3.0,30772.0,
3990.419846342,1777948550.7005265,NVIDIA A100-SXM4-40GB,51.2,3.0,30772.0,
3990.65176271,1777948550.9324427,NVIDIA A100-SXM4-40GB,51.15,3.0,30772.0,
3990.891842132,1777948551.1725223,NVIDIA A100-SXM4-40GB,51.2,3.0,30772.0,
3991.119558572,1777948551.4002383,NVIDIA A100-SXM4-40GB,51.2,3.0,30772.0,
3991.346228944,1777948551.6269093,NVIDIA A100-SXM4-40GB,51.2,3.0,30772.0,
3991.573485464,1777948551.8541656,NVIDIA A100-SXM4-40GB,51.42,3.0,30772.0,
3991.801273094,1777948552.0819533,NVIDIA A100-SXM4-40GB,51.2,3.0,30772.0,
3992.029749937,1777948552.3104303,NVIDIA A100-SXM4-40GB,51.2,4.0,30772.0,
3992.257358194,1777948552.5380383,NVIDIA A100-SXM4-40GB,51.2,3.0,30772.0,
3992.484497375,1777948552.7651772,NVIDIA A100-SXM4-40GB,51.47,3.0,30772.0,
3992.713152865,1777948552.993833,NVIDIA A100-SXM4-40GB,51.15,3.0,30772.0,
3992.940819222,1777948553.2214992,NVIDIA A100-SXM4-40GB,51.2,3.0,30772.0,
3993.167608323,1777948553.4482884,NVIDIA A100-SXM4-40GB,51.47,3.0,30772.0,
3993.396647464,1777948553.6773274,NVIDIA A100-SXM4-40GB,51.2,3.0,30772.0,
3993.623639549,1777948553.9043195,NVIDIA A100-SXM4-40GB,51.2,3.0,30772.0,
3993.850577408,1777948554.1312575,NVIDIA A100-SXM4-40GB,51.15,3.0,30772.0,
3994.079364423,1777948554.3600445,NVIDIA A100-SXM4-40GB,51.15,3.0,30772.0,
3994.307340557,1777948554.5880206,NVIDIA A100-SXM4-40GB,51.2,4.0,30772.0,
3994.535499372,1777948554.8161798,NVIDIA A100-SXM4-40GB,51.15,4.0,30772.0,
3994.766905798,1777948555.047586,NVIDIA A100-SXM4-40GB,51.2,3.0,30772.0,
3994.994846522,1777948555.2755268,NVIDIA A100-SXM4-40GB,51.2,3.0,30772.0,
3995.222573368,1777948555.5032537,NVIDIA A100-SXM4-40GB,51.2,3.0,30772.0,
3995.45012819,1777948555.7308087,NVIDIA A100-SXM4-40GB,51.2,3.0,30772.0,
3995.676581685,1777948555.9572618,NVIDIA A100-SXM4-40GB,51.2,3.0,30772.0,
3995.90435761,1777948556.1850379,NVIDIA A100-SXM4-40GB,51.2,4.0,30772.0,
3996.132343902,1777948556.413024,NVIDIA A100-SXM4-40GB,51.2,4.0,30772.0,
3996.359917753,1777948556.6405978,NVIDIA A100-SXM4-40GB,51.15,3.0,30772.0,
3996.587439364,1777948556.8681195,NVIDIA A100-SXM4-40GB,51.2,3.0,30772.0,
3996.815625193,1777948557.0963051,NVIDIA A100-SXM4-40GB,51.2,3.0,30772.0,
3997.042726125,1777948557.323406,NVIDIA A100-SXM4-40GB,51.2,3.0,30772.0,
3997.27024289,1777948557.5509233,NVIDIA A100-SXM4-40GB,51.15,4.0,30772.0,
3997.500672989,1777948557.7813532,NVIDIA A100-SXM4-40GB,51.15,4.0,30772.0,
3997.727404793,1777948558.008085,NVIDIA A100-SXM4-40GB,51.2,3.0,30772.0,
3997.954785081,1777948558.2354653,NVIDIA A100-SXM4-40GB,51.2,3.0,30772.0,
3998.183478129,1777948558.4641583,NVIDIA A100-SXM4-40GB,51.2,3.0,30772.0,
3998.410932056,1777948558.6916122,NVIDIA A100-SXM4-40GB,51.42,3.0,30772.0,
3998.638150094,1777948558.9188302,NVIDIA A100-SXM4-40GB,51.2,3.0,30772.0,
3998.867115265,1777948559.1477952,NVIDIA A100-SXM4-40GB,51.2,4.0,30772.0,
3999.094560988,1777948559.3752413,NVIDIA A100-SXM4-40GB,51.42,3.0,30772.0,
3999.321917347,1777948559.6025975,NVIDIA A100-SXM4-40GB,51.15,3.0,30772.0,
3999.549424797,1777948559.830105,NVIDIA A100-SXM4-40GB,51.2,3.0,30772.0,
3999.77731622,1777948560.0579963,NVIDIA A100-SXM4-40GB,51.2,4.0,30772.0,
4000.004093354,1777948560.2847733,NVIDIA A100-SXM4-40GB,51.42,3.0,30772.0,
4000.230856663,1777948560.511537,NVIDIA A100-SXM4-40GB,51.15,3.0,30772.0,
4000.458315897,1777948560.738996,NVIDIA A100-SXM4-40GB,51.2,3.0,30772.0,
4000.685477248,1777948560.9661572,NVIDIA A100-SXM4-40GB,51.15,3.0,30772.0,
4000.913327869,1777948561.1940079,NVIDIA A100-SXM4-40GB,51.15,3.0,30772.0,
4001.140715811,1777948561.421396,NVIDIA A100-SXM4-40GB,51.2,3.0,30772.0,
4001.368524113,1777948561.6492043,NVIDIA A100-SXM4-40GB,51.15,3.0,30772.0,
4001.597260428,1777948561.8779404,NVIDIA A100-SXM4-40GB,51.2,3.0,30772.0,
4001.825795794,1777948562.106476,NVIDIA A100-SXM4-40GB,51.2,3.0,30772.0,
4002.053252021,1777948562.3339324,NVIDIA A100-SXM4-40GB,51.2,4.0,30772.0,
4002.280690404,1777948562.5613704,NVIDIA A100-SXM4-40GB,51.2,4.0,30772.0,
4002.508082186,1777948562.7887626,NVIDIA A100-SXM4-40GB,51.47,4.0,30772.0,
4002.735458198,1777948563.0161383,NVIDIA A100-SXM4-40GB,51.42,3.0,30772.0,
4002.962714103,1777948563.2433941,NVIDIA A100-SXM4-40GB,51.2,4.0,30772.0,
4003.18962043,1777948563.4703004,NVIDIA A100-SXM4-40GB,51.15,3.0,30772.0,
4003.416752382,1777948563.6974323,NVIDIA A100-SXM4-40GB,51.47,3.0,30772.0,
4003.643582226,1777948563.9242623,NVIDIA A100-SXM4-40GB,51.42,4.0,30772.0,
4003.870715329,1777948564.1513953,NVIDIA A100-SXM4-40GB,51.2,4.0,30772.0,
4004.098287008,1777948564.3789673,NVIDIA A100-SXM4-40GB,51.42,4.0,30772.0,
4004.325456867,1777948564.6061368,NVIDIA A100-SXM4-40GB,51.47,4.0,30772.0,
4004.552059958,1777948564.83274,NVIDIA A100-SXM4-40GB,51.47,4.0,30772.0,
4004.782154744,1777948565.0628347,NVIDIA A100-SXM4-40GB,51.2,3.0,30772.0,
4005.009135037,1777948565.289815,NVIDIA A100-SXM4-40GB,51.15,3.0,30772.0,
4005.23643711,1777948565.5171175,NVIDIA A100-SXM4-40GB,51.2,3.0,30772.0,
4005.464914267,1777948565.7455947,NVIDIA A100-SXM4-40GB,51.15,3.0,30772.0,
4005.691446202,1777948565.9721265,NVIDIA A100-SXM4-40GB,51.15,3.0,30772.0,
4005.919810307,1777948566.2004905,NVIDIA A100-SXM4-40GB,51.2,3.0,30772.0,
4006.147122885,1777948566.4278028,NVIDIA A100-SXM4-40GB,51.15,3.0,30772.0,
4006.374154874,1777948566.6548347,NVIDIA A100-SXM4-40GB,51.15,3.0,30772.0,
4006.601595608,1777948566.8822758,NVIDIA A100-SXM4-40GB,51.15,3.0,30772.0,
4006.829098181,1777948567.1097784,NVIDIA A100-SXM4-40GB,51.2,4.0,30772.0,
4007.05656119,1777948567.3372416,NVIDIA A100-SXM4-40GB,51.42,4.0,30772.0,
4007.284780799,1777948567.5654607,NVIDIA A100-SXM4-40GB,51.47,4.0,30772.0,
4007.511390191,1777948567.7920702,NVIDIA A100-SXM4-40GB,51.42,4.0,30772.0,
4007.740905153,1777948568.0215852,NVIDIA A100-SXM4-40GB,51.15,3.0,30772.0,
4007.96812381,1777948568.248804,NVIDIA A100-SXM4-40GB,51.2,3.0,30772.0,
4008.195333821,1777948568.476014,NVIDIA A100-SXM4-40GB,51.2,3.0,30772.0,
4008.422798991,1777948568.703479,NVIDIA A100-SXM4-40GB,51.42,4.0,30772.0,
4008.650427071,1777948568.931107,NVIDIA A100-SXM4-40GB,51.2,3.0,30772.0,
4008.877513342,1777948569.1581933,NVIDIA A100-SXM4-40GB,51.2,3.0,30772.0,
4009.106055945,1777948569.3867362,NVIDIA A100-SXM4-40GB,51.42,3.0,30772.0,
4009.332985242,1777948569.6136656,NVIDIA A100-SXM4-40GB,51.2,3.0,30772.0,
4009.560112939,1777948569.8407934,NVIDIA A100-SXM4-40GB,51.2,3.0,30772.0,
4009.788156185,1777948570.0688362,NVIDIA A100-SXM4-40GB,51.42,3.0,30772.0,
4010.016255416,1777948570.2969353,NVIDIA A100-SXM4-40GB,51.2,3.0,30772.0,
4010.243535169,1777948570.524215,NVIDIA A100-SXM4-40GB,51.15,3.0,30772.0,
4010.471545015,1777948570.752225,NVIDIA A100-SXM4-40GB,51.15,4.0,30772.0,
4010.698712561,1777948570.9793925,NVIDIA A100-SXM4-40GB,51.2,3.0,30772.0,
4010.926623437,1777948571.2073035,NVIDIA A100-SXM4-40GB,51.15,3.0,30772.0,
4011.154221526,1777948571.4349017,NVIDIA A100-SXM4-40GB,51.2,3.0,30772.0,
4011.383776757,1777948571.6644568,NVIDIA A100-SXM4-40GB,51.42,3.0,30772.0,
4011.610808912,1777948571.8914888,NVIDIA A100-SXM4-40GB,51.2,3.0,30772.0,
4011.838614518,1777948572.1192946,NVIDIA A100-SXM4-40GB,51.2,3.0,30772.0,
4012.067626227,1777948572.3483064,NVIDIA A100-SXM4-40GB,51.15,3.0,30772.0,
4012.294882943,1777948572.5755632,NVIDIA A100-SXM4-40GB,51.42,3.0,30772.0,
4012.522526015,1777948572.8032062,NVIDIA A100-SXM4-40GB,51.47,3.0,30772.0,
4012.74950854,1777948573.0301888,NVIDIA A100-SXM4-40GB,51.2,3.0,30772.0,
4012.976425484,1777948573.2571054,NVIDIA A100-SXM4-40GB,51.2,3.0,30772.0,
4013.204889482,1777948573.4855697,NVIDIA A100-SXM4-40GB,51.15,3.0,30772.0,
4013.43254164,1777948573.7132215,NVIDIA A100-SXM4-40GB,51.2,3.0,30772.0,
4013.66036963,1777948573.9410498,NVIDIA A100-SXM4-40GB,51.15,3.0,30772.0,
4013.888181868,1777948574.1688616,NVIDIA A100-SXM4-40GB,51.47,4.0,30772.0,
4014.115666818,1777948574.3963468,NVIDIA A100-SXM4-40GB,51.42,4.0,30772.0,
4014.343066086,1777948574.6237462,NVIDIA A100-SXM4-40GB,51.2,3.0,30772.0,
4014.570737146,1777948574.851417,NVIDIA A100-SXM4-40GB,51.42,3.0,30772.0,
4014.798034145,1777948575.0787144,NVIDIA A100-SXM4-40GB,51.47,3.0,30772.0,
4015.025673302,1777948575.3063533,NVIDIA A100-SXM4-40GB,51.15,3.0,30772.0,
4015.253442908,1777948575.534123,NVIDIA A100-SXM4-40GB,51.15,3.0,30772.0,
4015.481107404,1777948575.7617877,NVIDIA A100-SXM4-40GB,51.42,4.0,30772.0,
4015.711910447,1777948575.992591,NVIDIA A100-SXM4-40GB,51.15,3.0,30772.0,
4015.939512294,1777948576.2201922,NVIDIA A100-SXM4-40GB,51.42,4.0,30772.0,
4016.166138256,1777948576.4468188,NVIDIA A100-SXM4-40GB,51.15,3.0,30772.0,
4016.395116507,1777948576.6757965,NVIDIA A100-SXM4-40GB,51.47,4.0,30772.0,
4016.622213856,1777948576.9028938,NVIDIA A100-SXM4-40GB,51.47,3.0,30772.0,
4016.850290202,1777948577.13097,NVIDIA A100-SXM4-40GB,51.42,3.0,30772.0,
4017.077274841,1777948577.3579547,NVIDIA A100-SXM4-40GB,51.42,3.0,30772.0,
4017.30452026,1777948577.5852003,NVIDIA A100-SXM4-40GB,51.47,4.0,30772.0,
4017.533189815,1777948577.8138702,NVIDIA A100-SXM4-40GB,51.47,3.0,30772.0,
4017.760334968,1777948578.0410154,NVIDIA A100-SXM4-40GB,51.2,4.0,30772.0,
4017.988738073,1777948578.2694182,NVIDIA A100-SXM4-40GB,51.42,4.0,30772.0,
4018.217534516,1777948578.4982147,NVIDIA A100-SXM4-40GB,51.2,4.0,30772.0,
4018.444506026,1777948578.7251859,NVIDIA A100-SXM4-40GB,51.42,4.0,30772.0,
4018.67170284,1777948578.9523833,NVIDIA A100-SXM4-40GB,51.2,4.0,30772.0,
4018.901371313,1777948579.1820514,NVIDIA A100-SXM4-40GB,51.2,4.0,30772.0,
4019.128371649,1777948579.409052,NVIDIA A100-SXM4-40GB,51.47,4.0,30772.0,
4019.356775178,1777948579.6374555,NVIDIA A100-SXM4-40GB,51.2,3.0,30772.0,
4019.585350623,1777948579.8660307,NVIDIA A100-SXM4-40GB,51.47,3.0,30772.0,
4019.812539737,1777948580.0932198,NVIDIA A100-SXM4-40GB,51.2,3.0,30772.0,
4020.039250082,1777948580.31993,NVIDIA A100-SXM4-40GB,51.15,3.0,30772.0,
4020.266580826,1777948580.547261,NVIDIA A100-SXM4-40GB,51.42,3.0,30772.0,
4020.493569372,1777948580.7742493,NVIDIA A100-SXM4-40GB,51.2,3.0,30772.0,
4020.720924408,1777948581.0016046,NVIDIA A100-SXM4-40GB,51.47,3.0,30772.0,
4020.949210839,1777948581.2298908,NVIDIA A100-SXM4-40GB,51.47,4.0,30772.0,
4021.176191325,1777948581.4568717,NVIDIA A100-SXM4-40GB,51.47,4.0,30772.0,
4021.404613897,1777948581.6852946,NVIDIA A100-SXM4-40GB,51.47,4.0,30772.0,
4021.632443746,1777948581.9131238,NVIDIA A100-SXM4-40GB,51.47,4.0,30772.0,
4021.859590482,1777948582.1402707,NVIDIA A100-SXM4-40GB,51.47,4.0,30772.0,
4022.087031252,1777948582.3677115,NVIDIA A100-SXM4-40GB,51.47,4.0,30772.0,
4022.314311588,1777948582.5949917,NVIDIA A100-SXM4-40GB,51.47,4.0,30772.0,
4022.541261309,1777948582.8219411,NVIDIA A100-SXM4-40GB,51.47,3.0,30772.0,
4022.769349092,1777948583.0500293,NVIDIA A100-SXM4-40GB,51.2,3.0,30772.0,
4022.997260361,1777948583.2779405,NVIDIA A100-SXM4-40GB,51.47,3.0,30772.0,
4023.225445656,1777948583.5061255,NVIDIA A100-SXM4-40GB,51.47,4.0,30772.0,
4023.452322292,1777948583.7330024,NVIDIA A100-SXM4-40GB,51.15,3.0,30772.0,
4023.679072877,1777948583.959753,NVIDIA A100-SXM4-40GB,51.47,3.0,30772.0,
4023.90615498,1777948584.1868353,NVIDIA A100-SXM4-40GB,51.2,3.0,30772.0,
4024.133775666,1777948584.4144561,NVIDIA A100-SXM4-40GB,51.15,3.0,30772.0,
4024.360347574,1777948584.641028,NVIDIA A100-SXM4-40GB,51.42,3.0,30772.0,
4024.586798504,1777948584.8674786,NVIDIA A100-SXM4-40GB,51.42,3.0,30772.0,
4024.813718044,1777948585.0943985,NVIDIA A100-SXM4-40GB,51.2,3.0,30772.0,
4025.039912725,1777948585.3205929,NVIDIA A100-SXM4-40GB,51.2,3.0,30772.0,
4025.268543336,1777948585.5492234,NVIDIA A100-SXM4-40GB,51.47,3.0,30772.0,
4025.497517926,1777948585.7781978,NVIDIA A100-SXM4-40GB,51.42,4.0,30772.0,
4025.725299441,1777948586.0059795,NVIDIA A100-SXM4-40GB,51.47,4.0,30772.0,
4025.952175834,1777948586.2328558,NVIDIA A100-SXM4-40GB,51.42,3.0,30772.0,
4026.181262952,1777948586.4619431,NVIDIA A100-SXM4-40GB,51.42,4.0,30772.0,
4026.408047229,1777948586.6887271,NVIDIA A100-SXM4-40GB,51.47,4.0,30772.0,
4026.634677263,1777948586.915357,NVIDIA A100-SXM4-40GB,51.47,4.0,30772.0,
4026.863121957,1777948587.1438022,NVIDIA A100-SXM4-40GB,51.47,3.0,30772.0,
4027.093341519,1777948587.374022,NVIDIA A100-SXM4-40GB,51.47,4.0,30772.0,
4027.320690057,1777948587.6013699,NVIDIA A100-SXM4-40GB,51.47,4.0,30772.0,
4027.549206752,1777948587.8298867,NVIDIA A100-SXM4-40GB,51.47,4.0,30772.0,
4027.776116719,1777948588.056797,NVIDIA A100-SXM4-40GB,51.42,3.0,30772.0,
4028.003027608,1777948588.2837076,NVIDIA A100-SXM4-40GB,51.47,3.0,30772.0,
4028.230762277,1777948588.5114424,NVIDIA A100-SXM4-40GB,51.47,3.0,30772.0,
4028.457588108,1777948588.7382681,NVIDIA A100-SXM4-40GB,51.2,3.0,30772.0,
4028.68444719,1777948588.9651272,NVIDIA A100-SXM4-40GB,51.47,3.0,30772.0,
4028.911644689,1777948589.1923249,NVIDIA A100-SXM4-40GB,51.47,3.0,30772.0,
4029.140695057,1777948589.421375,NVIDIA A100-SXM4-40GB,51.47,4.0,30772.0,
4029.367697624,1777948589.648378,NVIDIA A100-SXM4-40GB,51.47,4.0,30772.0,
4029.594543069,1777948589.875223,NVIDIA A100-SXM4-40GB,51.47,4.0,30772.0,
4029.821488254,1777948590.1021683,NVIDIA A100-SXM4-40GB,51.47,4.0,30772.0,
4030.047986403,1777948590.3286672,NVIDIA A100-SXM4-40GB,51.47,4.0,30772.0,
4030.27556116,1777948590.556241,NVIDIA A100-SXM4-40GB,51.47,4.0,30772.0,
4030.502891042,1777948590.783571,NVIDIA A100-SXM4-40GB,51.47,4.0,30772.0,
4030.730658404,1777948591.0113387,NVIDIA A100-SXM4-40GB,51.47,4.0,30772.0,
4030.957731153,1777948591.2384117,NVIDIA A100-SXM4-40GB,51.47,4.0,30772.0,
4031.185580406,1777948591.4662604,NVIDIA A100-SXM4-40GB,51.47,4.0,30772.0,
4031.413300602,1777948591.6939807,NVIDIA A100-SXM4-40GB,51.15,4.0,30772.0,
4031.64073121,1777948591.9214115,NVIDIA A100-SXM4-40GB,51.47,3.0,30772.0,
4031.867618075,1777948592.1482983,NVIDIA A100-SXM4-40GB,51.47,4.0,30772.0,
4032.09485279,1777948592.3755329,NVIDIA A100-SXM4-40GB,51.42,4.0,30772.0,
4032.322449948,1777948592.6031303,NVIDIA A100-SXM4-40GB,51.47,4.0,30772.0,
4032.549238184,1777948592.8299181,NVIDIA A100-SXM4-40GB,51.47,4.0,30772.0,
4032.777503577,1777948593.0581834,NVIDIA A100-SXM4-40GB,51.42,4.0,30772.0,
4033.004707335,1777948593.2853873,NVIDIA A100-SXM4-40GB,51.47,4.0,30772.0,
4033.232038505,1777948593.5127187,NVIDIA A100-SXM4-40GB,51.47,4.0,30772.0,
4033.461217478,1777948593.7418976,NVIDIA A100-SXM4-40GB,51.47,4.0,30772.0,
4033.687675351,1777948593.9683554,NVIDIA A100-SXM4-40GB,51.15,4.0,30772.0,
4033.914382326,1777948594.1950622,NVIDIA A100-SXM4-40GB,51.42,4.0,30772.0,
4034.140845797,1777948594.421526,NVIDIA A100-SXM4-40GB,51.47,3.0,30772.0,
4034.366989998,1777948594.64767,NVIDIA A100-SXM4-40GB,51.47,3.0,30772.0,
4034.59360456,1777948594.8742847,NVIDIA A100-SXM4-40GB,51.2,4.0,30772.0,
4034.819974263,1777948595.1006546,NVIDIA A100-SXM4-40GB,51.47,3.0,30772.0,
4035.047356547,1777948595.3280368,NVIDIA A100-SXM4-40GB,51.42,3.0,30772.0,
4035.274609774,1777948595.5552897,NVIDIA A100-SXM4-40GB,51.47,3.0,30772.0,
4035.502888177,1777948595.7835684,NVIDIA A100-SXM4-40GB,51.47,3.0,30772.0,
4035.729681086,1777948596.0103614,NVIDIA A100-SXM4-40GB,51.42,3.0,30772.0,
4035.956726109,1777948596.2374063,NVIDIA A100-SXM4-40GB,51.42,3.0,30772.0,
4036.183615467,1777948596.4642954,NVIDIA A100-SXM4-40GB,51.47,3.0,30772.0,
4036.413558311,1777948596.6942387,NVIDIA A100-SXM4-40GB,51.42,3.0,30772.0,
4036.642711477,1777948596.9233918,NVIDIA A100-SXM4-40GB,51.2,3.0,30772.0,
4036.87130806,1777948597.1519885,NVIDIA A100-SXM4-40GB,51.47,3.0,30772.0,
4037.097923606,1777948597.3786035,NVIDIA A100-SXM4-40GB,51.47,4.0,30772.0,
4037.32479411,1777948597.6054742,NVIDIA A100-SXM4-40GB,51.47,4.0,30772.0,
4037.551683621,1777948597.832364,NVIDIA A100-SXM4-40GB,51.47,4.0,30772.0,
4037.779025863,1777948598.0597062,NVIDIA A100-SXM4-40GB,51.47,3.0,30772.0,
4038.008400409,1777948598.2890806,NVIDIA A100-SXM4-40GB,51.47,3.0,30772.0,
4038.236553792,1777948598.5172336,NVIDIA A100-SXM4-40GB,51.47,3.0,30772.0,
4038.463947263,1777948598.7446275,NVIDIA A100-SXM4-40GB,51.42,4.0,30772.0,
4038.690806814,1777948598.971487,NVIDIA A100-SXM4-40GB,51.15,4.0,30772.0,
4038.918150862,1777948599.198831,NVIDIA A100-SXM4-40GB,51.2,3.0,30772.0,
4039.147356479,1777948599.428042,NVIDIA A100-SXM4-40GB,51.15,4.0,30772.0,
4039.374667931,1777948599.6553483,NVIDIA A100-SXM4-40GB,51.2,4.0,30772.0,
4039.601583288,1777948599.8822632,NVIDIA A100-SXM4-40GB,51.2,4.0,30772.0,
4039.828660141,1777948600.1093402,NVIDIA A100-SXM4-40GB,51.47,4.0,30772.0,
4040.059604353,1777948600.3402843,NVIDIA A100-SXM4-40GB,51.2,4.0,30772.0,
4040.286275395,1777948600.5669553,NVIDIA A100-SXM4-40GB,51.2,4.0,30772.0,
4040.513606379,1777948600.7942863,NVIDIA A100-SXM4-40GB,51.15,3.0,30772.0,
4040.741191657,1777948601.0218716,NVIDIA A100-SXM4-40GB,51.2,4.0,30772.0,
4040.969052543,1777948601.249733,NVIDIA A100-SXM4-40GB,51.15,3.0,30772.0,
4041.196563917,1777948601.477244,NVIDIA A100-SXM4-40GB,51.2,3.0,30772.0,
4041.425362138,1777948601.7060423,NVIDIA A100-SXM4-40GB,51.2,3.0,30772.0,
4041.652184831,1777948601.9328647,NVIDIA A100-SXM4-40GB,51.2,3.0,30772.0,
4041.879080398,1777948602.1597607,NVIDIA A100-SXM4-40GB,51.2,3.0,30772.0,
4042.106523699,1777948602.3872037,NVIDIA A100-SXM4-40GB,51.2,4.0,30772.0,
4042.333800107,1777948602.61448,NVIDIA A100-SXM4-40GB,51.47,3.0,30772.0,
4042.561363252,1777948602.8420434,NVIDIA A100-SXM4-40GB,51.2,3.0,30772.0,
4042.788287684,1777948603.0689676,NVIDIA A100-SXM4-40GB,51.2,3.0,30772.0,
4043.014908827,1777948603.295589,NVIDIA A100-SXM4-40GB,51.2,3.0,30772.0,
4043.243739178,1777948603.524419,NVIDIA A100-SXM4-40GB,51.2,4.0,30772.0,
4043.470543625,1777948603.7512236,NVIDIA A100-SXM4-40GB,51.2,3.0,30772.0,
4043.697191776,1777948603.977872,NVIDIA A100-SXM4-40GB,51.2,3.0,30772.0,
4043.924948285,1777948604.2056282,NVIDIA A100-SXM4-40GB,51.2,3.0,30772.0,
4044.1517004,1777948604.4323804,NVIDIA A100-SXM4-40GB,51.47,3.0,30772.0,
4044.379633001,1777948604.6603131,NVIDIA A100-SXM4-40GB,51.2,4.0,30772.0,
4044.606653766,1777948604.8873336,NVIDIA A100-SXM4-40GB,51.2,4.0,30772.0,
4044.834164166,1777948605.114844,NVIDIA A100-SXM4-40GB,51.2,4.0,30772.0,
4045.061247117,1777948605.3419275,NVIDIA A100-SXM4-40GB,51.47,3.0,30772.0,
4045.287878085,1777948605.568558,NVIDIA A100-SXM4-40GB,51.15,4.0,30772.0,
4045.515062108,1777948605.7957423,NVIDIA A100-SXM4-40GB,51.2,4.0,30772.0,
4045.741974784,1777948606.022655,NVIDIA A100-SXM4-40GB,51.15,4.0,30772.0,
4045.96951052,1777948606.2501907,NVIDIA A100-SXM4-40GB,51.2,4.0,30772.0,
4046.196409008,1777948606.4770892,NVIDIA A100-SXM4-40GB,51.2,3.0,30772.0,
4046.42327436,1777948606.7039547,NVIDIA A100-SXM4-40GB,51.2,4.0,30772.0,
4046.650920898,1777948606.931601,NVIDIA A100-SXM4-40GB,51.2,4.0,30772.0,
4046.877904965,1777948607.158585,NVIDIA A100-SXM4-40GB,51.2,4.0,30772.0,
4047.106453763,1777948607.3871343,NVIDIA A100-SXM4-40GB,51.2,3.0,30772.0,
4047.333512901,1777948607.614193,NVIDIA A100-SXM4-40GB,51.2,3.0,30772.0,
4047.560913393,1777948607.8415937,NVIDIA A100-SXM4-40GB,51.2,3.0,30772.0,
4047.787347744,1777948608.068028,NVIDIA A100-SXM4-40GB,51.2,3.0,30772.0,
4048.013963128,1777948608.2946432,NVIDIA A100-SXM4-40GB,51.2,4.0,30772.0,
4048.241754384,1777948608.5224345,NVIDIA A100-SXM4-40GB,51.2,3.0,30772.0,
4048.468512614,1777948608.749193,NVIDIA A100-SXM4-40GB,51.2,3.0,30772.0,
4048.695530967,1777948608.9762108,NVIDIA A100-SXM4-40GB,51.15,3.0,30772.0,
4048.923080409,1777948609.2037604,NVIDIA A100-SXM4-40GB,51.2,3.0,30772.0,
4049.15052535,1777948609.4312053,NVIDIA A100-SXM4-40GB,51.2,3.0,30772.0,
4049.378305909,1777948609.6589863,NVIDIA A100-SXM4-40GB,51.47,3.0,30772.0,
4049.606166016,1777948609.886849,NVIDIA A100-SXM4-40GB,51.15,3.0,30772.0,
4049.834670322,1777948610.1153502,NVIDIA A100-SXM4-40GB,51.2,3.0,30772.0,
4050.061363375,1777948610.3420434,NVIDIA A100-SXM4-40GB,51.2,3.0,30772.0,
4050.288762413,1777948610.5694423,NVIDIA A100-SXM4-40GB,51.15,3.0,30772.0,
4050.515433894,1777948610.7961137,NVIDIA A100-SXM4-40GB,51.2,4.0,30772.0,
4050.742249046,1777948611.0229294,NVIDIA A100-SXM4-40GB,51.2,4.0,30772.0,
4050.969422909,1777948611.250103,NVIDIA A100-SXM4-40GB,51.15,4.0,30772.0,
4051.198980021,1777948611.47966,NVIDIA A100-SXM4-40GB,51.2,3.0,30772.0,
4051.426634508,1777948611.7073145,NVIDIA A100-SXM4-40GB,51.2,3.0,30772.0,
4051.654259649,1777948611.9349399,NVIDIA A100-SXM4-40GB,51.2,4.0,30772.0,
4051.882965556,1777948612.1636455,NVIDIA A100-SXM4-40GB,51.47,4.0,30772.0,
4052.109749605,1777948612.3904297,NVIDIA A100-SXM4-40GB,51.2,4.0,30772.0,
4052.33693968,1777948612.61762,NVIDIA A100-SXM4-40GB,51.2,4.0,30772.0,
4052.565758665,1777948612.846439,NVIDIA A100-SXM4-40GB,51.2,3.0,30772.0,
4052.792753709,1777948613.0734339,NVIDIA A100-SXM4-40GB,51.2,3.0,30772.0,
4053.020223547,1777948613.3009038,NVIDIA A100-SXM4-40GB,51.15,3.0,30772.0,
4053.249939441,1777948613.5306199,NVIDIA A100-SXM4-40GB,51.2,3.0,30772.0,
4053.477111608,1777948613.757792,NVIDIA A100-SXM4-40GB,51.2,3.0,30772.0,
4053.704320036,1777948613.9850001,NVIDIA A100-SXM4-40GB,51.42,4.0,30772.0,
4053.934679412,1777948614.2153597,NVIDIA A100-SXM4-40GB,51.2,4.0,30772.0,
4054.161649747,1777948614.44233,NVIDIA A100-SXM4-40GB,51.2,4.0,30772.0,
4054.389026631,1777948614.6697068,NVIDIA A100-SXM4-40GB,51.2,4.0,30772.0,
4054.617572544,1777948614.8982527,NVIDIA A100-SXM4-40GB,51.2,4.0,30772.0,
4054.844882916,1777948615.125563,NVIDIA A100-SXM4-40GB,51.2,4.0,30772.0,
4055.072662628,1777948615.3533425,NVIDIA A100-SXM4-40GB,51.2,4.0,30772.0,
4055.302524451,1777948615.5832043,NVIDIA A100-SXM4-40GB,51.2,4.0,30772.0,
4055.529337301,1777948615.810017,NVIDIA A100-SXM4-40GB,51.2,4.0,30772.0,
4055.757721105,1777948616.0384007,NVIDIA A100-SXM4-40GB,50.83,1.0,30772.0,
4055.985960453,1777948616.2666404,NVIDIA A100-SXM4-40GB,50.83,0.0,30772.0,
4056.212543441,1777948616.4932237,NVIDIA A100-SXM4-40GB,51.2,3.0,30772.0,
4056.440031846,1777948616.720712,NVIDIA A100-SXM4-40GB,51.2,3.0,30772.0,
4056.667387181,1777948616.9480672,NVIDIA A100-SXM4-40GB,51.2,3.0,30772.0,
4056.89490546,1777948617.1755855,NVIDIA A100-SXM4-40GB,51.47,3.0,30772.0,
4057.12170723,1777948617.4023871,NVIDIA A100-SXM4-40GB,51.2,3.0,30772.0,
4057.351490243,1777948617.6321702,NVIDIA A100-SXM4-40GB,51.2,4.0,30772.0,
4057.579137649,1777948617.8598177,NVIDIA A100-SXM4-40GB,51.42,4.0,30772.0,
4057.806196449,1777948618.0868766,NVIDIA A100-SXM4-40GB,51.2,4.0,30772.0,
4058.033767287,1777948618.3144474,NVIDIA A100-SXM4-40GB,51.15,4.0,30772.0,
4058.261663734,1777948618.5423439,NVIDIA A100-SXM4-40GB,51.2,4.0,30772.0,
4058.489172793,1777948618.7698529,NVIDIA A100-SXM4-40GB,51.47,4.0,30772.0,
4058.719981059,1777948619.000661,NVIDIA A100-SXM4-40GB,51.15,4.0,30772.0,
4058.947491151,1777948619.2281713,NVIDIA A100-SXM4-40GB,51.42,3.0,30772.0,
4059.174525837,1777948619.455206,NVIDIA A100-SXM4-40GB,51.2,3.0,30772.0,
4059.402996741,1777948619.6836767,NVIDIA A100-SXM4-40GB,51.15,3.0,30772.0,
4059.629733163,1777948619.9104133,NVIDIA A100-SXM4-40GB,51.2,3.0,30772.0,
4059.856409576,1777948620.1370895,NVIDIA A100-SXM4-40GB,51.2,3.0,30772.0,
4060.083910166,1777948620.3645904,NVIDIA A100-SXM4-40GB,51.15,3.0,30772.0,
4060.311190069,1777948620.5918703,NVIDIA A100-SXM4-40GB,51.15,3.0,30772.0,
4060.53822831,1777948620.8189087,NVIDIA A100-SXM4-40GB,51.74,3.0,30772.0,
4060.76555555,1777948621.0462358,NVIDIA A100-SXM4-40GB,51.2,4.0,30772.0,
4060.994563274,1777948621.2752433,NVIDIA A100-SXM4-40GB,51.15,3.0,30772.0,
4061.221648235,1777948621.5023284,NVIDIA A100-SXM4-40GB,51.2,3.0,30772.0,
4061.448767976,1777948621.7294478,NVIDIA A100-SXM4-40GB,51.47,3.0,30772.0,
4061.677813821,1777948621.958494,NVIDIA A100-SXM4-40GB,51.2,3.0,30772.0,
4061.904384278,1777948622.1850653,NVIDIA A100-SXM4-40GB,51.2,4.0,30772.0,
4062.131893861,1777948622.412574,NVIDIA A100-SXM4-40GB,51.15,4.0,30772.0,
4062.359512686,1777948622.6401925,NVIDIA A100-SXM4-40GB,51.2,4.0,30772.0,
4062.587019227,1777948622.8676991,NVIDIA A100-SXM4-40GB,51.47,4.0,30772.0,
4062.814579895,1777948623.09526,NVIDIA A100-SXM4-40GB,51.2,3.0,30772.0,
4063.042820673,1777948623.3235009,NVIDIA A100-SXM4-40GB,51.15,4.0,30772.0,
4063.270380773,1777948623.5510607,NVIDIA A100-SXM4-40GB,51.2,3.0,30772.0,
4063.497252568,1777948623.777933,NVIDIA A100-SXM4-40GB,51.2,3.0,30772.0,
4063.724742494,1777948624.0054224,NVIDIA A100-SXM4-40GB,51.2,3.0,30772.0,
4063.951656734,1777948624.232337,NVIDIA A100-SXM4-40GB,51.47,3.0,30772.0,
4064.178436421,1777948624.4591162,NVIDIA A100-SXM4-40GB,51.2,3.0,30772.0,
4064.405500504,1777948624.6861804,NVIDIA A100-SXM4-40GB,51.2,3.0,30772.0,
4064.634800093,1777948624.9154801,NVIDIA A100-SXM4-40GB,51.47,3.0,30772.0,
4064.862427518,1777948625.143108,NVIDIA A100-SXM4-40GB,51.47,4.0,30772.0,
4065.089774103,1777948625.370454,NVIDIA A100-SXM4-40GB,51.2,4.0,30772.0,
4065.318497392,1777948625.5991771,NVIDIA A100-SXM4-40GB,51.2,3.0,30772.0,
4065.545264838,1777948625.8259451,NVIDIA A100-SXM4-40GB,51.2,3.0,30772.0,
4065.773216056,1777948626.0538962,NVIDIA A100-SXM4-40GB,51.2,3.0,30772.0,
4066.003134489,1777948626.2838144,NVIDIA A100-SXM4-40GB,51.2,4.0,30772.0,
4066.231475077,1777948626.512155,NVIDIA A100-SXM4-40GB,51.2,3.0,30772.0,
4066.458843367,1777948626.7395236,NVIDIA A100-SXM4-40GB,51.2,4.0,30772.0,
4066.685634167,1777948626.966314,NVIDIA A100-SXM4-40GB,51.2,3.0,30772.0,
4066.913267485,1777948627.1939476,NVIDIA A100-SXM4-40GB,51.2,3.0,30772.0,
4067.1409584,1777948627.4216385,NVIDIA A100-SXM4-40GB,51.2,3.0,30772.0,
4067.369623951,1777948627.650304,NVIDIA A100-SXM4-40GB,51.2,4.0,30772.0,
4067.597528523,1777948627.8782084,NVIDIA A100-SXM4-40GB,51.15,3.0,30772.0,
4067.824866177,1777948628.105546,NVIDIA A100-SXM4-40GB,51.15,4.0,30772.0,
4068.053529426,1777948628.334219,NVIDIA A100-SXM4-40GB,51.2,4.0,30772.0,
4068.280470111,1777948628.5611503,NVIDIA A100-SXM4-40GB,51.42,4.0,30772.0,
4068.507355377,1777948628.7880354,NVIDIA A100-SXM4-40GB,51.2,4.0,30772.0,
4068.734822182,1777948629.015502,NVIDIA A100-SXM4-40GB,51.2,3.0,30772.0,
4068.962272022,1777948629.242952,NVIDIA A100-SXM4-40GB,51.2,4.0,30772.0,
4069.189421941,1777948629.470102,NVIDIA A100-SXM4-40GB,51.47,3.0,30772.0,
4069.417071786,1777948629.697752,NVIDIA A100-SXM4-40GB,51.47,4.0,30772.0,
4069.643950435,1777948629.9246306,NVIDIA A100-SXM4-40GB,51.2,3.0,30772.0,
4069.870895328,1777948630.1515756,NVIDIA A100-SXM4-40GB,51.2,4.0,30772.0,
4070.098472049,1777948630.3791523,NVIDIA A100-SXM4-40GB,51.2,4.0,30772.0,
4070.326965195,1777948630.6076455,NVIDIA A100-SXM4-40GB,51.47,3.0,30772.0,
4070.554443435,1777948630.8351235,NVIDIA A100-SXM4-40GB,51.2,3.0,30772.0,
4070.781029438,1777948631.0617096,NVIDIA A100-SXM4-40GB,51.2,3.0,30772.0,
4071.009987514,1777948631.290668,NVIDIA A100-SXM4-40GB,51.2,4.0,30772.0,
4071.238488967,1777948631.519169,NVIDIA A100-SXM4-40GB,51.2,4.0,30772.0,
4071.465500125,1777948631.7461803,NVIDIA A100-SXM4-40GB,51.2,3.0,30772.0,
4071.694393176,1777948631.9750736,NVIDIA A100-SXM4-40GB,51.2,3.0,30772.0,
4071.922449374,1777948632.2031293,NVIDIA A100-SXM4-40GB,51.15,3.0,30772.0,
4072.149566922,1777948632.4302468,NVIDIA A100-SXM4-40GB,51.2,3.0,30772.0,
4072.377563911,1777948632.6582441,NVIDIA A100-SXM4-40GB,51.47,4.0,30772.0,
4072.605308214,1777948632.885988,NVIDIA A100-SXM4-40GB,51.42,3.0,30772.0,
4072.832707501,1777948633.1133878,NVIDIA A100-SXM4-40GB,51.47,4.0,30772.0,
4073.061465932,1777948633.3421462,NVIDIA A100-SXM4-40GB,51.2,4.0,30772.0,
4073.288408347,1777948633.5690882,NVIDIA A100-SXM4-40GB,51.47,3.0,30772.0,
4073.51590947,1777948633.7965899,NVIDIA A100-SXM4-40GB,51.15,3.0,30772.0,
4073.743187241,1777948634.0238671,NVIDIA A100-SXM4-40GB,51.47,4.0,30772.0,
4073.970201278,1777948634.2508812,NVIDIA A100-SXM4-40GB,51.2,4.0,30772.0,
4074.197295396,1777948634.4779754,NVIDIA A100-SXM4-40GB,51.47,4.0,30772.0,
4074.425194467,1777948634.7058747,NVIDIA A100-SXM4-40GB,51.47,4.0,30772.0,
4074.652068904,1777948634.932749,NVIDIA A100-SXM4-40GB,51.47,4.0,30772.0,
4074.879270212,1777948635.1599503,NVIDIA A100-SXM4-40GB,51.2,3.0,30772.0,
4075.107577027,1777948635.388257,NVIDIA A100-SXM4-40GB,51.42,3.0,30772.0,
4075.33445239,1777948635.6151323,NVIDIA A100-SXM4-40GB,51.2,3.0,30772.0,
4075.561180939,1777948635.841861,NVIDIA A100-SXM4-40GB,51.2,3.0,30772.0,
4075.788469475,1777948636.0691497,NVIDIA A100-SXM4-40GB,51.2,3.0,30772.0,
4076.017660139,1777948636.2983403,NVIDIA A100-SXM4-40GB,51.47,4.0,30772.0,
4076.246796936,1777948636.5274773,NVIDIA A100-SXM4-40GB,51.15,4.0,30772.0,
4076.473682648,1777948636.7543626,NVIDIA A100-SXM4-40GB,51.47,4.0,30772.0,
4076.701135748,1777948636.981816,NVIDIA A100-SXM4-40GB,51.47,3.0,30772.0,
4076.929880183,1777948637.2105603,NVIDIA A100-SXM4-40GB,51.47,4.0,30772.0,
4077.156972475,1777948637.4376528,NVIDIA A100-SXM4-40GB,51.2,4.0,30772.0,
4077.394076335,1777948637.6747563,NVIDIA A100-SXM4-40GB,51.2,3.0,30772.0,
4077.621339285,1777948637.9020193,NVIDIA A100-SXM4-40GB,51.2,2.0,30772.0,
4077.848504347,1777948638.1291845,NVIDIA A100-SXM4-40GB,51.47,3.0,30772.0,
4078.075929657,1777948638.3566103,NVIDIA A100-SXM4-40GB,51.47,3.0,30772.0,
4078.303604211,1777948638.5842843,NVIDIA A100-SXM4-40GB,51.42,4.0,30772.0,
4078.531713419,1777948638.8123937,NVIDIA A100-SXM4-40GB,51.42,3.0,30772.0,
4078.758564564,1777948639.0392447,NVIDIA A100-SXM4-40GB,51.2,3.0,30772.0,
4078.985607078,1777948639.2662873,NVIDIA A100-SXM4-40GB,51.47,3.0,30772.0,
4079.213652733,1777948639.4943333,NVIDIA A100-SXM4-40GB,51.2,4.0,30772.0,
4079.440478893,1777948639.721159,NVIDIA A100-SXM4-40GB,51.47,4.0,30772.0,
4079.667428475,1777948639.948109,NVIDIA A100-SXM4-40GB,51.42,4.0,30772.0,
4079.894878362,1777948640.1755586,NVIDIA A100-SXM4-40GB,51.2,3.0,30772.0,
4080.12188348,1777948640.4025633,NVIDIA A100-SXM4-40GB,51.2,3.0,30772.0,
4080.349535069,1777948640.6302154,NVIDIA A100-SXM4-40GB,51.42,3.0,30772.0,
4080.576995983,1777948640.8576758,NVIDIA A100-SXM4-40GB,51.47,3.0,30772.0,
4080.804541735,1777948641.085222,NVIDIA A100-SXM4-40GB,51.47,3.0,30772.0,
4081.032046145,1777948641.312726,NVIDIA A100-SXM4-40GB,51.47,3.0,30772.0,
4081.259547517,1777948641.5402274,NVIDIA A100-SXM4-40GB,51.47,4.0,30772.0,
4081.487792219,1777948641.768472,NVIDIA A100-SXM4-40GB,51.47,3.0,30772.0,
4081.714288946,1777948641.9949691,NVIDIA A100-SXM4-40GB,51.42,3.0,30772.0,
4081.944993922,1777948642.2256742,NVIDIA A100-SXM4-40GB,51.2,4.0,30772.0,
4082.172713832,1777948642.453394,NVIDIA A100-SXM4-40GB,51.47,3.0,30772.0,
4082.39962992,1777948642.6803102,NVIDIA A100-SXM4-40GB,51.15,3.0,30772.0,
4082.627510821,1777948642.908191,NVIDIA A100-SXM4-40GB,51.15,3.0,30772.0,
4082.85534787,1777948643.1360278,NVIDIA A100-SXM4-40GB,51.47,3.0,30772.0,
4083.083265616,1777948643.3639457,NVIDIA A100-SXM4-40GB,51.15,3.0,30772.0,
4083.310772828,1777948643.5914528,NVIDIA A100-SXM4-40GB,51.2,3.0,30772.0,
4083.539902268,1777948643.8205826,NVIDIA A100-SXM4-40GB,51.47,3.0,30772.0,
4083.767794338,1777948644.0484743,NVIDIA A100-SXM4-40GB,51.15,3.0,30772.0,
4083.994919993,1777948644.2756,NVIDIA A100-SXM4-40GB,51.47,3.0,30772.0,
4084.22311924,1777948644.5037992,NVIDIA A100-SXM4-40GB,51.42,3.0,30772.0,
4084.450376302,1777948644.7310565,NVIDIA A100-SXM4-40GB,51.2,3.0,30772.0,
4084.677669629,1777948644.9583495,NVIDIA A100-SXM4-40GB,51.47,3.0,30772.0,
4084.906782713,1777948645.1874628,NVIDIA A100-SXM4-40GB,51.47,3.0,30772.0,
4085.13314745,1777948645.4138277,NVIDIA A100-SXM4-40GB,51.2,3.0,30772.0,
4085.360109654,1777948645.6407897,NVIDIA A100-SXM4-40GB,51.15,3.0,30772.0,
4085.587129842,1777948645.86781,NVIDIA A100-SXM4-40GB,51.47,3.0,30772.0,
4085.813861636,1777948646.0945418,NVIDIA A100-SXM4-40GB,51.2,3.0,30772.0,
4086.041123106,1777948646.321803,NVIDIA A100-SXM4-40GB,51.42,3.0,30772.0,
4086.268579698,1777948646.5492597,NVIDIA A100-SXM4-40GB,51.47,3.0,30772.0,
4086.495682577,1777948646.7763627,NVIDIA A100-SXM4-40GB,51.47,4.0,30772.0,
4086.722614204,1777948647.0032947,NVIDIA A100-SXM4-40GB,51.42,4.0,30772.0,
4086.950135907,1777948647.2308156,NVIDIA A100-SXM4-40GB,51.47,3.0,30772.0,
4087.179154101,1777948647.4598343,NVIDIA A100-SXM4-40GB,51.47,3.0,30772.0,
4087.406557413,1777948647.6872377,NVIDIA A100-SXM4-40GB,51.47,3.0,30772.0,
4087.633590021,1777948647.9142702,NVIDIA A100-SXM4-40GB,51.2,3.0,30772.0,
4087.861153625,1777948648.141834,NVIDIA A100-SXM4-40GB,51.47,3.0,30772.0,
4088.088594826,1777948648.3692753,NVIDIA A100-SXM4-40GB,51.47,3.0,30772.0,
4088.315314438,1777948648.5959945,NVIDIA A100-SXM4-40GB,51.47,4.0,30772.0,
4088.543456016,1777948648.8241363,NVIDIA A100-SXM4-40GB,51.47,3.0,30772.0,
4088.771394793,1777948649.0520751,NVIDIA A100-SXM4-40GB,51.47,3.0,30772.0,
4088.998958508,1777948649.2796385,NVIDIA A100-SXM4-40GB,51.2,3.0,30772.0,
4089.257635766,1777948649.5383155,NVIDIA A100-SXM4-40GB,50.83,2.0,30772.0,
4089.524626521,1777948649.805307,NVIDIA A100-SXM4-40GB,50.88,0.0,30772.0,
4089.753213897,1777948650.0338943,NVIDIA A100-SXM4-40GB,50.83,0.0,30772.0,
4089.980494925,1777948650.2611747,NVIDIA A100-SXM4-40GB,51.47,2.0,30772.0,
4090.208619755,1777948650.4893,NVIDIA A100-SXM4-40GB,51.47,3.0,30772.0,
4090.438441747,1777948650.719122,NVIDIA A100-SXM4-40GB,51.2,3.0,30772.0,
4090.667163582,1777948650.9478436,NVIDIA A100-SXM4-40GB,51.42,3.0,30772.0,
4090.895177044,1777948651.1758568,NVIDIA A100-SXM4-40GB,51.47,3.0,30772.0,
4091.123397312,1777948651.4040773,NVIDIA A100-SXM4-40GB,51.42,3.0,30772.0,
4091.350410385,1777948651.6310906,NVIDIA A100-SXM4-40GB,51.47,3.0,30772.0,
4091.577549388,1777948651.8582299,NVIDIA A100-SXM4-40GB,51.42,3.0,30772.0,
4091.805710587,1777948652.0863905,NVIDIA A100-SXM4-40GB,51.47,4.0,30772.0,
4092.032669891,1777948652.31335,NVIDIA A100-SXM4-40GB,51.47,3.0,30772.0,
4092.259348869,1777948652.5400293,NVIDIA A100-SXM4-40GB,51.42,3.0,30772.0,
4092.488184387,1777948652.768865,NVIDIA A100-SXM4-40GB,51.47,3.0,30772.0,
4092.715713261,1777948652.9963934,NVIDIA A100-SXM4-40GB,51.47,3.0,30772.0,
4092.94355398,1777948653.2242339,NVIDIA A100-SXM4-40GB,51.42,3.0,30772.0,
4093.172317616,1777948653.452998,NVIDIA A100-SXM4-40GB,51.47,3.0,30772.0,
4093.401138403,1777948653.6818187,NVIDIA A100-SXM4-40GB,51.47,3.0,30772.0,
4093.629985797,1777948653.910666,NVIDIA A100-SXM4-40GB,51.47,3.0,30772.0,
4093.85816171,1777948654.1388419,NVIDIA A100-SXM4-40GB,51.2,3.0,30772.0,
4094.085610373,1777948654.36629,NVIDIA A100-SXM4-40GB,51.42,3.0,30772.0,
4094.313294092,1777948654.5939746,NVIDIA A100-SXM4-40GB,51.47,3.0,30772.0,
4094.541441671,1777948654.8221216,NVIDIA A100-SXM4-40GB,51.42,3.0,30772.0,
4094.769870221,1777948655.0505502,NVIDIA A100-SXM4-40GB,51.47,3.0,30772.0,
4094.997347809,1777948655.278028,NVIDIA A100-SXM4-40GB,51.15,3.0,30772.0,
4095.225110364,1777948655.5057907,NVIDIA A100-SXM4-40GB,51.74,3.0,30772.0,
4095.452271121,1777948655.7329514,NVIDIA A100-SXM4-40GB,51.47,3.0,30772.0,
4095.680101363,1777948655.9607816,NVIDIA A100-SXM4-40GB,51.47,3.0,30772.0,
4095.909262887,1777948656.189943,NVIDIA A100-SXM4-40GB,51.47,3.0,30772.0,
4096.136351339,1777948656.417031,NVIDIA A100-SXM4-40GB,51.47,3.0,30772.0,
4096.366312087,1777948656.6469927,NVIDIA A100-SXM4-40GB,51.42,3.0,30772.0,
4096.59399203,1777948656.874672,NVIDIA A100-SXM4-40GB,50.88,2.0,30772.0,
4096.820383394,1777948657.1010635,NVIDIA A100-SXM4-40GB,51.47,1.0,30772.0,
4097.047301648,1777948657.3279815,NVIDIA A100-SXM4-40GB,51.47,3.0,30772.0,
4097.276504609,1777948657.5571845,NVIDIA A100-SXM4-40GB,51.2,3.0,30772.0,
4097.503518957,1777948657.7841995,NVIDIA A100-SXM4-40GB,51.47,3.0,30772.0,
4097.730746724,1777948658.0114272,NVIDIA A100-SXM4-40GB,51.47,3.0,30772.0,
4097.959819829,1777948658.2405,NVIDIA A100-SXM4-40GB,51.47,3.0,30772.0,
4098.187553908,1777948658.468234,NVIDIA A100-SXM4-40GB,51.47,3.0,30772.0,
4098.414453796,1777948658.695134,NVIDIA A100-SXM4-40GB,51.47,3.0,30772.0,
4098.643732787,1777948658.924413,NVIDIA A100-SXM4-40GB,51.42,3.0,30772.0,
4098.870620182,1777948659.151301,NVIDIA A100-SXM4-40GB,51.47,3.0,30772.0,
4099.097965381,1777948659.3786452,NVIDIA A100-SXM4-40GB,51.47,3.0,30772.0,
4099.32686621,1777948659.6075463,NVIDIA A100-SXM4-40GB,51.42,3.0,30772.0,
4099.554553959,1777948659.8352337,NVIDIA A100-SXM4-40GB,51.47,3.0,30772.0,
4099.781711526,1777948660.062392,NVIDIA A100-SXM4-40GB,51.47,3.0,30772.0,
4100.009195072,1777948660.2898753,NVIDIA A100-SXM4-40GB,51.47,3.0,30772.0,
4100.236627044,1777948660.517307,NVIDIA A100-SXM4-40GB,51.47,3.0,30772.0,
4100.463409174,1777948660.7440894,NVIDIA A100-SXM4-40GB,51.2,3.0,30772.0,
4100.690570458,1777948660.9712508,NVIDIA A100-SXM4-40GB,51.47,3.0,30772.0,
4100.917033872,1777948661.197714,NVIDIA A100-SXM4-40GB,51.42,3.0,30772.0,
4101.143984457,1777948661.4246645,NVIDIA A100-SXM4-40GB,51.47,3.0,30772.0,
4101.371892464,1777948661.6525724,NVIDIA A100-SXM4-40GB,51.42,3.0,30772.0,
4101.599256225,1777948661.8799365,NVIDIA A100-SXM4-40GB,51.47,3.0,30772.0,
4101.82599746,1777948662.106678,NVIDIA A100-SXM4-40GB,51.15,3.0,30772.0,
4102.053029086,1777948662.3337092,NVIDIA A100-SXM4-40GB,51.15,3.0,30772.0,
4102.280369181,1777948662.561049,NVIDIA A100-SXM4-40GB,51.47,3.0,30772.0,
4102.508211894,1777948662.7888923,NVIDIA A100-SXM4-40GB,51.47,3.0,30772.0,
4102.735950166,1777948663.0166304,NVIDIA A100-SXM4-40GB,51.47,3.0,30772.0,
4102.96394568,1777948663.2446258,NVIDIA A100-SXM4-40GB,51.47,3.0,30772.0,
4103.191799916,1777948663.4724803,NVIDIA A100-SXM4-40GB,51.42,3.0,30772.0,
4103.419581265,1777948663.7002614,NVIDIA A100-SXM4-40GB,51.42,3.0,30772.0,
4103.647068259,1777948663.9277487,NVIDIA A100-SXM4-40GB,51.47,3.0,30772.0,
4103.874431059,1777948664.155111,NVIDIA A100-SXM4-40GB,51.2,3.0,30772.0,
4104.1019703,1777948664.3826506,NVIDIA A100-SXM4-40GB,51.42,3.0,30772.0,
4104.329892584,1777948664.6105726,NVIDIA A100-SXM4-40GB,51.47,3.0,30772.0,
4104.557298367,1777948664.8379786,NVIDIA A100-SXM4-40GB,51.2,3.0,30772.0,
4104.784635905,1777948665.0653162,NVIDIA A100-SXM4-40GB,51.42,3.0,30772.0,
4105.01245356,1777948665.293134,NVIDIA A100-SXM4-40GB,51.47,3.0,30772.0,
4105.239711273,1777948665.5203915,NVIDIA A100-SXM4-40GB,51.47,3.0,30772.0,
4105.466734917,1777948665.747415,NVIDIA A100-SXM4-40GB,51.47,3.0,30772.0,
4105.694175213,1777948665.9748554,NVIDIA A100-SXM4-40GB,51.2,3.0,30772.0,
4105.922835476,1777948666.203516,NVIDIA A100-SXM4-40GB,51.2,3.0,30772.0,
4106.149531344,1777948666.4302115,NVIDIA A100-SXM4-40GB,51.15,3.0,30772.0,
4106.377579922,1777948666.6582599,NVIDIA A100-SXM4-40GB,51.42,3.0,30772.0,
4106.608579095,1777948666.8892593,NVIDIA A100-SXM4-40GB,51.2,3.0,30772.0,
4106.83669892,1777948667.1173792,NVIDIA A100-SXM4-40GB,51.15,3.0,30772.0,
4107.063400845,1777948667.344081,NVIDIA A100-SXM4-40GB,51.2,3.0,30772.0,
4107.289972577,1777948667.5706527,NVIDIA A100-SXM4-40GB,51.2,3.0,30772.0,
4107.516945389,1777948667.7976255,NVIDIA A100-SXM4-40GB,51.2,3.0,30772.0,
4107.744866725,1777948668.025547,NVIDIA A100-SXM4-40GB,51.2,3.0,30772.0,
4107.973283763,1777948668.253964,NVIDIA A100-SXM4-40GB,51.2,3.0,30772.0,
4108.201901776,1777948668.482582,NVIDIA A100-SXM4-40GB,51.2,3.0,30772.0,
4108.429155637,1777948668.7098355,NVIDIA A100-SXM4-40GB,51.2,3.0,30772.0,
4108.657245162,1777948668.937925,NVIDIA A100-SXM4-40GB,51.2,3.0,30772.0,
4108.883902564,1777948669.1645827,NVIDIA A100-SXM4-40GB,51.15,4.0,30772.0,
4109.110812472,1777948669.3914926,NVIDIA A100-SXM4-40GB,51.2,3.0,30772.0,
4109.339279257,1777948669.6199594,NVIDIA A100-SXM4-40GB,51.2,3.0,30772.0,
4109.566176359,1777948669.8468566,NVIDIA A100-SXM4-40GB,51.2,3.0,30772.0,
4109.794644828,1777948670.075325,NVIDIA A100-SXM4-40GB,51.74,3.0,30772.0,
4110.023734852,1777948670.304415,NVIDIA A100-SXM4-40GB,51.2,3.0,30772.0,
4110.251452801,1777948670.5321329,NVIDIA A100-SXM4-40GB,51.2,3.0,30772.0,
4110.477919671,1777948670.7585998,NVIDIA A100-SXM4-40GB,51.2,3.0,30772.0,
4110.704673939,1777948670.9853537,NVIDIA A100-SXM4-40GB,51.2,3.0,30772.0,
4110.932480971,1777948671.213161,NVIDIA A100-SXM4-40GB,51.15,3.0,30772.0,
4111.159880553,1777948671.440563,NVIDIA A100-SXM4-40GB,51.2,3.0,30772.0,
4111.388098295,1777948671.6687782,NVIDIA A100-SXM4-40GB,51.15,3.0,30772.0,
4111.615347416,1777948671.8960276,NVIDIA A100-SXM4-40GB,51.15,3.0,30772.0,
4111.842925828,1777948672.123606,NVIDIA A100-SXM4-40GB,51.2,3.0,30772.0,
4112.070507454,1777948672.3511875,NVIDIA A100-SXM4-40GB,51.2,3.0,30772.0,
4112.297945004,1777948672.578625,NVIDIA A100-SXM4-40GB,51.2,3.0,30772.0,
4112.524891027,1777948672.8055716,NVIDIA A100-SXM4-40GB,51.2,3.0,30772.0,
4112.751638424,1777948673.0323184,NVIDIA A100-SXM4-40GB,51.2,3.0,30772.0,
4112.981200392,1777948673.2618806,NVIDIA A100-SXM4-40GB,51.15,3.0,30772.0,
4113.20854424,1777948673.4892242,NVIDIA A100-SXM4-40GB,51.15,3.0,30772.0,
4113.435231645,1777948673.7159114,NVIDIA A100-SXM4-40GB,51.2,3.0,30772.0,
4113.664361603,1777948673.9450417,NVIDIA A100-SXM4-40GB,51.2,3.0,30772.0,
4113.890687849,1777948674.171368,NVIDIA A100-SXM4-40GB,51.2,3.0,30772.0,
4114.122061514,1777948674.4027417,NVIDIA A100-SXM4-40GB,51.47,3.0,30772.0,
4114.34982712,1777948674.630507,NVIDIA A100-SXM4-40GB,51.2,3.0,30772.0,
4114.577331191,1777948674.8580112,NVIDIA A100-SXM4-40GB,51.2,3.0,30772.0,
4114.804772122,1777948675.0854523,NVIDIA A100-SXM4-40GB,51.2,3.0,30772.0,
4115.032115305,1777948675.3127956,NVIDIA A100-SXM4-40GB,51.2,3.0,30772.0,
4115.258624931,1777948675.539305,NVIDIA A100-SXM4-40GB,51.15,3.0,30772.0,
4115.485432635,1777948675.7661128,NVIDIA A100-SXM4-40GB,51.2,3.0,30772.0,
4115.713202483,1777948675.993883,NVIDIA A100-SXM4-40GB,51.2,3.0,30772.0,
4115.940332216,1777948676.2210128,NVIDIA A100-SXM4-40GB,51.2,3.0,30772.0,
4116.168203861,1777948676.4488838,NVIDIA A100-SXM4-40GB,51.2,3.0,30772.0,
4116.395296866,1777948676.6759768,NVIDIA A100-SXM4-40GB,51.2,3.0,30772.0,
4116.622015692,1777948676.902696,NVIDIA A100-SXM4-40GB,51.2,3.0,30772.0,
4116.849582596,1777948677.1302629,NVIDIA A100-SXM4-40GB,51.15,3.0,30772.0,
4117.076829651,1777948677.3575096,NVIDIA A100-SXM4-40GB,51.2,3.0,30772.0,
4117.304276438,1777948677.5849564,NVIDIA A100-SXM4-40GB,51.2,3.0,30772.0,
4117.531583327,1777948677.8122637,NVIDIA A100-SXM4-40GB,51.2,3.0,30772.0,
4117.758075813,1777948678.0387561,NVIDIA A100-SXM4-40GB,51.2,3.0,30772.0,
4117.987857975,1777948678.2685385,NVIDIA A100-SXM4-40GB,51.2,3.0,30772.0,
4118.215329578,1777948678.4960098,NVIDIA A100-SXM4-40GB,51.2,3.0,30772.0,
4118.442705567,1777948678.7233856,NVIDIA A100-SXM4-40GB,51.47,3.0,30772.0,
4118.67162358,1777948678.952304,NVIDIA A100-SXM4-40GB,51.2,3.0,30772.0,
4118.899770013,1777948679.18045,NVIDIA A100-SXM4-40GB,51.2,3.0,30772.0,
4119.126359989,1777948679.4070396,NVIDIA A100-SXM4-40GB,51.2,3.0,30772.0,
4119.355656259,1777948679.6363363,NVIDIA A100-SXM4-40GB,51.2,3.0,30772.0,
4119.582551563,1777948679.8632314,NVIDIA A100-SXM4-40GB,51.2,3.0,30772.0,
4119.809165482,1777948680.0898454,NVIDIA A100-SXM4-40GB,51.2,4.0,30772.0,
4120.036407265,1777948680.3170874,NVIDIA A100-SXM4-40GB,51.15,3.0,30772.0,
4120.262909396,1777948680.5435896,NVIDIA A100-SXM4-40GB,51.2,3.0,30772.0,
4120.489687699,1777948680.7703674,NVIDIA A100-SXM4-40GB,51.2,3.0,30772.0,
4120.71608512,1777948680.9967656,NVIDIA A100-SXM4-40GB,51.15,3.0,30772.0,
4120.944607864,1777948681.225288,NVIDIA A100-SXM4-40GB,51.2,3.0,30772.0,
4121.171626805,1777948681.4523067,NVIDIA A100-SXM4-40GB,51.2,3.0,30772.0,
4121.398785031,1777948681.6794653,NVIDIA A100-SXM4-40GB,51.2,3.0,30772.0,
4121.627333409,1777948681.9080136,NVIDIA A100-SXM4-40GB,51.47,3.0,30772.0,
4121.854867488,1777948682.1355474,NVIDIA A100-SXM4-40GB,51.2,3.0,30772.0,
4122.082473899,1777948682.3631542,NVIDIA A100-SXM4-40GB,51.2,3.0,30772.0,
4122.311195267,1777948682.591875,NVIDIA A100-SXM4-40GB,51.15,3.0,30772.0,
4122.538081761,1777948682.818762,NVIDIA A100-SXM4-40GB,51.2,3.0,30772.0,
4122.765077378,1777948683.0457578,NVIDIA A100-SXM4-40GB,51.15,3.0,30772.0,
4122.993307241,1777948683.2739875,NVIDIA A100-SXM4-40GB,51.2,3.0,30772.0,
4123.220852337,1777948683.5015323,NVIDIA A100-SXM4-40GB,51.15,3.0,30772.0,
4123.447826977,1777948683.728507,NVIDIA A100-SXM4-40GB,51.15,3.0,30772.0,
4123.674994022,1777948683.955674,NVIDIA A100-SXM4-40GB,51.2,3.0,30772.0,
4123.902637731,1777948684.183318,NVIDIA A100-SXM4-40GB,51.15,3.0,30772.0,
4124.135734222,1777948684.4164145,NVIDIA A100-SXM4-40GB,51.2,3.0,30772.0,
4124.374221213,1777948684.6549015,NVIDIA A100-SXM4-40GB,51.42,3.0,30772.0,
4124.60189874,1777948684.8825786,NVIDIA A100-SXM4-40GB,51.2,3.0,30772.0,
4124.828937816,1777948685.1096182,NVIDIA A100-SXM4-40GB,51.2,3.0,30772.0,
4125.055934506,1777948685.336615,NVIDIA A100-SXM4-40GB,51.15,3.0,30772.0,
4125.283028094,1777948685.563708,NVIDIA A100-SXM4-40GB,51.15,3.0,30772.0,
4125.51020878,1777948685.7908888,NVIDIA A100-SXM4-40GB,51.2,3.0,30772.0,
4125.736959816,1777948686.0176399,NVIDIA A100-SXM4-40GB,51.15,3.0,30772.0,
4125.964530163,1777948686.2452104,NVIDIA A100-SXM4-40GB,51.2,3.0,30772.0,
4126.192959536,1777948686.4736397,NVIDIA A100-SXM4-40GB,51.2,3.0,30772.0,
4126.419775139,1777948686.7004552,NVIDIA A100-SXM4-40GB,51.15,3.0,30772.0,
4126.646614607,1777948686.9272947,NVIDIA A100-SXM4-40GB,51.2,3.0,30772.0,
4126.873833251,1777948687.1545134,NVIDIA A100-SXM4-40GB,51.2,3.0,30772.0,
4127.101486155,1777948687.382166,NVIDIA A100-SXM4-40GB,51.15,3.0,30772.0,
4127.328122193,1777948687.6088026,NVIDIA A100-SXM4-40GB,51.2,3.0,30772.0,
4127.554921606,1777948687.8356016,NVIDIA A100-SXM4-40GB,51.2,3.0,30772.0,
4127.78191212,1777948688.062592,NVIDIA A100-SXM4-40GB,51.15,3.0,30772.0,
4128.00938593,1777948688.2900662,NVIDIA A100-SXM4-40GB,51.2,3.0,30772.0,
4128.236843636,1777948688.5175235,NVIDIA A100-SXM4-40GB,51.2,3.0,30772.0,
4128.464942477,1777948688.7456226,NVIDIA A100-SXM4-40GB,51.15,3.0,30772.0,
4128.693374427,1777948688.9740546,NVIDIA A100-SXM4-40GB,51.47,3.0,30772.0,
4128.920841342,1777948689.2015216,NVIDIA A100-SXM4-40GB,51.2,3.0,30772.0,
4129.148990924,1777948689.4296708,NVIDIA A100-SXM4-40GB,51.15,3.0,30772.0,
4129.374886291,1777948689.6555665,NVIDIA A100-SXM4-40GB,51.2,4.0,30772.0,
4129.604827937,1777948689.885508,NVIDIA A100-SXM4-40GB,51.15,3.0,30772.0,
4129.833537732,1777948690.1142178,NVIDIA A100-SXM4-40GB,51.2,3.0,30772.0,
4130.060924559,1777948690.341605,NVIDIA A100-SXM4-40GB,51.2,3.0,30772.0,
4130.289620462,1777948690.5703006,NVIDIA A100-SXM4-40GB,51.15,3.0,30772.0,
4130.517331486,1777948690.7980113,NVIDIA A100-SXM4-40GB,51.15,3.0,30772.0,
4130.743720878,1777948691.0244012,NVIDIA A100-SXM4-40GB,51.15,3.0,30772.0,
4130.971454118,1777948691.2521343,NVIDIA A100-SXM4-40GB,51.15,3.0,30772.0,
4131.200225533,1777948691.4809058,NVIDIA A100-SXM4-40GB,51.2,3.0,30772.0,
4131.428042875,1777948691.7087228,NVIDIA A100-SXM4-40GB,51.2,3.0,30772.0,
4131.656098219,1777948691.9367783,NVIDIA A100-SXM4-40GB,51.2,3.0,30772.0,
4131.884349203,1777948692.165029,NVIDIA A100-SXM4-40GB,51.15,3.0,30772.0,
4132.112142233,1777948692.3928227,NVIDIA A100-SXM4-40GB,51.2,3.0,30772.0,
4132.339886911,1777948692.620567,NVIDIA A100-SXM4-40GB,50.88,0.0,30772.0,
4132.568397738,1777948692.8490777,NVIDIA A100-SXM4-40GB,51.2,0.0,30772.0,
4132.79505458,1777948693.075735,NVIDIA A100-SXM4-40GB,51.2,3.0,30772.0,
4133.022252321,1777948693.3029323,NVIDIA A100-SXM4-40GB,51.2,3.0,30772.0,
4133.251150375,1777948693.5318303,NVIDIA A100-SXM4-40GB,51.2,3.0,30772.0,
4133.477591191,1777948693.7582712,NVIDIA A100-SXM4-40GB,51.2,3.0,30772.0,
4133.70388422,1777948693.9845643,NVIDIA A100-SXM4-40GB,51.2,3.0,30772.0,
4133.932154353,1777948694.2128346,NVIDIA A100-SXM4-40GB,51.15,3.0,30772.0,
4134.15878123,1777948694.4394615,NVIDIA A100-SXM4-40GB,51.2,3.0,30772.0,
4134.388017957,1777948694.668698,NVIDIA A100-SXM4-40GB,51.2,3.0,30772.0,
4134.615243699,1777948694.8959239,NVIDIA A100-SXM4-40GB,51.2,3.0,30772.0,
4134.842909003,1777948695.1235888,NVIDIA A100-SXM4-40GB,51.2,3.0,30772.0,
4135.070597911,1777948695.3512778,NVIDIA A100-SXM4-40GB,51.2,3.0,30772.0,
4135.297438994,1777948695.5781198,NVIDIA A100-SXM4-40GB,51.15,4.0,30772.0,
4135.52419354,1777948695.8048737,NVIDIA A100-SXM4-40GB,51.2,3.0,30772.0,
4135.751316307,1777948696.0319963,NVIDIA A100-SXM4-40GB,51.2,3.0,30772.0,
4135.979058212,1777948696.2597384,NVIDIA A100-SXM4-40GB,51.2,3.0,30772.0,
4136.207328563,1777948696.4880087,NVIDIA A100-SXM4-40GB,51.2,3.0,30772.0,
4136.435214969,1777948696.7158954,NVIDIA A100-SXM4-40GB,51.47,3.0,30772.0,
4136.662092706,1777948696.9427726,NVIDIA A100-SXM4-40GB,51.47,3.0,30772.0,
4136.888979862,1777948697.1696603,NVIDIA A100-SXM4-40GB,51.2,4.0,30772.0,
4137.11645805,1777948697.397138,NVIDIA A100-SXM4-40GB,51.15,3.0,30772.0,
4137.344719974,1777948697.6253998,NVIDIA A100-SXM4-40GB,51.2,3.0,30772.0,
4137.573131638,1777948697.8538117,NVIDIA A100-SXM4-40GB,51.15,3.0,30772.0,
4137.800394583,1777948698.0810747,NVIDIA A100-SXM4-40GB,51.2,3.0,30772.0,
4138.027583293,1777948698.3082638,NVIDIA A100-SXM4-40GB,51.2,3.0,30772.0,
4138.254737156,1777948698.5354173,NVIDIA A100-SXM4-40GB,51.2,3.0,30772.0,
4138.482195199,1777948698.7628753,NVIDIA A100-SXM4-40GB,51.2,3.0,30772.0,
4138.70952099,1777948698.9902008,NVIDIA A100-SXM4-40GB,51.2,3.0,30772.0,
4138.936766941,1777948699.2174473,NVIDIA A100-SXM4-40GB,51.15,3.0,30772.0,
4139.164167999,1777948699.4448478,NVIDIA A100-SXM4-40GB,51.2,3.0,30772.0,
4139.390765204,1777948699.6714451,NVIDIA A100-SXM4-40GB,51.15,3.0,30772.0,
4139.617242708,1777948699.897923,NVIDIA A100-SXM4-40GB,51.2,3.0,30772.0,
4139.845402176,1777948700.1260824,NVIDIA A100-SXM4-40GB,51.15,3.0,30772.0,
4140.072886379,1777948700.3535664,NVIDIA A100-SXM4-40GB,51.2,3.0,30772.0,
4140.29948926,1777948700.5801697,NVIDIA A100-SXM4-40GB,51.2,2.0,30772.0,
4140.526664568,1777948700.8073447,NVIDIA A100-SXM4-40GB,51.2,1.0,30772.0,
4140.753344716,1777948701.034025,NVIDIA A100-SXM4-40GB,51.2,3.0,30772.0,
4140.980322338,1777948701.2610023,NVIDIA A100-SXM4-40GB,51.2,3.0,30772.0,
4141.207404522,1777948701.488085,NVIDIA A100-SXM4-40GB,51.2,3.0,30772.0,
4141.435855652,1777948701.716536,NVIDIA A100-SXM4-40GB,51.2,3.0,30772.0,
4141.662936763,1777948701.943617,NVIDIA A100-SXM4-40GB,51.47,3.0,30772.0,
4141.890247435,1777948702.1709275,NVIDIA A100-SXM4-40GB,51.2,3.0,30772.0,
4142.120354857,1777948702.401035,NVIDIA A100-SXM4-40GB,51.2,3.0,30772.0,
4142.347661656,1777948702.6283417,NVIDIA A100-SXM4-40GB,51.15,3.0,30772.0,
4142.574870955,1777948702.8555508,NVIDIA A100-SXM4-40GB,51.2,3.0,30772.0,
4142.803685445,1777948703.0843656,NVIDIA A100-SXM4-40GB,51.47,3.0,30772.0,
4143.031564192,1777948703.3122444,NVIDIA A100-SXM4-40GB,51.2,3.0,30772.0,
4143.259812236,1777948703.5404925,NVIDIA A100-SXM4-40GB,51.15,3.0,30772.0,
4143.487202693,1777948703.7678833,NVIDIA A100-SXM4-40GB,51.15,3.0,30772.0,
4143.714149902,1777948703.9948304,NVIDIA A100-SXM4-40GB,51.2,3.0,30772.0,
4143.941863055,1777948704.222543,NVIDIA A100-SXM4-40GB,51.47,3.0,30772.0,
4144.170586989,1777948704.4512668,NVIDIA A100-SXM4-40GB,51.47,2.0,30772.0,
4144.397739636,1777948704.6784198,NVIDIA A100-SXM4-40GB,51.2,3.0,30772.0,
4144.624721701,1777948704.9054017,NVIDIA A100-SXM4-40GB,51.2,4.0,30772.0,
4144.8550976,1777948705.1357775,NVIDIA A100-SXM4-40GB,51.15,3.0,30772.0,
4145.083387322,1777948705.3640676,NVIDIA A100-SXM4-40GB,51.47,3.0,30772.0,
4145.310528497,1777948705.5912087,NVIDIA A100-SXM4-40GB,51.47,3.0,30772.0,
4145.538171986,1777948705.818852,NVIDIA A100-SXM4-40GB,51.15,3.0,30772.0,
4145.765323668,1777948706.0460038,NVIDIA A100-SXM4-40GB,51.47,3.0,30772.0,
4145.992570942,1777948706.273251,NVIDIA A100-SXM4-40GB,51.2,3.0,30772.0,
4146.22202759,1777948706.5027077,NVIDIA A100-SXM4-40GB,51.2,3.0,30772.0,
4146.448901677,1777948706.7295818,NVIDIA A100-SXM4-40GB,51.2,3.0,30772.0,
4146.675905513,1777948706.9565856,NVIDIA A100-SXM4-40GB,51.2,3.0,30772.0,
4146.903232754,1777948707.183913,NVIDIA A100-SXM4-40GB,51.15,3.0,30772.0,
4147.131172018,1777948707.4118524,NVIDIA A100-SXM4-40GB,51.2,3.0,30772.0,
4147.35817542,1777948707.6388557,NVIDIA A100-SXM4-40GB,51.47,3.0,30772.0,
4147.585483108,1777948707.8661633,NVIDIA A100-SXM4-40GB,51.15,3.0,30772.0,
4147.812850618,1777948708.0935307,NVIDIA A100-SXM4-40GB,51.2,3.0,30772.0,
4148.040876192,1777948708.3215563,NVIDIA A100-SXM4-40GB,51.2,3.0,30772.0,
4148.268249993,1777948708.5489297,NVIDIA A100-SXM4-40GB,51.2,3.0,30772.0,
4148.495581215,1777948708.776261,NVIDIA A100-SXM4-40GB,51.47,3.0,30772.0,
4148.722793299,1777948709.0034738,NVIDIA A100-SXM4-40GB,51.2,3.0,30772.0,
4148.950403812,1777948709.231084,NVIDIA A100-SXM4-40GB,51.2,3.0,30772.0,
4149.178282116,1777948709.4589622,NVIDIA A100-SXM4-40GB,51.47,4.0,30772.0,
4149.40634443,1777948709.6870246,NVIDIA A100-SXM4-40GB,51.15,3.0,30772.0,
4149.633065054,1777948709.9137454,NVIDIA A100-SXM4-40GB,51.2,3.0,30772.0,
4149.865829391,1777948710.1465094,NVIDIA A100-SXM4-40GB,51.42,3.0,30772.0,
4150.104124652,1777948710.384805,NVIDIA A100-SXM4-40GB,51.42,3.0,30772.0,
4150.33137316,1777948710.6120532,NVIDIA A100-SXM4-40GB,51.47,3.0,30772.0,
4150.558357634,1777948710.8390374,NVIDIA A100-SXM4-40GB,51.47,3.0,30772.0,
4150.785352768,1777948711.0660326,NVIDIA A100-SXM4-40GB,51.2,3.0,30772.0,
4151.012854427,1777948711.2935345,NVIDIA A100-SXM4-40GB,51.47,3.0,30772.0,
4151.239946972,1777948711.5206273,NVIDIA A100-SXM4-40GB,51.2,3.0,30772.0,
4151.46709609,1777948711.7477763,NVIDIA A100-SXM4-40GB,51.2,3.0,30772.0,
4151.69486713,1777948711.975547,NVIDIA A100-SXM4-40GB,51.42,3.0,30772.0,
4151.922774225,1777948712.2034543,NVIDIA A100-SXM4-40GB,51.2,3.0,30772.0,
4152.150225639,1777948712.430906,NVIDIA A100-SXM4-40GB,51.2,3.0,30772.0,
4152.37724841,1777948712.657929,NVIDIA A100-SXM4-40GB,51.47,3.0,30772.0,
4152.605594943,1777948712.8862748,NVIDIA A100-SXM4-40GB,51.2,3.0,30772.0,
4152.833407262,1777948713.1140873,NVIDIA A100-SXM4-40GB,51.47,3.0,30772.0,
4153.061050184,1777948713.34173,NVIDIA A100-SXM4-40GB,51.15,3.0,30772.0,
4153.288270225,1777948713.5689504,NVIDIA A100-SXM4-40GB,51.2,3.0,30772.0,
4153.515532421,1777948713.7962124,NVIDIA A100-SXM4-40GB,51.47,3.0,30772.0,
4153.742604565,1777948714.0232847,NVIDIA A100-SXM4-40GB,51.15,3.0,30772.0,
4153.969407473,1777948714.2500877,NVIDIA A100-SXM4-40GB,51.47,3.0,30772.0,
4154.196480491,1777948714.477161,NVIDIA A100-SXM4-40GB,51.2,3.0,30772.0,
4154.425821875,1777948714.7065022,NVIDIA A100-SXM4-40GB,51.47,3.0,30772.0,
4154.652939035,1777948714.933619,NVIDIA A100-SXM4-40GB,51.47,3.0,30772.0,
4154.880024449,1777948715.1607046,NVIDIA A100-SXM4-40GB,51.47,3.0,30772.0,
4155.108897839,1777948715.3895779,NVIDIA A100-SXM4-40GB,51.47,3.0,30772.0,
4155.335908801,1777948715.616589,NVIDIA A100-SXM4-40GB,51.47,3.0,30772.0,
4155.563325704,1777948715.8440056,NVIDIA A100-SXM4-40GB,51.47,4.0,30772.0,
4155.790396806,1777948716.071077,NVIDIA A100-SXM4-40GB,51.2,3.0,30772.0,
4156.018166607,1777948716.2988465,NVIDIA A100-SXM4-40GB,51.42,3.0,30772.0,
4156.246562373,1777948716.5272422,NVIDIA A100-SXM4-40GB,51.15,3.0,30772.0,
4156.473944519,1777948716.7546248,NVIDIA A100-SXM4-40GB,51.15,3.0,30772.0,
4156.701318493,1777948716.9819987,NVIDIA A100-SXM4-40GB,51.47,3.0,30772.0,
4156.928397333,1777948717.2090776,NVIDIA A100-SXM4-40GB,51.2,3.0,30772.0,
4157.156170781,1777948717.4368508,NVIDIA A100-SXM4-40GB,51.42,3.0,30772.0,
4157.383685245,1777948717.6643655,NVIDIA A100-SXM4-40GB,51.47,3.0,30772.0,
4157.610115627,1777948717.8907957,NVIDIA A100-SXM4-40GB,51.42,3.0,30772.0,
4157.838216676,1777948718.118897,NVIDIA A100-SXM4-40GB,51.42,3.0,30772.0,
4158.065574953,1777948718.346255,NVIDIA A100-SXM4-40GB,51.47,3.0,30772.0,
4158.292172341,1777948718.5728524,NVIDIA A100-SXM4-40GB,51.47,3.0,30772.0,
4158.520378006,1777948718.8010578,NVIDIA A100-SXM4-40GB,51.2,3.0,30772.0,
4158.74807709,1777948719.0287573,NVIDIA A100-SXM4-40GB,51.47,4.0,30772.0,
4158.976615704,1777948719.2572956,NVIDIA A100-SXM4-40GB,51.47,4.0,30772.0,
4159.203909068,1777948719.4845893,NVIDIA A100-SXM4-40GB,51.47,3.0,30772.0,
4159.431386729,1777948719.712067,NVIDIA A100-SXM4-40GB,51.2,4.0,30772.0,
4159.658456104,1777948719.9391363,NVIDIA A100-SXM4-40GB,51.47,4.0,30772.0,
4159.88613434,1777948720.166814,NVIDIA A100-SXM4-40GB,51.2,3.0,30772.0,
4160.112975632,1777948720.3936558,NVIDIA A100-SXM4-40GB,51.47,3.0,30772.0,
4160.340189353,1777948720.6208692,NVIDIA A100-SXM4-40GB,51.47,3.0,30772.0,
4160.566940136,1777948720.8476202,NVIDIA A100-SXM4-40GB,51.47,3.0,30772.0,
4160.794425312,1777948721.0751052,NVIDIA A100-SXM4-40GB,51.47,3.0,30772.0,
4161.020960527,1777948721.3016405,NVIDIA A100-SXM4-40GB,51.47,3.0,30772.0,
4161.248693486,1777948721.5293734,NVIDIA A100-SXM4-40GB,51.2,3.0,30772.0,
4161.475872189,1777948721.7565522,NVIDIA A100-SXM4-40GB,51.42,3.0,30772.0,
4161.703740996,1777948721.984421,NVIDIA A100-SXM4-40GB,51.47,3.0,30772.0,
4161.930582476,1777948722.2112627,NVIDIA A100-SXM4-40GB,51.15,3.0,30772.0,
4162.157964962,1777948722.438645,NVIDIA A100-SXM4-40GB,51.47,3.0,30772.0,
4162.387089845,1777948722.66777,NVIDIA A100-SXM4-40GB,51.47,3.0,30772.0,
4162.613886382,1777948722.8945663,NVIDIA A100-SXM4-40GB,51.2,3.0,30772.0,
4162.840836471,1777948723.1215167,NVIDIA A100-SXM4-40GB,51.47,3.0,30772.0,
4163.069507125,1777948723.3501875,NVIDIA A100-SXM4-40GB,51.47,3.0,30772.0,
4163.296136241,1777948723.5768163,NVIDIA A100-SXM4-40GB,51.47,3.0,30772.0,
4163.522604025,1777948723.803284,NVIDIA A100-SXM4-40GB,51.15,3.0,30772.0,
4163.749932947,1777948724.0306132,NVIDIA A100-SXM4-40GB,51.47,3.0,30772.0,
4163.976921135,1777948724.2576017,NVIDIA A100-SXM4-40GB,51.47,3.0,30772.0,
4164.204705474,1777948724.4853857,NVIDIA A100-SXM4-40GB,51.2,3.0,30772.0,
4164.432798308,1777948724.713478,NVIDIA A100-SXM4-40GB,51.47,3.0,30772.0,
4164.660593924,1777948724.941274,NVIDIA A100-SXM4-40GB,51.47,3.0,30772.0,
4164.887754234,1777948725.1684341,NVIDIA A100-SXM4-40GB,51.47,3.0,30772.0,
4165.116258402,1777948725.3969383,NVIDIA A100-SXM4-40GB,51.47,3.0,30772.0,
4165.342573387,1777948725.6232536,NVIDIA A100-SXM4-40GB,51.47,4.0,30772.0,
4165.570010599,1777948725.8506908,NVIDIA A100-SXM4-40GB,51.47,4.0,30772.0,
4165.796827365,1777948726.0775073,NVIDIA A100-SXM4-40GB,51.47,3.0,30772.0,
4166.024043911,1777948726.304724,NVIDIA A100-SXM4-40GB,51.47,3.0,30772.0,
4166.251290374,1777948726.5319703,NVIDIA A100-SXM4-40GB,51.47,3.0,30772.0,
4166.477812745,1777948726.758493,NVIDIA A100-SXM4-40GB,51.47,3.0,30772.0,
4166.705568878,1777948726.986249,NVIDIA A100-SXM4-40GB,51.47,3.0,30772.0,
4166.933166358,1777948727.2138462,NVIDIA A100-SXM4-40GB,51.42,3.0,30772.0,
4167.16039629,1777948727.4410763,NVIDIA A100-SXM4-40GB,51.15,3.0,30772.0,
4167.387645121,1777948727.6683252,NVIDIA A100-SXM4-40GB,51.74,3.0,30772.0,
4167.615435203,1777948727.8961153,NVIDIA A100-SXM4-40GB,51.47,3.0,30772.0,
4167.842442261,1777948728.1231225,NVIDIA A100-SXM4-40GB,51.47,3.0,30772.0,
4168.069905373,1777948728.3505857,NVIDIA A100-SXM4-40GB,51.47,4.0,30772.0,
4168.297971355,1777948728.5786514,NVIDIA A100-SXM4-40GB,51.47,3.0,30772.0,
4168.527067302,1777948728.8077476,NVIDIA A100-SXM4-40GB,51.47,4.0,30772.0,
4168.753633558,1777948729.034314,NVIDIA A100-SXM4-40GB,51.47,3.0,30772.0,
4168.981324488,1777948729.2620044,NVIDIA A100-SXM4-40GB,51.2,3.0,30772.0,
4169.20874129,1777948729.4894214,NVIDIA A100-SXM4-40GB,51.42,3.0,30772.0,
4169.436143625,1777948729.7168236,NVIDIA A100-SXM4-40GB,51.42,3.0,30772.0,
4169.664498841,1777948729.9451792,NVIDIA A100-SXM4-40GB,51.47,3.0,30772.0,
4169.891341028,1777948730.1720212,NVIDIA A100-SXM4-40GB,51.47,3.0,30772.0,
4170.118689607,1777948730.3993695,NVIDIA A100-SXM4-40GB,51.47,3.0,30772.0,
4170.350605242,1777948730.6312852,NVIDIA A100-SXM4-40GB,51.47,4.0,30772.0,
4170.577539217,1777948730.8582196,NVIDIA A100-SXM4-40GB,51.42,4.0,30772.0,
4170.804721846,1777948731.085402,NVIDIA A100-SXM4-40GB,51.74,4.0,30772.0,
4171.033635497,1777948731.3143158,NVIDIA A100-SXM4-40GB,51.47,3.0,30772.0,
4171.260472529,1777948731.5411527,NVIDIA A100-SXM4-40GB,51.47,3.0,30772.0,
4171.487282359,1777948731.7679622,NVIDIA A100-SXM4-40GB,51.47,3.0,30772.0,
4171.715768141,1777948731.996448,NVIDIA A100-SXM4-40GB,51.47,3.0,30772.0,
4171.942663073,1777948732.2233434,NVIDIA A100-SXM4-40GB,51.47,3.0,30772.0,
4172.169593725,1777948732.450274,NVIDIA A100-SXM4-40GB,51.47,3.0,30772.0,
4172.398029956,1777948732.67871,NVIDIA A100-SXM4-40GB,51.42,3.0,30772.0,
4172.625597239,1777948732.9062777,NVIDIA A100-SXM4-40GB,51.2,3.0,30772.0,
4172.852842574,1777948733.1335227,NVIDIA A100-SXM4-40GB,51.15,3.0,30772.0,
4173.080073221,1777948733.3607533,NVIDIA A100-SXM4-40GB,51.2,3.0,30772.0,
4173.309873835,1777948733.590554,NVIDIA A100-SXM4-40GB,51.2,4.0,30772.0,
4173.536457947,1777948733.8171382,NVIDIA A100-SXM4-40GB,51.2,4.0,30772.0,
4173.764048902,1777948734.044729,NVIDIA A100-SXM4-40GB,51.2,4.0,30772.0,
4173.991684561,1777948734.272365,NVIDIA A100-SXM4-40GB,51.2,4.0,30772.0,
4174.220303779,1777948734.5009837,NVIDIA A100-SXM4-40GB,51.69,4.0,30772.0,
4174.450126519,1777948734.7308068,NVIDIA A100-SXM4-40GB,51.15,3.0,30772.0,
4174.67666843,1777948734.9573486,NVIDIA A100-SXM4-40GB,51.2,3.0,30772.0,
4174.903277225,1777948735.1839573,NVIDIA A100-SXM4-40GB,51.47,3.0,30772.0,
4175.130712288,1777948735.4113922,NVIDIA A100-SXM4-40GB,51.2,3.0,30772.0,
4175.359038274,1777948735.6397183,NVIDIA A100-SXM4-40GB,51.15,3.0,30772.0,
4175.58684629,1777948735.8675263,NVIDIA A100-SXM4-40GB,51.15,3.0,30772.0,
4175.81388894,1777948736.0945692,NVIDIA A100-SXM4-40GB,51.15,3.0,30772.0,
4176.041264199,1777948736.3219442,NVIDIA A100-SXM4-40GB,51.2,3.0,30772.0,
4176.26821302,1777948736.5488932,NVIDIA A100-SXM4-40GB,51.15,3.0,30772.0,
4176.496211669,1777948736.776892,NVIDIA A100-SXM4-40GB,51.15,3.0,30772.0,
4176.723343182,1777948737.0040233,NVIDIA A100-SXM4-40GB,51.2,3.0,30772.0,
4176.950269983,1777948737.2309499,NVIDIA A100-SXM4-40GB,51.2,3.0,30772.0,
4177.177357606,1777948737.4580379,NVIDIA A100-SXM4-40GB,51.42,4.0,30772.0,
4177.40579816,1777948737.6864786,NVIDIA A100-SXM4-40GB,51.2,3.0,30772.0,
4177.632880176,1777948737.9135604,NVIDIA A100-SXM4-40GB,51.15,4.0,30772.0,
4177.859815396,1777948738.1404953,NVIDIA A100-SXM4-40GB,51.2,3.0,30772.0,
4178.087068787,1777948738.367749,NVIDIA A100-SXM4-40GB,51.2,3.0,30772.0,
4178.314145241,1777948738.5948255,NVIDIA A100-SXM4-40GB,51.15,3.0,30772.0,
4178.541562011,1777948738.8222423,NVIDIA A100-SXM4-40GB,51.2,4.0,30772.0,
4178.769619628,1777948739.0502996,NVIDIA A100-SXM4-40GB,51.2,3.0,30772.0,
4178.99694231,1777948739.2776222,NVIDIA A100-SXM4-40GB,51.15,3.0,30772.0,
4179.224594295,1777948739.505274,NVIDIA A100-SXM4-40GB,51.15,3.0,30772.0,
4179.451537931,1777948739.732218,NVIDIA A100-SXM4-40GB,51.47,4.0,30772.0,
4179.678633972,1777948739.959314,NVIDIA A100-SXM4-40GB,51.15,3.0,30772.0,
4179.905062649,1777948740.1857429,NVIDIA A100-SXM4-40GB,51.2,3.0,30772.0,
4180.132053471,1777948740.4127336,NVIDIA A100-SXM4-40GB,51.2,3.0,30772.0,
4180.359194153,1777948740.639874,NVIDIA A100-SXM4-40GB,51.15,4.0,30772.0,
4180.58785173,1777948740.868532,NVIDIA A100-SXM4-40GB,51.47,4.0,30772.0,
4180.814249902,1777948741.09493,NVIDIA A100-SXM4-40GB,51.15,4.0,30772.0,
4181.043187839,1777948741.3238683,NVIDIA A100-SXM4-40GB,51.2,4.0,30772.0,
4181.269931511,1777948741.5506117,NVIDIA A100-SXM4-40GB,51.47,3.0,30772.0,
4181.496722868,1777948741.777403,NVIDIA A100-SXM4-40GB,51.2,3.0,30772.0,
4181.724230361,1777948742.004911,NVIDIA A100-SXM4-40GB,51.47,3.0,30772.0,
4181.95095116,1777948742.231631,NVIDIA A100-SXM4-40GB,51.2,3.0,30772.0,
4182.178306119,1777948742.458986,NVIDIA A100-SXM4-40GB,51.2,3.0,30772.0,
4182.405201341,1777948742.6858814,NVIDIA A100-SXM4-40GB,51.2,3.0,30772.0,
4182.633685889,1777948742.9143662,NVIDIA A100-SXM4-40GB,51.47,3.0,30772.0,
4182.860588988,1777948743.1412694,NVIDIA A100-SXM4-40GB,51.2,3.0,30772.0,
4183.088320515,1777948743.3690004,NVIDIA A100-SXM4-40GB,51.47,3.0,30772.0,
4183.314664648,1777948743.5953445,NVIDIA A100-SXM4-40GB,51.2,3.0,30772.0,
4183.541687666,1777948743.8223677,NVIDIA A100-SXM4-40GB,51.2,4.0,30772.0,
4183.770303833,1777948744.050984,NVIDIA A100-SXM4-40GB,51.47,3.0,30772.0,
4183.998173015,1777948744.2788532,NVIDIA A100-SXM4-40GB,51.2,3.0,30772.0,
4184.230273377,1777948744.510954,NVIDIA A100-SXM4-40GB,51.47,3.0,30772.0,
4184.458825019,1777948744.739505,NVIDIA A100-SXM4-40GB,51.2,3.0,30772.0,
4184.68564032,1777948744.9663208,NVIDIA A100-SXM4-40GB,51.2,3.0,30772.0,
4184.912251196,1777948745.1929314,NVIDIA A100-SXM4-40GB,51.2,3.0,30772.0,
4185.139373732,1777948745.420054,NVIDIA A100-SXM4-40GB,51.47,4.0,30772.0,
4185.367276284,1777948745.6479561,NVIDIA A100-SXM4-40GB,51.42,4.0,30772.0,
4185.594734577,1777948745.8754146,NVIDIA A100-SXM4-40GB,51.2,3.0,30772.0,
4185.82387141,1777948746.104552,NVIDIA A100-SXM4-40GB,51.2,3.0,30772.0,
4186.052557045,1777948746.333237,NVIDIA A100-SXM4-40GB,51.15,3.0,30772.0,
4186.279977286,1777948746.5606575,NVIDIA A100-SXM4-40GB,51.2,3.0,30772.0,
4186.507437662,1777948746.7881176,NVIDIA A100-SXM4-40GB,51.15,3.0,30772.0,
4186.736559702,1777948747.0172398,NVIDIA A100-SXM4-40GB,51.15,3.0,30772.0,
4186.965128587,1777948747.2458086,NVIDIA A100-SXM4-40GB,51.2,3.0,30772.0,
4187.192514006,1777948747.4731948,NVIDIA A100-SXM4-40GB,51.47,3.0,30772.0,
4187.419522196,1777948747.7002025,NVIDIA A100-SXM4-40GB,51.15,3.0,30772.0,
4187.646556858,1777948747.927237,NVIDIA A100-SXM4-40GB,51.2,3.0,30772.0,
4187.872981263,1777948748.1536615,NVIDIA A100-SXM4-40GB,51.15,3.0,30772.0,
4188.101386998,1777948748.382067,NVIDIA A100-SXM4-40GB,51.15,3.0,30772.0,
4188.328452644,1777948748.6091328,NVIDIA A100-SXM4-40GB,51.2,3.0,30772.0,
4188.555941882,1777948748.836622,NVIDIA A100-SXM4-40GB,51.2,3.0,30772.0,
4188.783464389,1777948749.0641448,NVIDIA A100-SXM4-40GB,51.2,3.0,30772.0,
4189.010230828,1777948749.290911,NVIDIA A100-SXM4-40GB,51.2,4.0,30772.0,
4189.236805184,1777948749.5174856,NVIDIA A100-SXM4-40GB,51.2,3.0,30772.0,
4189.463239908,1777948749.7439198,NVIDIA A100-SXM4-40GB,51.2,4.0,30772.0,
4189.690913548,1777948749.9715936,NVIDIA A100-SXM4-40GB,51.2,4.0,30772.0,
4189.929047494,1777948750.2097278,NVIDIA A100-SXM4-40GB,51.2,3.0,30772.0,
4190.155967869,1777948750.436648,NVIDIA A100-SXM4-40GB,51.2,3.0,30772.0,
4190.383141283,1777948750.663821,NVIDIA A100-SXM4-40GB,51.2,3.0,30772.0,
4190.60985604,1777948750.8905358,NVIDIA A100-SXM4-40GB,51.47,3.0,30772.0,
4190.83830317,1777948751.1189833,NVIDIA A100-SXM4-40GB,51.2,3.0,30772.0,
4191.065942209,1777948751.3466222,NVIDIA A100-SXM4-40GB,51.2,3.0,30772.0,
4191.292812427,1777948751.5734925,NVIDIA A100-SXM4-40GB,51.15,3.0,30772.0,
4191.520196762,1777948751.800877,NVIDIA A100-SXM4-40GB,51.2,3.0,30772.0,
4191.747186426,1777948752.0278664,NVIDIA A100-SXM4-40GB,51.2,4.0,30772.0,
4191.973924669,1777948752.2546048,NVIDIA A100-SXM4-40GB,51.2,3.0,30772.0,
4192.200826807,1777948752.481507,NVIDIA A100-SXM4-40GB,51.2,4.0,30772.0,
4192.427672243,1777948752.7083526,NVIDIA A100-SXM4-40GB,51.2,3.0,30772.0,
4192.654903748,1777948752.935584,NVIDIA A100-SXM4-40GB,51.47,4.0,30772.0,
4192.882389525,1777948753.1630695,NVIDIA A100-SXM4-40GB,51.2,4.0,30772.0,
4193.111526908,1777948753.392207,NVIDIA A100-SXM4-40GB,51.2,3.0,30772.0,
4193.338678749,1777948753.6193588,NVIDIA A100-SXM4-40GB,51.15,4.0,30772.0,
4193.565946306,1777948753.8466263,NVIDIA A100-SXM4-40GB,51.2,4.0,30772.0,
4193.795023959,1777948754.075704,NVIDIA A100-SXM4-40GB,51.2,3.0,30772.0,
4194.021524928,1777948754.3022048,NVIDIA A100-SXM4-40GB,51.74,3.0,30772.0,
4194.250172142,1777948754.5308523,NVIDIA A100-SXM4-40GB,51.2,3.0,30772.0,
4194.478315646,1777948754.758996,NVIDIA A100-SXM4-40GB,51.15,3.0,30772.0,
4194.705053063,1777948754.9857333,NVIDIA A100-SXM4-40GB,51.15,3.0,30772.0,
4194.932134406,1777948755.2128148,NVIDIA A100-SXM4-40GB,51.42,3.0,30772.0,
4195.1596553,1777948755.440335,NVIDIA A100-SXM4-40GB,51.2,3.0,30772.0,
4195.386947276,1777948755.6676273,NVIDIA A100-SXM4-40GB,51.15,3.0,30772.0,
4195.623196012,1777948755.903876,NVIDIA A100-SXM4-40GB,51.15,3.0,30772.0,
4195.849834535,1777948756.1305144,NVIDIA A100-SXM4-40GB,51.2,3.0,30772.0,
4196.077764637,1777948756.3584445,NVIDIA A100-SXM4-40GB,51.15,3.0,30772.0,
4196.304873411,1777948756.5855534,NVIDIA A100-SXM4-40GB,51.2,3.0,30772.0,
4196.53187233,1777948756.8125525,NVIDIA A100-SXM4-40GB,51.2,3.0,30772.0,
4196.759299817,1777948757.03998,NVIDIA A100-SXM4-40GB,51.2,3.0,30772.0,
4196.987038938,1777948757.2677193,NVIDIA A100-SXM4-40GB,51.2,3.0,30772.0,
4197.215043171,1777948757.4957235,NVIDIA A100-SXM4-40GB,51.2,3.0,30772.0,
4197.441585039,1777948757.7222652,NVIDIA A100-SXM4-40GB,51.2,3.0,30772.0,
4197.668658793,1777948757.949339,NVIDIA A100-SXM4-40GB,51.2,3.0,30772.0,
4197.896849508,1777948758.1775296,NVIDIA A100-SXM4-40GB,51.2,3.0,30772.0,
4198.124080468,1777948758.4047606,NVIDIA A100-SXM4-40GB,51.15,3.0,30772.0,
4198.352631539,1777948758.6333115,NVIDIA A100-SXM4-40GB,51.15,4.0,30772.0,
4198.57943091,1777948758.860111,NVIDIA A100-SXM4-40GB,51.2,3.0,30772.0,
4198.807398366,1777948759.0880783,NVIDIA A100-SXM4-40GB,51.42,3.0,30772.0,
4199.035140057,1777948759.31582,NVIDIA A100-SXM4-40GB,51.2,3.0,30772.0,
4199.263959651,1777948759.5446396,NVIDIA A100-SXM4-40GB,51.2,3.0,30772.0,
4199.491615675,1777948759.772296,NVIDIA A100-SXM4-40GB,51.15,3.0,30772.0,
4199.719216454,1777948759.9998965,NVIDIA A100-SXM4-40GB,51.2,3.0,30772.0,
4199.94740078,1777948760.2280807,NVIDIA A100-SXM4-40GB,51.2,3.0,30772.0,
4200.174734465,1777948760.4554145,NVIDIA A100-SXM4-40GB,51.2,3.0,30772.0,
4200.401678592,1777948760.6823587,NVIDIA A100-SXM4-40GB,51.2,3.0,30772.0,
4200.630901642,1777948760.9115818,NVIDIA A100-SXM4-40GB,51.2,3.0,30772.0,
4200.858101481,1777948761.1387815,NVIDIA A100-SXM4-40GB,51.42,3.0,30772.0,
4201.085346685,1777948761.366027,NVIDIA A100-SXM4-40GB,51.47,4.0,30772.0,
4201.313758113,1777948761.5944383,NVIDIA A100-SXM4-40GB,51.2,3.0,30772.0,
4201.540844354,1777948761.821525,NVIDIA A100-SXM4-40GB,51.15,3.0,30772.0,
4201.767519632,1777948762.0482,NVIDIA A100-SXM4-40GB,51.2,4.0,30772.0,
4201.996262044,1777948762.2769418,NVIDIA A100-SXM4-40GB,51.2,3.0,30772.0,
4202.223396991,1777948762.504077,NVIDIA A100-SXM4-40GB,51.15,3.0,30772.0,
4202.450061941,1777948762.730742,NVIDIA A100-SXM4-40GB,51.15,3.0,30772.0,
4202.67757736,1777948762.958258,NVIDIA A100-SXM4-40GB,51.47,3.0,30772.0,
4202.905202702,1777948763.1858828,NVIDIA A100-SXM4-40GB,51.15,4.0,30772.0,
4203.13228382,1777948763.4129639,NVIDIA A100-SXM4-40GB,51.15,3.0,30772.0,
4203.359996391,1777948763.6406765,NVIDIA A100-SXM4-40GB,51.2,3.0,30772.0,
4203.586563516,1777948763.8672435,NVIDIA A100-SXM4-40GB,51.42,4.0,30772.0,
4203.813762095,1777948764.0944421,NVIDIA A100-SXM4-40GB,51.47,3.0,30772.0,
4204.041110174,1777948764.3217905,NVIDIA A100-SXM4-40GB,51.15,3.0,30772.0,
4204.269467231,1777948764.5501475,NVIDIA A100-SXM4-40GB,51.15,3.0,30772.0,
4204.496449316,1777948764.7771292,NVIDIA A100-SXM4-40GB,51.2,3.0,30772.0,
4204.724132042,1777948765.004812,NVIDIA A100-SXM4-40GB,51.2,3.0,30772.0,
4204.951706422,1777948765.232387,NVIDIA A100-SXM4-40GB,51.2,3.0,30772.0,
4205.178322813,1777948765.4590032,NVIDIA A100-SXM4-40GB,51.47,3.0,30772.0,
4205.405458729,1777948765.6861386,NVIDIA A100-SXM4-40GB,51.42,4.0,30772.0,
4205.632037922,1777948765.912718,NVIDIA A100-SXM4-40GB,51.15,4.0,30772.0,
4205.859226086,1777948766.139906,NVIDIA A100-SXM4-40GB,51.2,4.0,30772.0,
4206.086995529,1777948766.3676755,NVIDIA A100-SXM4-40GB,51.47,3.0,30772.0,
4206.314045474,1777948766.5947254,NVIDIA A100-SXM4-40GB,51.2,3.0,30772.0,
4206.541415665,1777948766.822096,NVIDIA A100-SXM4-40GB,51.42,3.0,30772.0,
4206.770313175,1777948767.0509932,NVIDIA A100-SXM4-40GB,51.2,3.0,30772.0,
4206.997513851,1777948767.2781944,NVIDIA A100-SXM4-40GB,51.2,3.0,30772.0,
4207.22521048,1777948767.5058904,NVIDIA A100-SXM4-40GB,51.15,3.0,30772.0,
4207.452595582,1777948767.7332754,NVIDIA A100-SXM4-40GB,51.2,3.0,30772.0,
4207.679090303,1777948767.9597704,NVIDIA A100-SXM4-40GB,51.2,3.0,30772.0,
4207.906527248,1777948768.1872072,NVIDIA A100-SXM4-40GB,51.15,3.0,30772.0,
4208.134144394,1777948768.4148242,NVIDIA A100-SXM4-40GB,51.2,3.0,30772.0,
4208.361362936,1777948768.642043,NVIDIA A100-SXM4-40GB,51.47,4.0,30772.0,
4208.588525705,1777948768.869206,NVIDIA A100-SXM4-40GB,51.15,3.0,30772.0,
4208.816135311,1777948769.0968156,NVIDIA A100-SXM4-40GB,51.2,3.0,30772.0,
4209.042792524,1777948769.3234727,NVIDIA A100-SXM4-40GB,51.2,3.0,30772.0,
4209.26978559,1777948769.5504658,NVIDIA A100-SXM4-40GB,51.2,3.0,30772.0,
4209.497799795,1777948769.7784798,NVIDIA A100-SXM4-40GB,51.47,3.0,30772.0,
4209.725329466,1777948770.0060096,NVIDIA A100-SXM4-40GB,51.47,3.0,30772.0,
4209.952253553,1777948770.2329335,NVIDIA A100-SXM4-40GB,51.2,3.0,30772.0,
4210.180888127,1777948770.4615684,NVIDIA A100-SXM4-40GB,51.2,3.0,30772.0,
4210.408432023,1777948770.689112,NVIDIA A100-SXM4-40GB,51.47,3.0,30772.0,
4210.635410088,1777948770.9160903,NVIDIA A100-SXM4-40GB,51.2,3.0,30772.0,
4210.862958218,1777948771.1436384,NVIDIA A100-SXM4-40GB,51.2,3.0,30772.0,
4211.090294859,1777948771.3709755,NVIDIA A100-SXM4-40GB,51.2,3.0,30772.0,
4211.317718538,1777948771.5983987,NVIDIA A100-SXM4-40GB,51.2,3.0,30772.0,
4211.544977752,1777948771.8256576,NVIDIA A100-SXM4-40GB,51.2,3.0,30772.0,
4211.772863911,1777948772.053544,NVIDIA A100-SXM4-40GB,51.47,3.0,30772.0,
4212.000397826,1777948772.2810779,NVIDIA A100-SXM4-40GB,51.15,4.0,30772.0,
4212.228501965,1777948772.509182,NVIDIA A100-SXM4-40GB,51.42,3.0,30772.0,
4212.461111319,1777948772.741791,NVIDIA A100-SXM4-40GB,51.2,3.0,30772.0,
4212.698689436,1777948772.9793694,NVIDIA A100-SXM4-40GB,51.42,3.0,30772.0,
4212.925726352,1777948773.2064064,NVIDIA A100-SXM4-40GB,51.2,3.0,30772.0,
4213.153745366,1777948773.4344256,NVIDIA A100-SXM4-40GB,51.2,3.0,30772.0,
4213.381890739,1777948773.6625707,NVIDIA A100-SXM4-40GB,51.2,3.0,30772.0,
4213.608947453,1777948773.8896275,NVIDIA A100-SXM4-40GB,51.2,3.0,30772.0,
4213.835765191,1777948774.1164455,NVIDIA A100-SXM4-40GB,51.47,3.0,30772.0,
4214.063129758,1777948774.3438098,NVIDIA A100-SXM4-40GB,51.47,3.0,30772.0,
4214.290135604,1777948774.5708163,NVIDIA A100-SXM4-40GB,51.47,3.0,30772.0,
4214.517535807,1777948774.7982156,NVIDIA A100-SXM4-40GB,51.47,4.0,30772.0,
4214.745531819,1777948775.026212,NVIDIA A100-SXM4-40GB,51.47,3.0,30772.0,
4214.972724411,1777948775.2534046,NVIDIA A100-SXM4-40GB,51.2,3.0,30772.0,
4215.199554178,1777948775.4802344,NVIDIA A100-SXM4-40GB,51.2,3.0,30772.0,
4215.427113963,1777948775.7077942,NVIDIA A100-SXM4-40GB,51.2,3.0,30772.0,
4215.654209109,1777948775.934889,NVIDIA A100-SXM4-40GB,51.2,3.0,30772.0,
4215.881018854,1777948776.161699,NVIDIA A100-SXM4-40GB,51.2,3.0,30772.0,
4216.108197846,1777948776.388878,NVIDIA A100-SXM4-40GB,51.15,3.0,30772.0,
4216.335980337,1777948776.61666,NVIDIA A100-SXM4-40GB,51.47,3.0,30772.0,
4216.562814825,1777948776.8434951,NVIDIA A100-SXM4-40GB,51.47,4.0,30772.0,
4216.789768891,1777948777.0704489,NVIDIA A100-SXM4-40GB,51.2,3.0,30772.0,
4217.017292201,1777948777.2979724,NVIDIA A100-SXM4-40GB,51.2,3.0,30772.0,
4217.245504437,1777948777.5261846,NVIDIA A100-SXM4-40GB,51.47,3.0,30772.0,
4217.472495746,1777948777.753176,NVIDIA A100-SXM4-40GB,51.2,3.0,30772.0,
4217.700688618,1777948777.9813685,NVIDIA A100-SXM4-40GB,51.47,3.0,30772.0,
4217.927901147,1777948778.2085812,NVIDIA A100-SXM4-40GB,51.15,3.0,30772.0,
4218.154902098,1777948778.435582,NVIDIA A100-SXM4-40GB,51.2,3.0,30772.0,
4218.382391528,1777948778.6630714,NVIDIA A100-SXM4-40GB,51.2,3.0,30772.0,
4218.608844585,1777948778.8895247,NVIDIA A100-SXM4-40GB,51.2,3.0,30772.0,
4218.835534638,1777948779.1162148,NVIDIA A100-SXM4-40GB,51.47,3.0,30772.0,
4219.062313193,1777948779.3429935,NVIDIA A100-SXM4-40GB,51.2,4.0,30772.0,
4219.289473283,1777948779.5701535,NVIDIA A100-SXM4-40GB,51.15,4.0,30772.0,
4219.516463094,1777948779.7971432,NVIDIA A100-SXM4-40GB,51.2,3.0,30772.0,
4219.743466604,1777948780.0241468,NVIDIA A100-SXM4-40GB,51.42,4.0,30772.0,
4219.971210148,1777948780.2518902,NVIDIA A100-SXM4-40GB,51.47,3.0,30772.0,
4220.197902716,1777948780.4785833,NVIDIA A100-SXM4-40GB,51.2,3.0,30772.0,
4220.426073363,1777948780.7067533,NVIDIA A100-SXM4-40GB,51.2,3.0,30772.0,
4220.653226612,1777948780.933907,NVIDIA A100-SXM4-40GB,51.2,3.0,30772.0,
4220.880284649,1777948781.160965,NVIDIA A100-SXM4-40GB,51.47,3.0,30772.0,
4221.107403772,1777948781.3880837,NVIDIA A100-SXM4-40GB,51.42,3.0,30772.0,
4221.334923779,1777948781.615604,NVIDIA A100-SXM4-40GB,51.2,3.0,30772.0,
4221.561864783,1777948781.8425448,NVIDIA A100-SXM4-40GB,51.47,3.0,30772.0,
4221.788629705,1777948782.06931,NVIDIA A100-SXM4-40GB,51.2,3.0,30772.0,
4222.016580894,1777948782.297261,NVIDIA A100-SXM4-40GB,51.2,3.0,30772.0,
4222.245645178,1777948782.5263255,NVIDIA A100-SXM4-40GB,51.47,3.0,30772.0,
4222.472912077,1777948782.7535923,NVIDIA A100-SXM4-40GB,51.2,3.0,30772.0,
4222.699329216,1777948782.9800093,NVIDIA A100-SXM4-40GB,51.47,3.0,30772.0,
4222.928582644,1777948783.2092626,NVIDIA A100-SXM4-40GB,51.47,3.0,30772.0,
4223.154869977,1777948783.4355502,NVIDIA A100-SXM4-40GB,51.15,3.0,30772.0,
4223.38243755,1777948783.6631176,NVIDIA A100-SXM4-40GB,51.2,3.0,30772.0,
4223.610917434,1777948783.891598,NVIDIA A100-SXM4-40GB,51.47,4.0,30772.0,
4223.837054026,1777948784.117734,NVIDIA A100-SXM4-40GB,51.47,3.0,30772.0,
4224.064350054,1777948784.3450303,NVIDIA A100-SXM4-40GB,51.47,3.0,30772.0,
4224.291694212,1777948784.5723746,NVIDIA A100-SXM4-40GB,51.47,3.0,30772.0,
4224.519166441,1777948784.7998464,NVIDIA A100-SXM4-40GB,51.15,3.0,30772.0,
4224.745830555,1777948785.0265105,NVIDIA A100-SXM4-40GB,51.42,3.0,30772.0,
4224.973599988,1777948785.25428,NVIDIA A100-SXM4-40GB,51.2,3.0,30772.0,
4225.201044393,1777948785.4817247,NVIDIA A100-SXM4-40GB,51.47,3.0,30772.0,
4225.427897787,1777948785.7085779,NVIDIA A100-SXM4-40GB,51.47,3.0,30772.0,
4225.654570997,1777948785.9352515,NVIDIA A100-SXM4-40GB,51.42,3.0,30772.0,
4225.882666495,1777948786.1633465,NVIDIA A100-SXM4-40GB,51.47,3.0,30772.0,
4226.110110585,1777948786.390791,NVIDIA A100-SXM4-40GB,51.2,3.0,30772.0,
4226.337510321,1777948786.6181903,NVIDIA A100-SXM4-40GB,51.2,3.0,30772.0,
4226.565880247,1777948786.8465602,NVIDIA A100-SXM4-40GB,51.47,4.0,30772.0,
4226.793379504,1777948787.0740597,NVIDIA A100-SXM4-40GB,51.42,3.0,30772.0,
4227.021424596,1777948787.3021052,NVIDIA A100-SXM4-40GB,51.2,3.0,30772.0,
4227.24889273,1777948787.529573,NVIDIA A100-SXM4-40GB,51.47,4.0,30772.0,
4227.476712225,1777948787.7573922,NVIDIA A100-SXM4-40GB,51.47,3.0,30772.0,
4227.703587203,1777948787.9842675,NVIDIA A100-SXM4-40GB,51.15,3.0,30772.0,
4227.931551024,1777948788.212231,NVIDIA A100-SXM4-40GB,51.15,3.0,30772.0,
4228.1582034,1777948788.4388833,NVIDIA A100-SXM4-40GB,51.47,3.0,30772.0,
4228.386179399,1777948788.6668596,NVIDIA A100-SXM4-40GB,51.2,3.0,30772.0,
4228.613177467,1777948788.8938577,NVIDIA A100-SXM4-40GB,51.2,3.0,30772.0,
4228.840614318,1777948789.1212945,NVIDIA A100-SXM4-40GB,51.42,3.0,30772.0,
4229.068542041,1777948789.3492224,NVIDIA A100-SXM4-40GB,51.2,3.0,30772.0,
4229.29526415,1777948789.5759444,NVIDIA A100-SXM4-40GB,51.2,3.0,30772.0,
4229.522719852,1777948789.8034003,NVIDIA A100-SXM4-40GB,51.2,3.0,30772.0,
4229.74971417,1777948790.030394,NVIDIA A100-SXM4-40GB,51.2,3.0,30772.0,
4229.976861663,1777948790.2575417,NVIDIA A100-SXM4-40GB,51.15,3.0,30772.0,
4230.204180507,1777948790.4848607,NVIDIA A100-SXM4-40GB,51.47,3.0,30772.0,
4230.432793179,1777948790.7134736,NVIDIA A100-SXM4-40GB,51.47,3.0,30772.0,
4230.659788258,1777948790.9404683,NVIDIA A100-SXM4-40GB,51.15,3.0,30772.0,
4230.887692577,1777948791.168373,NVIDIA A100-SXM4-40GB,51.47,3.0,30772.0,
4231.115623841,1777948791.396304,NVIDIA A100-SXM4-40GB,51.47,3.0,30772.0,
4231.343239534,1777948791.6239192,NVIDIA A100-SXM4-40GB,51.47,3.0,30772.0,
4231.570780667,1777948791.8514607,NVIDIA A100-SXM4-40GB,51.42,3.0,30772.0,
4231.797852933,1777948792.0785334,NVIDIA A100-SXM4-40GB,51.47,3.0,30772.0,
4232.024635789,1777948792.3053157,NVIDIA A100-SXM4-40GB,51.47,3.0,30772.0,
4232.25617645,1777948792.536857,NVIDIA A100-SXM4-40GB,51.42,3.0,30772.0,
4232.48411031,1777948792.7647903,NVIDIA A100-SXM4-40GB,51.47,3.0,30772.0,
4232.71214644,1777948792.9928265,NVIDIA A100-SXM4-40GB,51.47,3.0,30772.0,
4232.940011531,1777948793.2206914,NVIDIA A100-SXM4-40GB,51.42,3.0,30772.0,
4233.1671262,1777948793.4478064,NVIDIA A100-SXM4-40GB,51.47,3.0,30772.0,
4233.394600679,1777948793.6752806,NVIDIA A100-SXM4-40GB,51.42,3.0,30772.0,
4233.623051101,1777948793.903731,NVIDIA A100-SXM4-40GB,51.47,3.0,30772.0,
4233.850661676,1777948794.1313415,NVIDIA A100-SXM4-40GB,51.42,3.0,30772.0,
4234.077614378,1777948794.3582942,NVIDIA A100-SXM4-40GB,51.15,3.0,30772.0,
4234.30601743,1777948794.5866978,NVIDIA A100-SXM4-40GB,51.2,3.0,30772.0,
4234.533228103,1777948794.8139079,NVIDIA A100-SXM4-40GB,51.2,3.0,30772.0,
4234.760354244,1777948795.0410345,NVIDIA A100-SXM4-40GB,51.2,3.0,30772.0,
4234.988859614,1777948795.26954,NVIDIA A100-SXM4-40GB,51.2,3.0,30772.0,
4235.216599641,1777948795.4972796,NVIDIA A100-SXM4-40GB,51.15,3.0,30772.0,
4235.443669357,1777948795.7243495,NVIDIA A100-SXM4-40GB,51.42,3.0,30772.0,
4235.670713084,1777948795.9513934,NVIDIA A100-SXM4-40GB,51.42,3.0,30772.0,
4235.898610077,1777948796.17929,NVIDIA A100-SXM4-40GB,51.15,3.0,30772.0,
4236.126715813,1777948796.4073963,NVIDIA A100-SXM4-40GB,51.47,3.0,30772.0,
4236.353690554,1777948796.6343706,NVIDIA A100-SXM4-40GB,51.42,3.0,30772.0,
4236.581198317,1777948796.8618782,NVIDIA A100-SXM4-40GB,51.2,3.0,30772.0,
4236.809129979,1777948797.0898106,NVIDIA A100-SXM4-40GB,51.42,3.0,30772.0,
4237.036616593,1777948797.317297,NVIDIA A100-SXM4-40GB,51.74,3.0,30772.0,
4237.266719336,1777948797.5473993,NVIDIA A100-SXM4-40GB,51.47,3.0,30772.0,
4237.493432718,1777948797.774113,NVIDIA A100-SXM4-40GB,51.2,3.0,30772.0,
4237.720743208,1777948798.0014231,NVIDIA A100-SXM4-40GB,51.42,3.0,30772.0,
4237.948151239,1777948798.2288313,NVIDIA A100-SXM4-40GB,51.47,3.0,30772.0,
4238.175451741,1777948798.456132,NVIDIA A100-SXM4-40GB,51.2,3.0,30772.0,
4238.406576692,1777948798.6872566,NVIDIA A100-SXM4-40GB,51.47,3.0,30772.0,
4238.633533314,1777948798.9142134,NVIDIA A100-SXM4-40GB,51.2,3.0,30772.0,
4238.861178338,1777948799.1418586,NVIDIA A100-SXM4-40GB,51.47,4.0,30772.0,
4239.088402087,1777948799.3690822,NVIDIA A100-SXM4-40GB,51.42,3.0,30772.0,
4239.31583954,1777948799.59652,NVIDIA A100-SXM4-40GB,51.47,3.0,30772.0,
4239.542604774,1777948799.8232846,NVIDIA A100-SXM4-40GB,51.47,3.0,30772.0,
4239.770247025,1777948800.0509274,NVIDIA A100-SXM4-40GB,51.15,3.0,30772.0,
4239.999341333,1777948800.2800214,NVIDIA A100-SXM4-40GB,51.2,3.0,30772.0,
4240.226996038,1777948800.5076761,NVIDIA A100-SXM4-40GB,51.2,3.0,30772.0,
4240.454396178,1777948800.7350762,NVIDIA A100-SXM4-40GB,51.47,3.0,30772.0,
4240.684072657,1777948800.9647532,NVIDIA A100-SXM4-40GB,51.2,3.0,30772.0,
4240.913316202,1777948801.193996,NVIDIA A100-SXM4-40GB,51.2,3.0,30772.0,
4241.141036422,1777948801.4217167,NVIDIA A100-SXM4-40GB,51.2,3.0,30772.0,
4241.367827843,1777948801.648508,NVIDIA A100-SXM4-40GB,51.2,3.0,30772.0,
4241.594200672,1777948801.8748808,NVIDIA A100-SXM4-40GB,51.2,3.0,30772.0,
4241.821280369,1777948802.1019607,NVIDIA A100-SXM4-40GB,51.2,3.0,30772.0,
4242.050129576,1777948802.33081,NVIDIA A100-SXM4-40GB,51.15,3.0,30772.0,
4242.277564239,1777948802.558244,NVIDIA A100-SXM4-40GB,51.2,3.0,30772.0,
4242.505198512,1777948802.7858782,NVIDIA A100-SXM4-40GB,51.2,3.0,30772.0,
4242.732848826,1777948803.013529,NVIDIA A100-SXM4-40GB,51.2,3.0,30772.0,
4242.96065358,1777948803.2413335,NVIDIA A100-SXM4-40GB,51.2,3.0,30772.0,
4243.188551996,1777948803.4692323,NVIDIA A100-SXM4-40GB,51.15,3.0,30772.0,
4243.416902717,1777948803.6975825,NVIDIA A100-SXM4-40GB,51.2,3.0,30772.0,
4243.643503274,1777948803.9241834,NVIDIA A100-SXM4-40GB,51.2,3.0,30772.0,
4243.870311224,1777948804.1509914,NVIDIA A100-SXM4-40GB,51.2,3.0,30772.0,
4244.097597905,1777948804.3782783,NVIDIA A100-SXM4-40GB,51.15,3.0,30772.0,
4244.325148474,1777948804.6058283,NVIDIA A100-SXM4-40GB,51.2,3.0,30772.0,
4244.551814609,1777948804.8324945,NVIDIA A100-SXM4-40GB,51.2,3.0,30772.0,
4244.778814024,1777948805.0594943,NVIDIA A100-SXM4-40GB,51.47,3.0,30772.0,
4245.005819573,1777948805.2864997,NVIDIA A100-SXM4-40GB,51.2,3.0,30772.0,
4245.233837058,1777948805.5145173,NVIDIA A100-SXM4-40GB,51.15,3.0,30772.0,
4245.45946759,1777948805.7401478,NVIDIA A100-SXM4-40GB,51.2,3.0,30772.0,
4245.686125686,1777948805.9668055,NVIDIA A100-SXM4-40GB,51.47,3.0,30772.0,
4245.912560675,1777948806.1932406,NVIDIA A100-SXM4-40GB,51.2,3.0,30772.0,
4246.139846094,1777948806.4205263,NVIDIA A100-SXM4-40GB,51.2,3.0,30772.0,
4246.367775431,1777948806.6484554,NVIDIA A100-SXM4-40GB,51.2,3.0,30772.0,
4246.594506785,1777948806.8751867,NVIDIA A100-SXM4-40GB,50.88,3.0,30772.0,
4246.821556219,1777948807.1022363,NVIDIA A100-SXM4-40GB,51.15,3.0,30772.0,
4247.048789707,1777948807.3294697,NVIDIA A100-SXM4-40GB,51.2,3.0,30772.0,
4247.276879338,1777948807.5575595,NVIDIA A100-SXM4-40GB,51.2,3.0,30772.0,
4247.503682273,1777948807.7843623,NVIDIA A100-SXM4-40GB,51.2,4.0,30772.0,
4247.730568975,1777948808.011249,NVIDIA A100-SXM4-40GB,51.2,4.0,30772.0,
4247.95763663,1777948808.2383168,NVIDIA A100-SXM4-40GB,51.15,3.0,30772.0,
4248.184525155,1777948808.4652052,NVIDIA A100-SXM4-40GB,51.2,3.0,30772.0,
4248.411774462,1777948808.6924543,NVIDIA A100-SXM4-40GB,51.2,3.0,30772.0,
4248.638488284,1777948808.9191687,NVIDIA A100-SXM4-40GB,51.2,3.0,30772.0,
4248.865853083,1777948809.146533,NVIDIA A100-SXM4-40GB,51.2,3.0,30772.0,
4249.092998781,1777948809.3736882,NVIDIA A100-SXM4-40GB,51.2,3.0,30772.0,
4249.319673933,1777948809.600354,NVIDIA A100-SXM4-40GB,51.2,3.0,30772.0,
4249.548510394,1777948809.8291905,NVIDIA A100-SXM4-40GB,51.2,3.0,30772.0,
4249.776711067,1777948810.0573912,NVIDIA A100-SXM4-40GB,51.42,3.0,30772.0,
4250.004153094,1777948810.284833,NVIDIA A100-SXM4-40GB,51.42,3.0,30772.0,
4250.23174249,1777948810.5124223,NVIDIA A100-SXM4-40GB,51.2,3.0,30772.0,
4250.45860976,1777948810.7392895,NVIDIA A100-SXM4-40GB,51.2,4.0,30772.0,
4250.684760313,1777948810.9654405,NVIDIA A100-SXM4-40GB,51.15,3.0,30772.0,
4250.912034108,1777948811.1927145,NVIDIA A100-SXM4-40GB,51.2,3.0,30772.0,
4251.139655879,1777948811.4203365,NVIDIA A100-SXM4-40GB,51.2,3.0,30772.0,
4251.366935575,1777948811.6476154,NVIDIA A100-SXM4-40GB,51.2,3.0,30772.0,
4251.593843947,1777948811.874524,NVIDIA A100-SXM4-40GB,51.2,3.0,30772.0,
4251.820862996,1777948812.1015432,NVIDIA A100-SXM4-40GB,51.2,3.0,30772.0,
4252.047894166,1777948812.3285742,NVIDIA A100-SXM4-40GB,51.15,3.0,30772.0,
4252.274480458,1777948812.5551603,NVIDIA A100-SXM4-40GB,51.2,4.0,30772.0,
4252.504261932,1777948812.784942,NVIDIA A100-SXM4-40GB,51.15,3.0,30772.0,
4252.731078051,1777948813.011758,NVIDIA A100-SXM4-40GB,51.2,3.0,30772.0,
4252.958374066,1777948813.2390544,NVIDIA A100-SXM4-40GB,51.2,4.0,30772.0,
4253.186917973,1777948813.467598,NVIDIA A100-SXM4-40GB,51.2,4.0,30772.0,
4253.413786749,1777948813.694467,NVIDIA A100-SXM4-40GB,51.2,4.0,30772.0,
4253.641515662,1777948813.922196,NVIDIA A100-SXM4-40GB,51.2,4.0,30772.0,
4253.870246721,1777948814.1509268,NVIDIA A100-SXM4-40GB,51.2,4.0,30772.0,
4254.097566762,1777948814.3782465,NVIDIA A100-SXM4-40GB,51.2,4.0,30772.0,
4254.325203585,1777948814.6058838,NVIDIA A100-SXM4-40GB,51.2,3.0,30772.0,
4254.55368163,1777948814.8343616,NVIDIA A100-SXM4-40GB,51.15,3.0,30772.0,
4254.781307523,1777948815.0619876,NVIDIA A100-SXM4-40GB,51.15,3.0,30772.0,
4255.009262518,1777948815.2899425,NVIDIA A100-SXM4-40GB,51.2,3.0,30772.0,
4255.237471744,1777948815.5181518,NVIDIA A100-SXM4-40GB,51.15,3.0,30772.0,
4255.464722698,1777948815.7454028,NVIDIA A100-SXM4-40GB,51.2,3.0,30772.0,
4255.691529168,1777948815.9722092,NVIDIA A100-SXM4-40GB,51.2,3.0,30772.0,
4255.919395516,1777948816.2000756,NVIDIA A100-SXM4-40GB,51.2,4.0,30772.0,
4256.147148673,1777948816.427829,NVIDIA A100-SXM4-40GB,51.15,4.0,30772.0,
4256.374029824,1777948816.65471,NVIDIA A100-SXM4-40GB,51.2,4.0,30772.0,
4256.6008707,1777948816.8815506,NVIDIA A100-SXM4-40GB,51.15,3.0,30772.0,
4256.827696679,1777948817.1083765,NVIDIA A100-SXM4-40GB,51.15,3.0,30772.0,
4257.054288681,1777948817.3349688,NVIDIA A100-SXM4-40GB,51.2,3.0,30772.0,
4257.281587314,1777948817.5622673,NVIDIA A100-SXM4-40GB,51.2,3.0,30772.0,
4257.510524303,1777948817.7912042,NVIDIA A100-SXM4-40GB,51.2,3.0,30772.0,
4257.736878434,1777948818.0175586,NVIDIA A100-SXM4-40GB,51.47,3.0,30772.0,
4257.96375904,1777948818.2444394,NVIDIA A100-SXM4-40GB,51.15,2.0,30772.0,
4258.191271485,1777948818.4719517,NVIDIA A100-SXM4-40GB,51.15,3.0,30772.0,
4258.418627722,1777948818.699308,NVIDIA A100-SXM4-40GB,51.15,3.0,30772.0,
4258.645060429,1777948818.9257402,NVIDIA A100-SXM4-40GB,51.42,3.0,30772.0,
4258.872129434,1777948819.1528096,NVIDIA A100-SXM4-40GB,51.2,3.0,30772.0,
4259.099649513,1777948819.3803294,NVIDIA A100-SXM4-40GB,51.2,3.0,30772.0,
4259.326566786,1777948819.6072469,NVIDIA A100-SXM4-40GB,51.15,3.0,30772.0,
4259.554333645,1777948819.8350136,NVIDIA A100-SXM4-40GB,51.42,3.0,30772.0,
4259.781305907,1777948820.0619857,NVIDIA A100-SXM4-40GB,51.2,3.0,30772.0,
4260.009260318,1777948820.2899406,NVIDIA A100-SXM4-40GB,51.2,3.0,30772.0,
4260.237024185,1777948820.5177045,NVIDIA A100-SXM4-40GB,51.2,3.0,30772.0,
4260.464592796,1777948820.7452729,NVIDIA A100-SXM4-40GB,51.2,4.0,30772.0,
4260.691524341,1777948820.9722047,NVIDIA A100-SXM4-40GB,51.15,3.0,30772.0,
4260.918249572,1777948821.1989293,NVIDIA A100-SXM4-40GB,51.47,3.0,30772.0,
4261.146367664,1777948821.427048,NVIDIA A100-SXM4-40GB,51.15,3.0,30772.0,
4261.373959951,1777948821.6546402,NVIDIA A100-SXM4-40GB,51.2,3.0,30772.0,
4261.60009955,1777948821.8807795,NVIDIA A100-SXM4-40GB,51.2,3.0,30772.0,
4261.827200481,1777948822.1078804,NVIDIA A100-SXM4-40GB,51.2,3.0,30772.0,
4262.054771283,1777948822.3354514,NVIDIA A100-SXM4-40GB,51.2,3.0,30772.0,
4262.282065253,1777948822.562745,NVIDIA A100-SXM4-40GB,51.47,3.0,30772.0,
4262.509339581,1777948822.7900193,NVIDIA A100-SXM4-40GB,51.2,4.0,30772.0,
4262.738552415,1777948823.0192323,NVIDIA A100-SXM4-40GB,51.42,3.0,30772.0,
4262.965961611,1777948823.2466419,NVIDIA A100-SXM4-40GB,51.47,3.0,30772.0,
4263.193161814,1777948823.473842,NVIDIA A100-SXM4-40GB,51.2,3.0,30772.0,
4263.421918307,1777948823.7025986,NVIDIA A100-SXM4-40GB,51.2,4.0,30772.0,
4263.649323477,1777948823.9300036,NVIDIA A100-SXM4-40GB,51.2,4.0,30772.0,
4263.876748044,1777948824.1574285,NVIDIA A100-SXM4-40GB,51.2,3.0,30772.0,
4264.105302313,1777948824.3859823,NVIDIA A100-SXM4-40GB,51.15,4.0,30772.0,
4264.332099016,1777948824.612779,NVIDIA A100-SXM4-40GB,51.2,3.0,30772.0,
4264.559431328,1777948824.8401117,NVIDIA A100-SXM4-40GB,51.47,4.0,30772.0,
4264.787353828,1777948825.0680337,NVIDIA A100-SXM4-40GB,51.15,3.0,30772.0,
4265.014547657,1777948825.295228,NVIDIA A100-SXM4-40GB,51.2,3.0,30772.0,
4265.241956396,1777948825.5226367,NVIDIA A100-SXM4-40GB,51.2,3.0,30772.0,
4265.469736062,1777948825.7504163,NVIDIA A100-SXM4-40GB,51.2,3.0,30772.0,
4265.696406166,1777948825.9770863,NVIDIA A100-SXM4-40GB,51.47,3.0,30772.0,
4265.923563682,1777948826.2042437,NVIDIA A100-SXM4-40GB,51.47,4.0,30772.0,
4266.15129244,1777948826.4319725,NVIDIA A100-SXM4-40GB,51.47,4.0,30772.0,
4266.378905258,1777948826.6595852,NVIDIA A100-SXM4-40GB,51.47,4.0,30772.0,
4266.605872508,1777948826.8865526,NVIDIA A100-SXM4-40GB,51.2,4.0,30772.0,
4266.832690652,1777948827.1133707,NVIDIA A100-SXM4-40GB,51.42,4.0,30772.0,
4267.062289481,1777948827.3429697,NVIDIA A100-SXM4-40GB,51.47,4.0,30772.0,
4267.289058105,1777948827.569738,NVIDIA A100-SXM4-40GB,51.47,4.0,30772.0,
4267.516420595,1777948827.7971008,NVIDIA A100-SXM4-40GB,51.2,4.0,30772.0,
4267.745179475,1777948828.0258596,NVIDIA A100-SXM4-40GB,51.15,4.0,30772.0,
4267.972383287,1777948828.2530632,NVIDIA A100-SXM4-40GB,51.2,4.0,30772.0,
4268.198993285,1777948828.4796736,NVIDIA A100-SXM4-40GB,51.2,4.0,30772.0,
4268.426164976,1777948828.7068453,NVIDIA A100-SXM4-40GB,51.15,3.0,30772.0,
4268.653778148,1777948828.9344583,NVIDIA A100-SXM4-40GB,51.15,3.0,30772.0,
4268.881268258,1777948829.1619487,NVIDIA A100-SXM4-40GB,51.47,4.0,30772.0,
4269.108142361,1777948829.3888226,NVIDIA A100-SXM4-40GB,51.47,4.0,30772.0,
4269.334937105,1777948829.615617,NVIDIA A100-SXM4-40GB,51.2,4.0,30772.0,
4269.561421881,1777948829.842102,NVIDIA A100-SXM4-40GB,51.2,4.0,30772.0,
4269.78917991,1777948830.06986,NVIDIA A100-SXM4-40GB,51.15,3.0,30772.0,
4270.017442012,1777948830.298122,NVIDIA A100-SXM4-40GB,51.15,3.0,30772.0,
4270.247427355,1777948830.5281074,NVIDIA A100-SXM4-40GB,51.2,3.0,30772.0,
4270.474142891,1777948830.754823,NVIDIA A100-SXM4-40GB,51.15,4.0,30772.0,
4270.701997704,1777948830.982685,NVIDIA A100-SXM4-40GB,51.42,4.0,30772.0,
4270.929880557,1777948831.2105608,NVIDIA A100-SXM4-40GB,51.2,4.0,30772.0,
4271.15743823,1777948831.4381185,NVIDIA A100-SXM4-40GB,51.2,4.0,30772.0,
4271.385147004,1777948831.6658273,NVIDIA A100-SXM4-40GB,51.2,3.0,30772.0,
4271.611697133,1777948831.8923779,NVIDIA A100-SXM4-40GB,51.47,4.0,30772.0,
4271.838580591,1777948832.1192608,NVIDIA A100-SXM4-40GB,51.15,3.0,30772.0,
4272.06825748,1777948832.3489377,NVIDIA A100-SXM4-40GB,51.2,3.0,30772.0,
4272.295169019,1777948832.575849,NVIDIA A100-SXM4-40GB,51.2,3.0,30772.0,
4272.521635636,1777948832.8023155,NVIDIA A100-SXM4-40GB,51.47,4.0,30772.0,
4272.748992511,1777948833.0296724,NVIDIA A100-SXM4-40GB,51.47,4.0,30772.0,
4272.976565313,1777948833.2572458,NVIDIA A100-SXM4-40GB,51.2,4.0,30772.0,
4273.20488856,1777948833.4855685,NVIDIA A100-SXM4-40GB,51.15,3.0,30772.0,
4273.433577275,1777948833.7142577,NVIDIA A100-SXM4-40GB,51.2,3.0,30772.0,
4273.660147784,1777948833.940828,NVIDIA A100-SXM4-40GB,51.2,4.0,30772.0,
4273.886562887,1777948834.167243,NVIDIA A100-SXM4-40GB,51.2,3.0,30772.0,
4274.113899107,1777948834.3945794,NVIDIA A100-SXM4-40GB,51.15,4.0,30772.0,
4274.349533148,1777948834.6302133,NVIDIA A100-SXM4-40GB,51.15,3.0,30772.0,
4274.576501472,1777948834.8571818,NVIDIA A100-SXM4-40GB,51.15,4.0,30772.0,
4274.803616095,1777948835.0842965,NVIDIA A100-SXM4-40GB,51.2,3.0,30772.0,
4275.030175457,1777948835.3108556,NVIDIA A100-SXM4-40GB,51.42,3.0,30772.0,
4275.25716837,1777948835.5378482,NVIDIA A100-SXM4-40GB,51.2,4.0,30772.0,
4275.485645188,1777948835.7663257,NVIDIA A100-SXM4-40GB,51.2,4.0,30772.0,
4275.712132142,1777948835.992812,NVIDIA A100-SXM4-40GB,51.47,4.0,30772.0,
4275.939460548,1777948836.2201407,NVIDIA A100-SXM4-40GB,51.2,4.0,30772.0,
4276.167422051,1777948836.4481025,NVIDIA A100-SXM4-40GB,51.2,3.0,30772.0,
4276.395074182,1777948836.6757543,NVIDIA A100-SXM4-40GB,51.47,3.0,30772.0,
4276.622724767,1777948836.9034047,NVIDIA A100-SXM4-40GB,51.47,4.0,30772.0,
4276.850407008,1777948837.131087,NVIDIA A100-SXM4-40GB,51.2,4.0,30772.0,
4277.077649599,1777948837.3583298,NVIDIA A100-SXM4-40GB,51.47,4.0,30772.0,
4277.304487386,1777948837.5851681,NVIDIA A100-SXM4-40GB,51.2,4.0,30772.0,
4277.531880531,1777948837.8125603,NVIDIA A100-SXM4-40GB,51.2,3.0,30772.0,
4277.758675428,1777948838.0393558,NVIDIA A100-SXM4-40GB,51.2,4.0,30772.0,
4277.985674025,1777948838.2663543,NVIDIA A100-SXM4-40GB,51.2,4.0,30772.0,
4278.213548735,1777948838.4942288,NVIDIA A100-SXM4-40GB,51.47,4.0,30772.0,
4278.441695957,1777948838.7223759,NVIDIA A100-SXM4-40GB,51.2,4.0,30772.0,
4278.668614296,1777948838.9492946,NVIDIA A100-SXM4-40GB,51.42,4.0,30772.0,
4278.895323277,1777948839.1760032,NVIDIA A100-SXM4-40GB,51.47,3.0,30772.0,
4279.122564555,1777948839.4032445,NVIDIA A100-SXM4-40GB,51.47,3.0,30772.0,
4279.349029109,1777948839.6297092,NVIDIA A100-SXM4-40GB,51.42,3.0,30772.0,
4279.57620451,1777948839.8568845,NVIDIA A100-SXM4-40GB,51.2,4.0,30772.0,
4279.803062159,1777948840.0837421,NVIDIA A100-SXM4-40GB,51.2,4.0,30772.0,
4280.030255795,1777948840.310936,NVIDIA A100-SXM4-40GB,51.2,3.0,30772.0,
4280.257169461,1777948840.53785,NVIDIA A100-SXM4-40GB,51.47,3.0,30772.0,
4280.484379129,1777948840.7650592,NVIDIA A100-SXM4-40GB,51.2,3.0,30772.0,
4280.712628146,1777948840.9933088,NVIDIA A100-SXM4-40GB,51.47,3.0,30772.0,
4280.94045336,1777948841.2211337,NVIDIA A100-SXM4-40GB,51.42,3.0,30772.0,
4281.167100037,1777948841.4477801,NVIDIA A100-SXM4-40GB,51.47,3.0,30772.0,
4281.394563557,1777948841.6752439,NVIDIA A100-SXM4-40GB,51.15,4.0,30772.0,
4281.621308205,1777948841.9019883,NVIDIA A100-SXM4-40GB,51.2,3.0,30772.0,
4281.84879315,1777948842.1294732,NVIDIA A100-SXM4-40GB,51.47,3.0,30772.0,
4282.075981901,1777948842.356662,NVIDIA A100-SXM4-40GB,51.47,4.0,30772.0,
4282.30293399,1777948842.5836139,NVIDIA A100-SXM4-40GB,51.2,3.0,30772.0,
4282.53016553,1777948842.8108456,NVIDIA A100-SXM4-40GB,51.2,4.0,30772.0,
4282.757586279,1777948843.0382664,NVIDIA A100-SXM4-40GB,51.47,4.0,30772.0,
4282.98490944,1777948843.2655897,NVIDIA A100-SXM4-40GB,51.2,3.0,30772.0,
4283.212057875,1777948843.4927378,NVIDIA A100-SXM4-40GB,51.47,3.0,30772.0,
4283.438890833,1777948843.7195709,NVIDIA A100-SXM4-40GB,51.2,4.0,30772.0,
4283.666270623,1777948843.9469507,NVIDIA A100-SXM4-40GB,51.15,4.0,30772.0,
4283.893476925,1777948844.1741571,NVIDIA A100-SXM4-40GB,51.2,3.0,30772.0,
4284.120566761,1777948844.4012468,NVIDIA A100-SXM4-40GB,51.47,3.0,30772.0,
4284.347823737,1777948844.6285036,NVIDIA A100-SXM4-40GB,51.15,3.0,30772.0,
4284.575008874,1777948844.8556895,NVIDIA A100-SXM4-40GB,51.42,3.0,30772.0,
4284.802189295,1777948845.0828693,NVIDIA A100-SXM4-40GB,51.2,4.0,30772.0,
4285.029454803,1777948845.310135,NVIDIA A100-SXM4-40GB,51.42,3.0,30772.0,
4285.255927796,1777948845.5366077,NVIDIA A100-SXM4-40GB,51.42,3.0,30772.0,
4285.482577285,1777948845.7632575,NVIDIA A100-SXM4-40GB,51.42,3.0,30772.0,
4285.709055243,1777948845.9897354,NVIDIA A100-SXM4-40GB,51.2,3.0,30772.0,
4285.936905966,1777948846.2175858,NVIDIA A100-SXM4-40GB,51.2,3.0,30772.0,
4286.16377682,1777948846.4444568,NVIDIA A100-SXM4-40GB,51.2,3.0,30772.0,
4286.390528618,1777948846.6712089,NVIDIA A100-SXM4-40GB,51.2,3.0,30772.0,
4286.617664258,1777948846.8983445,NVIDIA A100-SXM4-40GB,51.2,3.0,30772.0,
4286.844504441,1777948847.1251845,NVIDIA A100-SXM4-40GB,51.47,3.0,30772.0,
4287.072762356,1777948847.3534422,NVIDIA A100-SXM4-40GB,51.47,4.0,30772.0,
4287.29985378,1777948847.5805342,NVIDIA A100-SXM4-40GB,51.47,3.0,30772.0,
4287.528584326,1777948847.8092647,NVIDIA A100-SXM4-40GB,51.42,3.0,30772.0,
4287.755196503,1777948848.0358768,NVIDIA A100-SXM4-40GB,51.42,4.0,30772.0,
4287.98226685,1777948848.262947,NVIDIA A100-SXM4-40GB,51.2,3.0,30772.0,
4288.209817601,1777948848.4904978,NVIDIA A100-SXM4-40GB,51.15,3.0,30772.0,
4288.436826105,1777948848.717506,NVIDIA A100-SXM4-40GB,51.15,3.0,30772.0,
4288.663809398,1777948848.9444895,NVIDIA A100-SXM4-40GB,51.2,3.0,30772.0,
4288.891446563,1777948849.1721268,NVIDIA A100-SXM4-40GB,51.42,3.0,30772.0,
4289.119138332,1777948849.3998182,NVIDIA A100-SXM4-40GB,51.47,3.0,30772.0,
4289.345860329,1777948849.6265407,NVIDIA A100-SXM4-40GB,51.47,3.0,30772.0,
4289.572515267,1777948849.8531954,NVIDIA A100-SXM4-40GB,51.42,3.0,30772.0,
4289.80029807,1777948850.0809782,NVIDIA A100-SXM4-40GB,51.42,3.0,30772.0,
4290.027602384,1777948850.3082826,NVIDIA A100-SXM4-40GB,51.2,4.0,30772.0,
4290.255135577,1777948850.5358155,NVIDIA A100-SXM4-40GB,51.42,3.0,30772.0,
4290.484339197,1777948850.7650194,NVIDIA A100-SXM4-40GB,51.47,3.0,30772.0,
4290.711213318,1777948850.9918933,NVIDIA A100-SXM4-40GB,51.42,4.0,30772.0,
4290.9386282,1777948851.2193084,NVIDIA A100-SXM4-40GB,51.47,4.0,30772.0,
4291.16710054,1777948851.4477806,NVIDIA A100-SXM4-40GB,51.47,4.0,30772.0,
4291.393771803,1777948851.6744523,NVIDIA A100-SXM4-40GB,51.47,4.0,30772.0,
4291.62064655,1777948851.901327,NVIDIA A100-SXM4-40GB,51.42,3.0,30772.0,
4291.848445528,1777948852.1291254,NVIDIA A100-SXM4-40GB,51.2,3.0,30772.0,
4292.076616983,1777948852.3572972,NVIDIA A100-SXM4-40GB,51.2,3.0,30772.0,
4292.303595021,1777948852.584275,NVIDIA A100-SXM4-40GB,51.15,3.0,30772.0,
4292.530334047,1777948852.8110142,NVIDIA A100-SXM4-40GB,51.47,3.0,30772.0,
4292.757054605,1777948853.0377347,NVIDIA A100-SXM4-40GB,51.47,3.0,30772.0,
4292.984359536,1777948853.2650397,NVIDIA A100-SXM4-40GB,51.42,3.0,30772.0,
4293.212517455,1777948853.493198,NVIDIA A100-SXM4-40GB,51.2,3.0,30772.0,
4293.441468809,1777948853.7221491,NVIDIA A100-SXM4-40GB,51.15,3.0,30772.0,
4293.66996572,1777948853.950646,NVIDIA A100-SXM4-40GB,51.47,3.0,30772.0,
4293.897118864,1777948854.1777987,NVIDIA A100-SXM4-40GB,51.47,4.0,30772.0,
4294.123898376,1777948854.4045782,NVIDIA A100-SXM4-40GB,51.42,3.0,30772.0,
4294.350839539,1777948854.6315196,NVIDIA A100-SXM4-40GB,51.47,3.0,30772.0,
4294.578580149,1777948854.8592603,NVIDIA A100-SXM4-40GB,51.47,3.0,30772.0,
4294.806728129,1777948855.087408,NVIDIA A100-SXM4-40GB,51.47,4.0,30772.0,
4295.033482836,1777948855.314163,NVIDIA A100-SXM4-40GB,51.2,4.0,30772.0,
4295.259926442,1777948855.5406065,NVIDIA A100-SXM4-40GB,51.47,4.0,30772.0,
4295.486933667,1777948855.7676136,NVIDIA A100-SXM4-40GB,51.47,4.0,30772.0,
4295.713489966,1777948855.9941704,NVIDIA A100-SXM4-40GB,51.42,4.0,30772.0,
4295.940243658,1777948856.2209241,NVIDIA A100-SXM4-40GB,51.42,3.0,30772.0,
4296.171914631,1777948856.4525943,NVIDIA A100-SXM4-40GB,51.47,3.0,30772.0,
4296.40890452,1777948856.6895845,NVIDIA A100-SXM4-40GB,51.47,3.0,30772.0,
4296.636606303,1777948856.9172866,NVIDIA A100-SXM4-40GB,51.47,3.0,30772.0,
4296.863151663,1777948857.1438317,NVIDIA A100-SXM4-40GB,51.42,3.0,30772.0,
4297.090189223,1777948857.3708692,NVIDIA A100-SXM4-40GB,51.47,3.0,30772.0,
4297.320796876,1777948857.601477,NVIDIA A100-SXM4-40GB,51.47,3.0,30772.0,
4297.548740119,1777948857.82942,NVIDIA A100-SXM4-40GB,51.47,3.0,30772.0,
4297.776518689,1777948858.0571985,NVIDIA A100-SXM4-40GB,51.47,3.0,30772.0,
4298.003784548,1777948858.284465,NVIDIA A100-SXM4-40GB,51.2,3.0,30772.0,
4298.231370853,1777948858.512051,NVIDIA A100-SXM4-40GB,51.47,3.0,30772.0,
4298.458699879,1777948858.7393796,NVIDIA A100-SXM4-40GB,51.47,3.0,30772.0,
4298.686610609,1777948858.9672906,NVIDIA A100-SXM4-40GB,51.47,3.0,30772.0,
4298.913274225,1777948859.1939545,NVIDIA A100-SXM4-40GB,51.47,4.0,30772.0,
4299.140098225,1777948859.4207785,NVIDIA A100-SXM4-40GB,51.47,4.0,30772.0,
4299.367347816,1777948859.648028,NVIDIA A100-SXM4-40GB,51.2,3.0,30772.0,
4299.59446248,1777948859.8751426,NVIDIA A100-SXM4-40GB,51.47,3.0,30772.0,
4299.821960626,1777948860.1026409,NVIDIA A100-SXM4-40GB,51.47,4.0,30772.0,
4300.049233066,1777948860.3299131,NVIDIA A100-SXM4-40GB,51.74,4.0,30772.0,
4300.276638094,1777948860.5573182,NVIDIA A100-SXM4-40GB,51.42,4.0,30772.0,
4300.503380904,1777948860.7840612,NVIDIA A100-SXM4-40GB,51.47,4.0,30772.0,
4300.731278818,1777948861.011959,NVIDIA A100-SXM4-40GB,51.47,3.0,30772.0,
4300.95880089,1777948861.239481,NVIDIA A100-SXM4-40GB,51.42,3.0,30772.0,
4301.186055798,1777948861.4667356,NVIDIA A100-SXM4-40GB,51.47,3.0,30772.0,
4301.412812674,1777948861.6934924,NVIDIA A100-SXM4-40GB,51.47,3.0,30772.0,
4301.640881625,1777948861.9215617,NVIDIA A100-SXM4-40GB,51.47,3.0,30772.0,
4301.868301905,1777948862.1489818,NVIDIA A100-SXM4-40GB,51.47,3.0,30772.0,
4302.095230432,1777948862.3759103,NVIDIA A100-SXM4-40GB,51.47,3.0,30772.0,
4302.322976167,1777948862.6036565,NVIDIA A100-SXM4-40GB,51.47,3.0,30772.0,
4302.550838061,1777948862.8315182,NVIDIA A100-SXM4-40GB,51.47,3.0,30772.0,
4302.778889869,1777948863.0595698,NVIDIA A100-SXM4-40GB,51.47,3.0,30772.0,
4303.006321311,1777948863.2870014,NVIDIA A100-SXM4-40GB,51.47,3.0,30772.0,
4303.232964827,1777948863.5136447,NVIDIA A100-SXM4-40GB,51.47,3.0,30772.0,
4303.459382064,1777948863.7400622,NVIDIA A100-SXM4-40GB,51.47,3.0,30772.0,
4303.686244449,1777948863.9669242,NVIDIA A100-SXM4-40GB,51.47,3.0,30772.0,
4303.914959982,1777948864.19564,NVIDIA A100-SXM4-40GB,51.42,3.0,30772.0,
4304.141577304,1777948864.4222577,NVIDIA A100-SXM4-40GB,51.47,3.0,30772.0,
4304.369147338,1777948864.649828,NVIDIA A100-SXM4-40GB,51.47,3.0,30772.0,
4304.599581566,1777948864.8802614,NVIDIA A100-SXM4-40GB,51.47,4.0,30772.0,
4304.827073095,1777948865.1077535,NVIDIA A100-SXM4-40GB,51.47,3.0,30772.0,
4305.054895855,1777948865.3355758,NVIDIA A100-SXM4-40GB,51.2,3.0,30772.0,
4305.282796342,1777948865.563477,NVIDIA A100-SXM4-40GB,51.47,3.0,30772.0,
4305.510836711,1777948865.791517,NVIDIA A100-SXM4-40GB,51.47,4.0,30772.0,
4305.737675862,1777948866.0183563,NVIDIA A100-SXM4-40GB,51.47,4.0,30772.0,
4305.967255874,1777948866.247936,NVIDIA A100-SXM4-40GB,51.42,3.0,30772.0,
4306.194584134,1777948866.475264,NVIDIA A100-SXM4-40GB,51.47,3.0,30772.0,
4306.421340539,1777948866.7020206,NVIDIA A100-SXM4-40GB,51.47,3.0,30772.0,
4306.649966153,1777948866.930646,NVIDIA A100-SXM4-40GB,51.42,4.0,30772.0,
4306.87713867,1777948867.1578186,NVIDIA A100-SXM4-40GB,51.15,4.0,30772.0,
4307.104700877,1777948867.3853815,NVIDIA A100-SXM4-40GB,51.2,4.0,30772.0,
4307.333686403,1777948867.6143665,NVIDIA A100-SXM4-40GB,50.88,4.0,30772.0,
4307.561129434,1777948867.8418095,NVIDIA A100-SXM4-40GB,51.2,3.0,30772.0,
4307.788962668,1777948868.0696428,NVIDIA A100-SXM4-40GB,51.47,3.0,30772.0,
4308.019177727,1777948868.2998579,NVIDIA A100-SXM4-40GB,51.2,4.0,30772.0,
4308.246287368,1777948868.5269673,NVIDIA A100-SXM4-40GB,51.15,4.0,30772.0,
4308.473974973,1777948868.754655,NVIDIA A100-SXM4-40GB,51.2,4.0,30772.0,
4308.701701972,1777948868.982382,NVIDIA A100-SXM4-40GB,51.15,4.0,30772.0,
4308.928922762,1777948869.2096028,NVIDIA A100-SXM4-40GB,51.2,4.0,30772.0,
4309.156142137,1777948869.436822,NVIDIA A100-SXM4-40GB,51.15,3.0,30772.0,
4309.384737186,1777948869.6654172,NVIDIA A100-SXM4-40GB,51.2,3.0,30772.0,
4309.611283413,1777948869.8919635,NVIDIA A100-SXM4-40GB,51.15,3.0,30772.0,
4309.838572646,1777948870.1192524,NVIDIA A100-SXM4-40GB,51.2,3.0,30772.0,
4310.066541116,1777948870.3472216,NVIDIA A100-SXM4-40GB,51.2,3.0,30772.0,
4310.29403216,1777948870.5747123,NVIDIA A100-SXM4-40GB,51.2,4.0,30772.0,
4310.520866757,1777948870.8015468,NVIDIA A100-SXM4-40GB,51.15,4.0,30772.0,
4310.747014814,1777948871.027695,NVIDIA A100-SXM4-40GB,51.47,4.0,30772.0,
4310.974268262,1777948871.2549486,NVIDIA A100-SXM4-40GB,51.2,3.0,30772.0,
4311.201360323,1777948871.4820404,NVIDIA A100-SXM4-40GB,51.15,3.0,30772.0,
4311.427720701,1777948871.7084007,NVIDIA A100-SXM4-40GB,51.2,3.0,30772.0,
4311.655046888,1777948871.935727,NVIDIA A100-SXM4-40GB,51.2,3.0,30772.0,
4311.884329962,1777948872.1650102,NVIDIA A100-SXM4-40GB,51.2,4.0,30772.0,
4312.11142243,1777948872.3921025,NVIDIA A100-SXM4-40GB,51.42,4.0,30772.0,
4312.339036026,1777948872.619716,NVIDIA A100-SXM4-40GB,51.15,4.0,30772.0,
4312.565815391,1777948872.8464954,NVIDIA A100-SXM4-40GB,51.2,3.0,30772.0,
4312.792375296,1777948873.0730557,NVIDIA A100-SXM4-40GB,51.15,3.0,30772.0,
4313.018979819,1777948873.29966,NVIDIA A100-SXM4-40GB,51.15,3.0,30772.0,
4313.246206521,1777948873.5268872,NVIDIA A100-SXM4-40GB,51.15,3.0,30772.0,
4313.473171837,1777948873.7538521,NVIDIA A100-SXM4-40GB,51.15,3.0,30772.0,
4313.700509713,1777948873.9811904,NVIDIA A100-SXM4-40GB,51.15,3.0,30772.0,
4313.930250496,1777948874.2109306,NVIDIA A100-SXM4-40GB,51.2,3.0,30772.0,
4314.157990429,1777948874.4386704,NVIDIA A100-SXM4-40GB,51.15,3.0,30772.0,
4314.384680496,1777948874.6653607,NVIDIA A100-SXM4-40GB,51.2,4.0,30772.0,
4314.613626759,1777948874.8943067,NVIDIA A100-SXM4-40GB,51.2,3.0,30772.0,
4314.840295422,1777948875.120976,NVIDIA A100-SXM4-40GB,51.2,3.0,30772.0,
4315.067381131,1777948875.348061,NVIDIA A100-SXM4-40GB,51.2,3.0,30772.0,
4315.294768305,1777948875.5754485,NVIDIA A100-SXM4-40GB,51.2,3.0,30772.0,
4315.522619588,1777948875.8032997,NVIDIA A100-SXM4-40GB,51.15,3.0,30772.0,
4315.749388262,1777948876.0300682,NVIDIA A100-SXM4-40GB,51.2,3.0,30772.0,
4315.976677521,1777948876.2573578,NVIDIA A100-SXM4-40GB,51.2,3.0,30772.0,
4316.204172266,1777948876.4848523,NVIDIA A100-SXM4-40GB,51.2,3.0,30772.0,
4316.431557908,1777948876.7122383,NVIDIA A100-SXM4-40GB,51.15,3.0,30772.0,
4316.658832375,1777948876.9395125,NVIDIA A100-SXM4-40GB,51.2,3.0,30772.0,
4316.887237772,1777948877.1679175,NVIDIA A100-SXM4-40GB,51.2,3.0,30772.0,
4317.115119277,1777948877.3957996,NVIDIA A100-SXM4-40GB,51.2,3.0,30772.0,
4317.341941522,1777948877.6226215,NVIDIA A100-SXM4-40GB,51.42,3.0,30772.0,
4317.570112218,1777948877.8507922,NVIDIA A100-SXM4-40GB,51.2,4.0,30772.0,
4317.798132331,1777948878.0788121,NVIDIA A100-SXM4-40GB,51.2,4.0,30772.0,
4318.025585354,1777948878.3062654,NVIDIA A100-SXM4-40GB,51.15,4.0,30772.0,
4318.25342341,1777948878.5341039,NVIDIA A100-SXM4-40GB,51.2,4.0,30772.0,
4318.480499755,1777948878.7611797,NVIDIA A100-SXM4-40GB,51.2,3.0,30772.0,
4318.707040328,1777948878.9877207,NVIDIA A100-SXM4-40GB,51.2,4.0,30772.0,
4318.935700628,1777948879.2163806,NVIDIA A100-SXM4-40GB,51.2,4.0,30772.0,
4319.162147407,1777948879.4428275,NVIDIA A100-SXM4-40GB,51.15,3.0,30772.0,
4319.389098334,1777948879.669778,NVIDIA A100-SXM4-40GB,51.2,4.0,30772.0,
4319.61643254,1777948879.8971128,NVIDIA A100-SXM4-40GB,51.2,3.0,30772.0,
4319.844387483,1777948880.1250677,NVIDIA A100-SXM4-40GB,51.2,4.0,30772.0,
4320.071418216,1777948880.3520985,NVIDIA A100-SXM4-40GB,51.15,4.0,30772.0,
4320.298814361,1777948880.5794945,NVIDIA A100-SXM4-40GB,51.2,4.0,30772.0,
4320.526793855,1777948880.8074741,NVIDIA A100-SXM4-40GB,51.47,4.0,30772.0,
4320.753530186,1777948881.03421,NVIDIA A100-SXM4-40GB,51.2,4.0,30772.0,
4320.982296365,1777948881.262977,NVIDIA A100-SXM4-40GB,51.2,3.0,30772.0,
4321.21025534,1777948881.4909356,NVIDIA A100-SXM4-40GB,51.2,4.0,30772.0,
4321.438207291,1777948881.718887,NVIDIA A100-SXM4-40GB,51.2,4.0,30772.0,
4321.664874334,1777948881.9455543,NVIDIA A100-SXM4-40GB,51.47,3.0,30772.0,
4321.894310315,1777948882.1749904,NVIDIA A100-SXM4-40GB,51.2,3.0,30772.0,
4322.120852649,1777948882.401533,NVIDIA A100-SXM4-40GB,51.42,4.0,30772.0,
4322.347496115,1777948882.6281762,NVIDIA A100-SXM4-40GB,51.2,3.0,30772.0,
4322.578578154,1777948882.8592582,NVIDIA A100-SXM4-40GB,51.15,3.0,30772.0,
4322.805923649,1777948883.0866039,NVIDIA A100-SXM4-40GB,51.15,4.0,30772.0,
4323.033948922,1777948883.3146288,NVIDIA A100-SXM4-40GB,51.2,4.0,30772.0,
4323.262307705,1777948883.5429883,NVIDIA A100-SXM4-40GB,51.2,4.0,30772.0,
4323.489635658,1777948883.7703161,NVIDIA A100-SXM4-40GB,51.47,4.0,30772.0,
4323.716858262,1777948883.9975383,NVIDIA A100-SXM4-40GB,51.15,4.0,30772.0,
4323.945164274,1777948884.2258441,NVIDIA A100-SXM4-40GB,51.2,4.0,30772.0,
4324.172071192,1777948884.4527512,NVIDIA A100-SXM4-40GB,51.2,4.0,30772.0,
4324.400120423,1777948884.6808007,NVIDIA A100-SXM4-40GB,51.2,4.0,30772.0,
4324.62742293,1777948884.908103,NVIDIA A100-SXM4-40GB,51.2,3.0,30772.0,
4324.854311988,1777948885.1349924,NVIDIA A100-SXM4-40GB,51.2,3.0,30772.0,
4325.081869779,1777948885.3625498,NVIDIA A100-SXM4-40GB,51.47,3.0,30772.0,
4325.308927662,1777948885.5896077,NVIDIA A100-SXM4-40GB,51.47,3.0,30772.0,
4325.535659455,1777948885.8163393,NVIDIA A100-SXM4-40GB,51.2,3.0,30772.0,
4325.762266271,1777948886.0429468,NVIDIA A100-SXM4-40GB,51.2,3.0,30772.0,
4325.989260777,1777948886.2699413,NVIDIA A100-SXM4-40GB,51.47,3.0,30772.0,
4326.218145937,1777948886.4988263,NVIDIA A100-SXM4-40GB,51.47,3.0,30772.0,
4326.445012862,1777948886.725693,NVIDIA A100-SXM4-40GB,51.2,4.0,30772.0,
4326.671779163,1777948886.9524593,NVIDIA A100-SXM4-40GB,51.15,3.0,30772.0,
4326.89956038,1777948887.1802406,NVIDIA A100-SXM4-40GB,51.2,4.0,30772.0,
4327.126654145,1777948887.4073343,NVIDIA A100-SXM4-40GB,51.2,3.0,30772.0,
4327.353732438,1777948887.6344125,NVIDIA A100-SXM4-40GB,51.2,3.0,30772.0,
4327.581509467,1777948887.8621895,NVIDIA A100-SXM4-40GB,51.2,3.0,30772.0,
4327.809073028,1777948888.0897532,NVIDIA A100-SXM4-40GB,51.15,3.0,30772.0,
4328.036114007,1777948888.3167942,NVIDIA A100-SXM4-40GB,51.2,3.0,30772.0,
4328.263529212,1777948888.5442092,NVIDIA A100-SXM4-40GB,51.2,3.0,30772.0,
4328.490491599,1777948888.7711716,NVIDIA A100-SXM4-40GB,51.2,3.0,30772.0,
4328.717123612,1777948888.9978034,NVIDIA A100-SXM4-40GB,51.2,3.0,30772.0,
4328.944216956,1777948889.224897,NVIDIA A100-SXM4-40GB,51.47,4.0,30772.0,
4329.172043085,1777948889.4527235,NVIDIA A100-SXM4-40GB,51.15,3.0,30772.0,
4329.399275273,1777948889.6799552,NVIDIA A100-SXM4-40GB,51.2,3.0,30772.0,
4329.626919508,1777948889.9076,NVIDIA A100-SXM4-40GB,51.15,4.0,30772.0,
4329.853944541,1777948890.1346245,NVIDIA A100-SXM4-40GB,51.2,4.0,30772.0,
4330.081531394,1777948890.3622115,NVIDIA A100-SXM4-40GB,51.2,3.0,30772.0,
4330.308841697,1777948890.5895216,NVIDIA A100-SXM4-40GB,51.42,4.0,30772.0,
4330.536152757,1777948890.8168328,NVIDIA A100-SXM4-40GB,51.42,4.0,30772.0,
4330.763186532,1777948891.0438669,NVIDIA A100-SXM4-40GB,51.15,4.0,30772.0,
4330.99077475,1777948891.2714553,NVIDIA A100-SXM4-40GB,51.42,4.0,30772.0,
4331.217951877,1777948891.4986322,NVIDIA A100-SXM4-40GB,51.15,3.0,30772.0,
4331.445657283,1777948891.7263372,NVIDIA A100-SXM4-40GB,51.15,4.0,30772.0,
4331.673846898,1777948891.9545271,NVIDIA A100-SXM4-40GB,51.2,3.0,30772.0,
4331.900958924,1777948892.181639,NVIDIA A100-SXM4-40GB,51.2,3.0,30772.0,
4332.129891878,1777948892.410572,NVIDIA A100-SXM4-40GB,51.47,4.0,30772.0,
4332.358164751,1777948892.6388452,NVIDIA A100-SXM4-40GB,51.2,3.0,30772.0,
4332.58524601,1777948892.8659258,NVIDIA A100-SXM4-40GB,51.47,3.0,30772.0,
4332.813824086,1777948893.094504,NVIDIA A100-SXM4-40GB,51.2,4.0,30772.0,
4333.042176957,1777948893.322857,NVIDIA A100-SXM4-40GB,51.2,3.0,30772.0,
4333.269344115,1777948893.550024,NVIDIA A100-SXM4-40GB,51.47,4.0,30772.0,
4333.496620456,1777948893.7773006,NVIDIA A100-SXM4-40GB,51.47,4.0,30772.0,
4333.723912146,1777948894.0045922,NVIDIA A100-SXM4-40GB,51.47,3.0,30772.0,
4333.951036865,1777948894.231717,NVIDIA A100-SXM4-40GB,51.2,4.0,30772.0,
4334.180462872,1777948894.461143,NVIDIA A100-SXM4-40GB,51.2,3.0,30772.0,
4334.407247603,1777948894.687928,NVIDIA A100-SXM4-40GB,51.2,3.0,30772.0,
4334.634456796,1777948894.9151368,NVIDIA A100-SXM4-40GB,51.2,3.0,30772.0,
4334.861797174,1777948895.142477,NVIDIA A100-SXM4-40GB,51.2,3.0,30772.0,
4335.089109507,1777948895.3697896,NVIDIA A100-SXM4-40GB,51.2,3.0,30772.0,
4335.316153252,1777948895.5968332,NVIDIA A100-SXM4-40GB,51.2,3.0,30772.0,
4335.543679844,1777948895.8243597,NVIDIA A100-SXM4-40GB,51.2,3.0,30772.0,
4335.770520301,1777948896.0512009,NVIDIA A100-SXM4-40GB,51.15,3.0,30772.0,
4335.997689124,1777948896.2783692,NVIDIA A100-SXM4-40GB,51.42,3.0,30772.0,
4336.225565649,1777948896.5062459,NVIDIA A100-SXM4-40GB,51.47,3.0,30772.0,
4336.452567169,1777948896.733247,NVIDIA A100-SXM4-40GB,51.2,4.0,30772.0,
4336.679733258,1777948896.9604132,NVIDIA A100-SXM4-40GB,51.15,4.0,30772.0,
4336.906703238,1777948897.1873834,NVIDIA A100-SXM4-40GB,51.2,4.0,30772.0,
4337.136152223,1777948897.4168322,NVIDIA A100-SXM4-40GB,51.2,3.0,30772.0,
4337.36442074,1777948897.6451008,NVIDIA A100-SXM4-40GB,51.15,3.0,30772.0,
4337.592033878,1777948897.8727138,NVIDIA A100-SXM4-40GB,51.2,3.0,30772.0,
4337.820455977,1777948898.101136,NVIDIA A100-SXM4-40GB,51.2,3.0,30772.0,
4338.047676882,1777948898.3283572,NVIDIA A100-SXM4-40GB,51.47,3.0,30772.0,
4338.275263268,1777948898.5559433,NVIDIA A100-SXM4-40GB,51.2,3.0,30772.0,
4338.503344184,1777948898.784024,NVIDIA A100-SXM4-40GB,51.2,3.0,30772.0,
4338.729772163,1777948899.0104523,NVIDIA A100-SXM4-40GB,51.2,3.0,30772.0,
4338.956402306,1777948899.2370827,NVIDIA A100-SXM4-40GB,51.47,3.0,30772.0,
4339.182876022,1777948899.463556,NVIDIA A100-SXM4-40GB,51.42,3.0,30772.0,
4339.410552467,1777948899.6912324,NVIDIA A100-SXM4-40GB,51.47,3.0,30772.0,
4339.637167744,1777948899.9178483,NVIDIA A100-SXM4-40GB,51.15,3.0,30772.0,
4339.865927146,1777948900.1466074,NVIDIA A100-SXM4-40GB,51.2,3.0,30772.0,
4340.09299422,1777948900.3736742,NVIDIA A100-SXM4-40GB,50.88,3.0,30772.0,
4340.320628143,1777948900.6013083,NVIDIA A100-SXM4-40GB,51.47,3.0,30772.0,
4340.54854591,1777948900.829226,NVIDIA A100-SXM4-40GB,51.2,3.0,30772.0,
4340.776878807,1777948901.0575588,NVIDIA A100-SXM4-40GB,51.47,3.0,30772.0,
4341.004321548,1777948901.2850018,NVIDIA A100-SXM4-40GB,51.2,3.0,30772.0,
4341.232433132,1777948901.5131133,NVIDIA A100-SXM4-40GB,51.47,4.0,30772.0,
4341.460282274,1777948901.7409625,NVIDIA A100-SXM4-40GB,51.2,4.0,30772.0,
4341.687318746,1777948901.9679987,NVIDIA A100-SXM4-40GB,51.47,3.0,30772.0,
4341.91539924,1777948902.1960793,NVIDIA A100-SXM4-40GB,51.2,3.0,30772.0,
4342.14405166,1777948902.4247322,NVIDIA A100-SXM4-40GB,51.42,3.0,30772.0,
4342.371585363,1777948902.6522653,NVIDIA A100-SXM4-40GB,51.47,3.0,30772.0,
4342.598446407,1777948902.8791265,NVIDIA A100-SXM4-40GB,51.47,4.0,30772.0,
4342.826471867,1777948903.1071522,NVIDIA A100-SXM4-40GB,51.2,4.0,30772.0,
4343.053483461,1777948903.3341634,NVIDIA A100-SXM4-40GB,51.47,3.0,30772.0,
4343.280587812,1777948903.5612679,NVIDIA A100-SXM4-40GB,51.15,4.0,30772.0,
4343.508970118,1777948903.7896502,NVIDIA A100-SXM4-40GB,51.47,4.0,30772.0,
4343.736540703,1777948904.017221,NVIDIA A100-SXM4-40GB,51.42,4.0,30772.0,
4343.964086028,1777948904.244766,NVIDIA A100-SXM4-40GB,51.47,4.0,30772.0,
4344.191878341,1777948904.4725583,NVIDIA A100-SXM4-40GB,51.2,4.0,30772.0,
4344.419571668,1777948904.7002516,NVIDIA A100-SXM4-40GB,51.47,3.0,30772.0,
4344.646384925,1777948904.927065,NVIDIA A100-SXM4-40GB,51.15,3.0,30772.0,
4344.873256089,1777948905.1539366,NVIDIA A100-SXM4-40GB,51.42,3.0,30772.0,
4345.100678713,1777948905.3813586,NVIDIA A100-SXM4-40GB,51.15,3.0,30772.0,
4345.327816677,1777948905.6084967,NVIDIA A100-SXM4-40GB,51.15,3.0,30772.0,
4345.555650219,1777948905.8363302,NVIDIA A100-SXM4-40GB,51.47,4.0,30772.0,
4345.783190584,1777948906.0638707,NVIDIA A100-SXM4-40GB,51.15,4.0,30772.0,
4346.011492489,1777948906.2921724,NVIDIA A100-SXM4-40GB,51.2,3.0,30772.0,
4346.238362255,1777948906.5190423,NVIDIA A100-SXM4-40GB,51.2,3.0,30772.0,
4346.466371441,1777948906.7470515,NVIDIA A100-SXM4-40GB,51.2,3.0,30772.0,
4346.693500024,1777948906.97418,NVIDIA A100-SXM4-40GB,51.47,3.0,30772.0,
4346.920336045,1777948907.2010167,NVIDIA A100-SXM4-40GB,51.47,3.0,30772.0,
4347.148992074,1777948907.429672,NVIDIA A100-SXM4-40GB,51.2,3.0,30772.0,
4347.377108982,1777948907.6577892,NVIDIA A100-SXM4-40GB,51.42,4.0,30772.0,
4347.603745676,1777948907.8844259,NVIDIA A100-SXM4-40GB,51.47,4.0,30772.0,
4347.83194559,1777948908.112626,NVIDIA A100-SXM4-40GB,51.2,4.0,30772.0,
4348.059441188,1777948908.3401213,NVIDIA A100-SXM4-40GB,51.2,3.0,30772.0,
4348.286059108,1777948908.566739,NVIDIA A100-SXM4-40GB,51.2,3.0,30772.0,
4348.514085552,1777948908.7947652,NVIDIA A100-SXM4-40GB,51.47,4.0,30772.0,
4348.740460578,1777948909.0211406,NVIDIA A100-SXM4-40GB,51.47,4.0,30772.0,
4348.968221172,1777948909.2489011,NVIDIA A100-SXM4-40GB,51.15,4.0,30772.0,
4349.19461112,1777948909.4752913,NVIDIA A100-SXM4-40GB,51.47,3.0,30772.0,
4349.42286266,1777948909.7035427,NVIDIA A100-SXM4-40GB,51.42,3.0,30772.0,
4349.649700138,1777948909.9303803,NVIDIA A100-SXM4-40GB,51.47,4.0,30772.0,
4349.877567267,1777948910.1582472,NVIDIA A100-SXM4-40GB,51.47,4.0,30772.0,
4350.104958077,1777948910.3856382,NVIDIA A100-SXM4-40GB,51.47,4.0,30772.0,
4350.332454672,1777948910.613135,NVIDIA A100-SXM4-40GB,51.2,4.0,30772.0,
4350.55971382,1777948910.840394,NVIDIA A100-SXM4-40GB,51.2,3.0,30772.0,
4350.786716107,1777948911.0673962,NVIDIA A100-SXM4-40GB,51.47,3.0,30772.0,
4351.014013332,1777948911.2946935,NVIDIA A100-SXM4-40GB,51.47,3.0,30772.0,
4351.242059395,1777948911.52274,NVIDIA A100-SXM4-40GB,51.42,4.0,30772.0,
4351.469133282,1777948911.7498136,NVIDIA A100-SXM4-40GB,51.47,4.0,30772.0,
4351.695831114,1777948911.9765112,NVIDIA A100-SXM4-40GB,51.42,3.0,30772.0,
4351.922685694,1777948912.2033656,NVIDIA A100-SXM4-40GB,51.47,3.0,30772.0,
4352.149804181,1777948912.4304843,NVIDIA A100-SXM4-40GB,51.42,4.0,30772.0,
4352.377496891,1777948912.6581767,NVIDIA A100-SXM4-40GB,51.47,4.0,30772.0,
4352.604649553,1777948912.8853297,NVIDIA A100-SXM4-40GB,51.42,4.0,30772.0,
4352.831836227,1777948913.1125164,NVIDIA A100-SXM4-40GB,51.47,4.0,30772.0,
4353.059128216,1777948913.3398085,NVIDIA A100-SXM4-40GB,51.2,3.0,30772.0,
4353.286517734,1777948913.567198,NVIDIA A100-SXM4-40GB,51.47,3.0,30772.0,
4353.512973107,1777948913.793653,NVIDIA A100-SXM4-40GB,51.47,3.0,30772.0,
4353.740618126,1777948914.0212984,NVIDIA A100-SXM4-40GB,51.42,4.0,30772.0,
4353.967951086,1777948914.2486315,NVIDIA A100-SXM4-40GB,51.47,4.0,30772.0,
4354.195473201,1777948914.4761531,NVIDIA A100-SXM4-40GB,51.47,4.0,30772.0,
4354.422187981,1777948914.702868,NVIDIA A100-SXM4-40GB,51.47,4.0,30772.0,
4354.648893044,1777948914.9295728,NVIDIA A100-SXM4-40GB,51.47,4.0,30772.0,
4354.876046756,1777948915.156727,NVIDIA A100-SXM4-40GB,51.47,4.0,30772.0,
4355.10242109,1777948915.3831012,NVIDIA A100-SXM4-40GB,51.2,3.0,30772.0,
4355.329160266,1777948915.6098402,NVIDIA A100-SXM4-40GB,51.2,3.0,30772.0,
4355.556801121,1777948915.837481,NVIDIA A100-SXM4-40GB,51.47,3.0,30772.0,
4355.785633857,1777948916.066314,NVIDIA A100-SXM4-40GB,51.15,3.0,30772.0,
4356.013176388,1777948916.2938561,NVIDIA A100-SXM4-40GB,51.42,4.0,30772.0,
4356.24080876,1777948916.5214887,NVIDIA A100-SXM4-40GB,51.47,4.0,30772.0,
4356.467284549,1777948916.7479649,NVIDIA A100-SXM4-40GB,51.2,3.0,30772.0,
4356.693816599,1777948916.9744966,NVIDIA A100-SXM4-40GB,51.47,3.0,30772.0,
4356.922183499,1777948917.202864,NVIDIA A100-SXM4-40GB,51.47,3.0,30772.0,
4357.150157294,1777948917.4308379,NVIDIA A100-SXM4-40GB,51.47,3.0,30772.0,
4357.37683776,1777948917.6575181,NVIDIA A100-SXM4-40GB,51.47,3.0,30772.0,
4357.604654268,1777948917.8853343,NVIDIA A100-SXM4-40GB,51.42,3.0,30772.0,
4357.831575305,1777948918.1122553,NVIDIA A100-SXM4-40GB,51.47,3.0,30772.0,
4358.059430063,1777948918.3401103,NVIDIA A100-SXM4-40GB,51.47,3.0,30772.0,
4358.28609026,1777948918.5667703,NVIDIA A100-SXM4-40GB,51.47,3.0,30772.0,
4358.513418575,1777948918.7940984,NVIDIA A100-SXM4-40GB,51.47,3.0,30772.0,
4358.740691215,1777948919.0213714,NVIDIA A100-SXM4-40GB,51.47,4.0,30772.0,
4358.967600912,1777948919.2482808,NVIDIA A100-SXM4-40GB,51.47,4.0,30772.0,
4359.194804075,1777948919.4754841,NVIDIA A100-SXM4-40GB,51.47,4.0,30772.0,
4359.422399503,1777948919.7030797,NVIDIA A100-SXM4-40GB,51.47,4.0,30772.0,
4359.649976255,1777948919.9306564,NVIDIA A100-SXM4-40GB,51.42,4.0,30772.0,
4359.877748806,1777948920.1584287,NVIDIA A100-SXM4-40GB,51.47,4.0,30772.0,
4360.104928978,1777948920.3856091,NVIDIA A100-SXM4-40GB,51.47,3.0,30772.0,
4360.331983799,1777948920.6126637,NVIDIA A100-SXM4-40GB,51.47,4.0,30772.0,
4360.560180221,1777948920.8408601,NVIDIA A100-SXM4-40GB,52.07,4.0,30772.0,
4360.789786424,1777948921.0704665,NVIDIA A100-SXM4-40GB,51.42,4.0,30772.0,
4361.01657006,1777948921.2972503,NVIDIA A100-SXM4-40GB,51.47,4.0,30772.0,
4361.244861608,1777948921.5255415,NVIDIA A100-SXM4-40GB,51.47,3.0,30772.0,
4361.472549555,1777948921.7532296,NVIDIA A100-SXM4-40GB,51.47,4.0,30772.0,
4361.703257875,1777948921.9839377,NVIDIA A100-SXM4-40GB,51.47,3.0,30772.0,
4361.93085876,1777948922.211539,NVIDIA A100-SXM4-40GB,51.42,3.0,30772.0,
4362.159244179,1777948922.4399245,NVIDIA A100-SXM4-40GB,51.47,3.0,30772.0,
4362.386346694,1777948922.6670268,NVIDIA A100-SXM4-40GB,51.47,3.0,30772.0,
4362.613789132,1777948922.8944693,NVIDIA A100-SXM4-40GB,51.2,3.0,30772.0,
4362.841344968,1777948923.1220253,NVIDIA A100-SXM4-40GB,51.42,3.0,30772.0,
4363.068270412,1777948923.3489506,NVIDIA A100-SXM4-40GB,51.2,3.0,30772.0,
4363.296754015,1777948923.5774338,NVIDIA A100-SXM4-40GB,51.42,3.0,30772.0,
4363.524183203,1777948923.8048632,NVIDIA A100-SXM4-40GB,51.47,3.0,30772.0,
4363.752511143,1777948924.0331914,NVIDIA A100-SXM4-40GB,51.42,3.0,30772.0,
4363.98031583,1777948924.2609959,NVIDIA A100-SXM4-40GB,51.74,4.0,30772.0,
4364.207732835,1777948924.4884126,NVIDIA A100-SXM4-40GB,51.47,4.0,30772.0,
4364.435158488,1777948924.715839,NVIDIA A100-SXM4-40GB,51.47,4.0,30772.0,
4364.662024081,1777948924.9427042,NVIDIA A100-SXM4-40GB,51.47,3.0,30772.0,
4364.888485239,1777948925.1691656,NVIDIA A100-SXM4-40GB,51.47,3.0,30772.0,
4365.11571327,1777948925.3963935,NVIDIA A100-SXM4-40GB,51.47,3.0,30772.0,
4365.342222148,1777948925.6229022,NVIDIA A100-SXM4-40GB,51.47,3.0,30772.0,
4365.569283279,1777948925.8499634,NVIDIA A100-SXM4-40GB,51.47,3.0,30772.0,
4365.796103384,1777948926.0767837,NVIDIA A100-SXM4-40GB,51.47,3.0,30772.0,
4366.022562612,1777948926.3032424,NVIDIA A100-SXM4-40GB,51.47,3.0,30772.0,
4366.249573787,1777948926.530254,NVIDIA A100-SXM4-40GB,51.47,3.0,30772.0,
4366.477139093,1777948926.7578194,NVIDIA A100-SXM4-40GB,51.47,3.0,30772.0,
4366.704200752,1777948926.9848807,NVIDIA A100-SXM4-40GB,51.47,4.0,30772.0,
4366.931892636,1777948927.2125728,NVIDIA A100-SXM4-40GB,51.47,4.0,30772.0,
4367.159652623,1777948927.440333,NVIDIA A100-SXM4-40GB,51.42,3.0,30772.0,
4367.387817141,1777948927.668497,NVIDIA A100-SXM4-40GB,51.2,3.0,30772.0,
4367.61466047,1777948927.8953404,NVIDIA A100-SXM4-40GB,51.42,3.0,30772.0,
4367.841490237,1777948928.1221702,NVIDIA A100-SXM4-40GB,51.47,3.0,30772.0,
4368.068536628,1777948928.3492165,NVIDIA A100-SXM4-40GB,51.42,4.0,30772.0,
4368.295342294,1777948928.5760224,NVIDIA A100-SXM4-40GB,51.47,4.0,30772.0,
4368.522647076,1777948928.8033278,NVIDIA A100-SXM4-40GB,51.47,4.0,30772.0,
4368.75172415,1777948929.0324042,NVIDIA A100-SXM4-40GB,51.47,4.0,30772.0,
4368.979023934,1777948929.2597039,NVIDIA A100-SXM4-40GB,51.42,3.0,30772.0,
4369.20684379,1777948929.4875243,NVIDIA A100-SXM4-40GB,51.42,4.0,30772.0,
4369.435020541,1777948929.7157006,NVIDIA A100-SXM4-40GB,51.42,3.0,30772.0,
4369.662124078,1777948929.9428039,NVIDIA A100-SXM4-40GB,51.47,4.0,30772.0,
4369.889165838,1777948930.1698458,NVIDIA A100-SXM4-40GB,51.47,4.0,30772.0,
4370.117343169,1777948930.3980231,NVIDIA A100-SXM4-40GB,51.69,4.0,30772.0,
4370.344952827,1777948930.625633,NVIDIA A100-SXM4-40GB,51.47,4.0,30772.0,
4370.572154934,1777948930.8528347,NVIDIA A100-SXM4-40GB,51.47,4.0,30772.0,
4370.800366987,1777948931.081047,NVIDIA A100-SXM4-40GB,51.47,3.0,30772.0,
4371.027167544,1777948931.3078475,NVIDIA A100-SXM4-40GB,51.47,4.0,30772.0,
4371.253869339,1777948931.5345492,NVIDIA A100-SXM4-40GB,51.42,3.0,30772.0,
4371.480848554,1777948931.7615285,NVIDIA A100-SXM4-40GB,51.42,4.0,30772.0,
4371.708348956,1777948931.989029,NVIDIA A100-SXM4-40GB,51.42,4.0,30772.0,
4371.936737393,1777948932.2174175,NVIDIA A100-SXM4-40GB,51.47,4.0,30772.0,
4372.164047047,1777948932.444727,NVIDIA A100-SXM4-40GB,51.47,3.0,30772.0,
4372.391637462,1777948932.6723177,NVIDIA A100-SXM4-40GB,51.47,3.0,30772.0,
4372.618278579,1777948932.898959,NVIDIA A100-SXM4-40GB,51.47,3.0,30772.0,
4372.845170239,1777948933.1258504,NVIDIA A100-SXM4-40GB,51.47,4.0,30772.0,
4373.072664978,1777948933.3533454,NVIDIA A100-SXM4-40GB,51.47,3.0,30772.0,
4373.299485714,1777948933.5801656,NVIDIA A100-SXM4-40GB,51.47,4.0,30772.0,
4373.526925113,1777948933.807605,NVIDIA A100-SXM4-40GB,52.07,3.0,30772.0,
4373.758760842,1777948934.039441,NVIDIA A100-SXM4-40GB,51.15,3.0,30772.0,
4373.986162211,1777948934.2668424,NVIDIA A100-SXM4-40GB,51.15,3.0,30772.0,
4374.213034938,1777948934.4937153,NVIDIA A100-SXM4-40GB,51.15,4.0,30772.0,
4374.439924664,1777948934.7206047,NVIDIA A100-SXM4-40GB,51.15,3.0,30772.0,
4374.66714897,1777948934.947829,NVIDIA A100-SXM4-40GB,51.2,4.0,30772.0,
4374.892921743,1777948935.1736019,NVIDIA A100-SXM4-40GB,51.2,3.0,30772.0,
4375.12075883,1777948935.401439,NVIDIA A100-SXM4-40GB,51.2,3.0,30772.0,
4375.348055626,1777948935.6287358,NVIDIA A100-SXM4-40GB,51.2,3.0,30772.0,
4375.574755553,1777948935.8554358,NVIDIA A100-SXM4-40GB,51.2,4.0,30772.0,
4375.801344238,1777948936.082024,NVIDIA A100-SXM4-40GB,51.2,4.0,30772.0,
4376.028208716,1777948936.308889,NVIDIA A100-SXM4-40GB,51.2,3.0,30772.0,
4376.25498322,1777948936.5356634,NVIDIA A100-SXM4-40GB,51.2,3.0,30772.0,
4376.481457544,1777948936.7621374,NVIDIA A100-SXM4-40GB,51.2,4.0,30772.0,
4376.708562837,1777948936.9892428,NVIDIA A100-SXM4-40GB,51.15,3.0,30772.0,
4376.936034429,1777948937.2167149,NVIDIA A100-SXM4-40GB,51.15,3.0,30772.0,
4377.16295648,1777948937.4436367,NVIDIA A100-SXM4-40GB,51.2,3.0,30772.0,
4377.390386283,1777948937.6710665,NVIDIA A100-SXM4-40GB,51.15,3.0,30772.0,
4377.617623768,1777948937.898304,NVIDIA A100-SXM4-40GB,51.2,3.0,30772.0,
4377.845147645,1777948938.1258276,NVIDIA A100-SXM4-40GB,51.15,3.0,30772.0,
4378.072358864,1777948938.3530388,NVIDIA A100-SXM4-40GB,51.2,3.0,30772.0,
4378.300094433,1777948938.5807743,NVIDIA A100-SXM4-40GB,51.47,3.0,30772.0,
4378.526947527,1777948938.8076274,NVIDIA A100-SXM4-40GB,51.2,3.0,30772.0,
4378.753548563,1777948939.0342293,NVIDIA A100-SXM4-40GB,51.74,4.0,30772.0,
4378.981364491,1777948939.2620447,NVIDIA A100-SXM4-40GB,51.47,4.0,30772.0,
4379.208675628,1777948939.4893558,NVIDIA A100-SXM4-40GB,51.15,4.0,30772.0,
4379.435676995,1777948939.7163575,NVIDIA A100-SXM4-40GB,51.15,4.0,30772.0,
4379.66366416,1777948939.944344,NVIDIA A100-SXM4-40GB,51.47,3.0,30772.0,
4379.890965019,1777948940.1716452,NVIDIA A100-SXM4-40GB,51.2,3.0,30772.0,
4380.118046245,1777948940.3987262,NVIDIA A100-SXM4-40GB,51.2,4.0,30772.0,
4380.344500646,1777948940.6251807,NVIDIA A100-SXM4-40GB,51.2,4.0,30772.0,
4380.57150582,1777948940.8521862,NVIDIA A100-SXM4-40GB,51.2,3.0,30772.0,
4380.798060216,1777948941.0787406,NVIDIA A100-SXM4-40GB,51.2,3.0,30772.0,
4381.025031186,1777948941.3057113,NVIDIA A100-SXM4-40GB,51.2,4.0,30772.0,
4381.252297674,1777948941.5329778,NVIDIA A100-SXM4-40GB,51.2,4.0,30772.0,
4381.479088544,1777948941.7597685,NVIDIA A100-SXM4-40GB,51.15,4.0,30772.0,
4381.706448598,1777948941.9871285,NVIDIA A100-SXM4-40GB,51.2,4.0,30772.0,
4381.934444186,1777948942.2151244,NVIDIA A100-SXM4-40GB,51.15,4.0,30772.0,
4382.161628454,1777948942.4423084,NVIDIA A100-SXM4-40GB,51.47,4.0,30772.0,
4382.389665511,1777948942.6703455,NVIDIA A100-SXM4-40GB,51.2,4.0,30772.0,
4382.617923018,1777948942.8986032,NVIDIA A100-SXM4-40GB,52.02,4.0,30772.0,
4382.845406921,1777948943.126087,NVIDIA A100-SXM4-40GB,51.2,4.0,30772.0,
4383.073017961,1777948943.3536983,NVIDIA A100-SXM4-40GB,51.74,3.0,30772.0,
4383.30255823,1777948943.5832381,NVIDIA A100-SXM4-40GB,51.2,4.0,30772.0,
4383.530290901,1777948943.8109708,NVIDIA A100-SXM4-40GB,51.2,4.0,30772.0,
4383.756850514,1777948944.0375307,NVIDIA A100-SXM4-40GB,51.2,4.0,30772.0,
4383.98589102,1777948944.2665713,NVIDIA A100-SXM4-40GB,51.15,3.0,30772.0,
4384.214018394,1777948944.4946985,NVIDIA A100-SXM4-40GB,51.2,3.0,30772.0,
4384.441573412,1777948944.7222536,NVIDIA A100-SXM4-40GB,51.2,4.0,30772.0,
4384.6686314,1777948944.9493117,NVIDIA A100-SXM4-40GB,51.15,4.0,30772.0,
4384.895032923,1777948945.1757128,NVIDIA A100-SXM4-40GB,51.2,4.0,30772.0,
4385.121750188,1777948945.4024303,NVIDIA A100-SXM4-40GB,51.2,3.0,30772.0,
4385.3497111,1777948945.6303911,NVIDIA A100-SXM4-40GB,51.15,3.0,30772.0,
4385.57697916,1777948945.857659,NVIDIA A100-SXM4-40GB,51.2,3.0,30772.0,
4385.803486069,1777948946.084166,NVIDIA A100-SXM4-40GB,51.15,3.0,30772.0,
4386.030439491,1777948946.3111196,NVIDIA A100-SXM4-40GB,51.2,3.0,30772.0,
4386.257330849,1777948946.5380108,NVIDIA A100-SXM4-40GB,51.15,3.0,30772.0,
4386.485594086,1777948946.766274,NVIDIA A100-SXM4-40GB,51.2,3.0,30772.0,
4386.714493066,1777948946.9951735,NVIDIA A100-SXM4-40GB,51.15,3.0,30772.0,
4386.944047496,1777948947.2247279,NVIDIA A100-SXM4-40GB,51.15,3.0,30772.0,
4387.17099171,1777948947.4516718,NVIDIA A100-SXM4-40GB,51.47,3.0,30772.0,
4387.398492438,1777948947.6791725,NVIDIA A100-SXM4-40GB,51.42,4.0,30772.0,
4387.626941831,1777948947.9076223,NVIDIA A100-SXM4-40GB,51.2,4.0,30772.0,
4387.853830969,1777948948.1345108,NVIDIA A100-SXM4-40GB,51.42,4.0,30772.0,
4388.0810107,1777948948.361691,NVIDIA A100-SXM4-40GB,51.2,4.0,30772.0,
4388.307939267,1777948948.5886197,NVIDIA A100-SXM4-40GB,51.15,4.0,30772.0,
4388.534614252,1777948948.8152943,NVIDIA A100-SXM4-40GB,51.2,4.0,30772.0,
4388.761477608,1777948949.0421576,NVIDIA A100-SXM4-40GB,51.2,3.0,30772.0,
4388.989088004,1777948949.2697682,NVIDIA A100-SXM4-40GB,51.2,3.0,30772.0,
4389.216807648,1777948949.4974878,NVIDIA A100-SXM4-40GB,51.15,4.0,30772.0,
4389.443551101,1777948949.7242315,NVIDIA A100-SXM4-40GB,51.2,4.0,30772.0,
4389.67058476,1777948949.9512653,NVIDIA A100-SXM4-40GB,51.2,4.0,30772.0,
4389.900190484,1777948950.1808708,NVIDIA A100-SXM4-40GB,51.15,4.0,30772.0,
4390.127718297,1777948950.4083984,NVIDIA A100-SXM4-40GB,51.15,3.0,30772.0,
4390.355191585,1777948950.6358714,NVIDIA A100-SXM4-40GB,51.2,3.0,30772.0,
4390.583352073,1777948950.8640323,NVIDIA A100-SXM4-40GB,51.15,4.0,30772.0,
4390.810507609,1777948951.0911877,NVIDIA A100-SXM4-40GB,51.15,3.0,30772.0,
4391.037107435,1777948951.3177874,NVIDIA A100-SXM4-40GB,51.2,3.0,30772.0,
4391.265290114,1777948951.5459702,NVIDIA A100-SXM4-40GB,51.2,4.0,30772.0,
4391.492375718,1777948951.7730558,NVIDIA A100-SXM4-40GB,51.2,4.0,30772.0,
4391.719765837,1777948952.0004463,NVIDIA A100-SXM4-40GB,51.42,4.0,30772.0,
4391.947149562,1777948952.2278295,NVIDIA A100-SXM4-40GB,51.2,4.0,30772.0,
4392.174270743,1777948952.4549513,NVIDIA A100-SXM4-40GB,51.47,4.0,30772.0,
4392.401738979,1777948952.682419,NVIDIA A100-SXM4-40GB,51.47,4.0,30772.0,
4392.628996133,1777948952.9096768,NVIDIA A100-SXM4-40GB,51.2,4.0,30772.0,
4392.85613993,1777948953.1368206,NVIDIA A100-SXM4-40GB,51.2,4.0,30772.0,
4393.08315901,1777948953.3638394,NVIDIA A100-SXM4-40GB,51.15,3.0,30772.0,
4393.310139833,1777948953.59082,NVIDIA A100-SXM4-40GB,51.2,3.0,30772.0,
4393.538129786,1777948953.8188095,NVIDIA A100-SXM4-40GB,51.2,3.0,30772.0,
4393.765615771,1777948954.046296,NVIDIA A100-SXM4-40GB,51.42,4.0,30772.0,
4393.993673431,1777948954.2743537,NVIDIA A100-SXM4-40GB,51.15,3.0,30772.0,
4394.220905037,1777948954.5015855,NVIDIA A100-SXM4-40GB,51.2,3.0,30772.0,
4394.448548005,1777948954.7292283,NVIDIA A100-SXM4-40GB,51.15,4.0,30772.0,
4394.67495427,1777948954.955634,NVIDIA A100-SXM4-40GB,51.47,3.0,30772.0,
4394.903128031,1777948955.183808,NVIDIA A100-SXM4-40GB,51.2,3.0,30772.0,
4395.129799956,1777948955.4104798,NVIDIA A100-SXM4-40GB,51.2,3.0,30772.0,
4395.360737847,1777948955.6414177,NVIDIA A100-SXM4-40GB,51.47,3.0,30772.0,
4395.587919099,1777948955.868599,NVIDIA A100-SXM4-40GB,51.42,4.0,30772.0,
4395.814564629,1777948956.0952446,NVIDIA A100-SXM4-40GB,51.2,4.0,30772.0,
4396.043857994,1777948956.3245382,NVIDIA A100-SXM4-40GB,51.42,4.0,30772.0,
4396.270921166,1777948956.5516014,NVIDIA A100-SXM4-40GB,51.15,3.0,30772.0,
4396.497989534,1777948956.7786696,NVIDIA A100-SXM4-40GB,51.2,3.0,30772.0,
4396.725419169,1777948957.0060992,NVIDIA A100-SXM4-40GB,51.2,3.0,30772.0,
4396.952949306,1777948957.2336295,NVIDIA A100-SXM4-40GB,51.15,3.0,30772.0,
4397.179889731,1777948957.46057,NVIDIA A100-SXM4-40GB,51.15,3.0,30772.0,
4397.407452662,1777948957.6881328,NVIDIA A100-SXM4-40GB,51.2,3.0,30772.0,
4397.634165437,1777948957.9148455,NVIDIA A100-SXM4-40GB,51.47,4.0,30772.0,
4397.86145853,1777948958.1421385,NVIDIA A100-SXM4-40GB,51.15,3.0,30772.0,
4398.088967494,1777948958.3696473,NVIDIA A100-SXM4-40GB,51.2,3.0,30772.0,
4398.315690692,1777948958.596371,NVIDIA A100-SXM4-40GB,51.2,3.0,30772.0,
4398.542502841,1777948958.8231828,NVIDIA A100-SXM4-40GB,51.2,3.0,30772.0,
4398.769696083,1777948959.0503762,NVIDIA A100-SXM4-40GB,51.2,3.0,30772.0,
4398.996784748,1777948959.2774649,NVIDIA A100-SXM4-40GB,51.2,4.0,30772.0,
4399.225586402,1777948959.5062664,NVIDIA A100-SXM4-40GB,51.15,4.0,30772.0,
4399.453024872,1777948959.733705,NVIDIA A100-SXM4-40GB,51.2,3.0,30772.0,
4399.679632361,1777948959.9603124,NVIDIA A100-SXM4-40GB,51.2,4.0,30772.0,
4399.906462311,1777948960.1871424,NVIDIA A100-SXM4-40GB,51.47,3.0,30772.0,
4400.136824775,1777948960.417505,NVIDIA A100-SXM4-40GB,51.2,4.0,30772.0,
4400.36430659,1777948960.6449869,NVIDIA A100-SXM4-40GB,51.47,4.0,30772.0,
4400.591556018,1777948960.872236,NVIDIA A100-SXM4-40GB,51.2,3.0,30772.0,
4400.819379423,1777948961.1000597,NVIDIA A100-SXM4-40GB,51.47,4.0,30772.0,
4401.046893816,1777948961.327574,NVIDIA A100-SXM4-40GB,51.2,4.0,30772.0,
4401.2737749,1777948961.554455,NVIDIA A100-SXM4-40GB,51.15,4.0,30772.0,
4401.501822986,1777948961.7825031,NVIDIA A100-SXM4-40GB,51.47,3.0,30772.0,
4401.730952329,1777948962.0116327,NVIDIA A100-SXM4-40GB,51.2,4.0,30772.0,
4401.958173065,1777948962.2388532,NVIDIA A100-SXM4-40GB,51.42,4.0,30772.0,
4402.186844284,1777948962.4675245,NVIDIA A100-SXM4-40GB,51.2,4.0,30772.0,
4402.413684444,1777948962.6943643,NVIDIA A100-SXM4-40GB,51.2,4.0,30772.0,
4402.64081995,1777948962.9215002,NVIDIA A100-SXM4-40GB,51.2,3.0,30772.0,
4402.868393409,1777948963.1490734,NVIDIA A100-SXM4-40GB,51.2,3.0,30772.0,
4403.095910924,1777948963.3765912,NVIDIA A100-SXM4-40GB,51.2,4.0,30772.0,
4403.322782409,1777948963.6034625,NVIDIA A100-SXM4-40GB,51.42,3.0,30772.0,
4403.550820434,1777948963.8315003,NVIDIA A100-SXM4-40GB,51.2,4.0,30772.0,
4403.779820224,1777948964.0605001,NVIDIA A100-SXM4-40GB,51.47,4.0,30772.0,
4404.013025843,1777948964.293706,NVIDIA A100-SXM4-40GB,51.2,4.0,30772.0,
4404.247382786,1777948964.5280628,NVIDIA A100-SXM4-40GB,51.47,3.0,30772.0,
4404.47518796,1777948964.7558684,NVIDIA A100-SXM4-40GB,51.2,3.0,30772.0,
4404.701464799,1777948964.9821448,NVIDIA A100-SXM4-40GB,51.2,4.0,30772.0,
4404.928109476,1777948965.2087896,NVIDIA A100-SXM4-40GB,51.15,4.0,30772.0,
4405.155387039,1777948965.4360676,NVIDIA A100-SXM4-40GB,51.2,3.0,30772.0,
4405.384675286,1777948965.6653554,NVIDIA A100-SXM4-40GB,51.47,4.0,30772.0,
4405.612599542,1777948965.8932803,NVIDIA A100-SXM4-40GB,51.47,4.0,30772.0,
4405.839255741,1777948966.1199358,NVIDIA A100-SXM4-40GB,51.2,3.0,30772.0,
4406.071965885,1777948966.352646,NVIDIA A100-SXM4-40GB,51.47,3.0,30772.0,
4406.298752763,1777948966.5794327,NVIDIA A100-SXM4-40GB,51.42,3.0,30772.0,
4406.525977834,1777948966.8066578,NVIDIA A100-SXM4-40GB,51.2,4.0,30772.0,
4406.752639372,1777948967.0333197,NVIDIA A100-SXM4-40GB,51.47,3.0,30772.0,
4406.979821675,1777948967.260502,NVIDIA A100-SXM4-40GB,51.2,3.0,30772.0,
4407.207419716,1777948967.4880998,NVIDIA A100-SXM4-40GB,51.2,3.0,30772.0,
4407.435800011,1777948967.71648,NVIDIA A100-SXM4-40GB,51.2,3.0,30772.0,
4407.66414873,1777948967.944829,NVIDIA A100-SXM4-40GB,51.42,4.0,30772.0,
4407.891521329,1777948968.1722014,NVIDIA A100-SXM4-40GB,51.47,4.0,30772.0,
4408.119720085,1777948968.4004002,NVIDIA A100-SXM4-40GB,51.2,3.0,30772.0,
4408.346863396,1777948968.6275434,NVIDIA A100-SXM4-40GB,51.2,3.0,30772.0,
4408.57365215,1777948968.8543324,NVIDIA A100-SXM4-40GB,51.2,3.0,30772.0,
4408.802836129,1777948969.0835161,NVIDIA A100-SXM4-40GB,51.2,3.0,30772.0,
4409.029053769,1777948969.3097339,NVIDIA A100-SXM4-40GB,51.15,3.0,30772.0,
4409.257452936,1777948969.5381331,NVIDIA A100-SXM4-40GB,51.47,3.0,30772.0,
4409.485403919,1777948969.7660844,NVIDIA A100-SXM4-40GB,51.2,3.0,30772.0,
4409.712404529,1777948969.993085,NVIDIA A100-SXM4-40GB,51.47,3.0,30772.0,
4409.939851597,1777948970.2205317,NVIDIA A100-SXM4-40GB,51.2,3.0,30772.0,
4410.167595801,1777948970.4482758,NVIDIA A100-SXM4-40GB,51.2,3.0,30772.0,
4410.395549253,1777948970.6762292,NVIDIA A100-SXM4-40GB,51.47,3.0,30772.0,
4410.622643879,1777948970.903324,NVIDIA A100-SXM4-40GB,51.15,4.0,30772.0,
4410.851135934,1777948971.131816,NVIDIA A100-SXM4-40GB,51.47,3.0,30772.0,
4411.079140705,1777948971.3598208,NVIDIA A100-SXM4-40GB,51.2,3.0,30772.0,
4411.30655633,1777948971.5872366,NVIDIA A100-SXM4-40GB,51.2,4.0,30772.0,
4411.534653069,1777948971.8153334,NVIDIA A100-SXM4-40GB,51.15,3.0,30772.0,
4411.762356568,1777948972.0430365,NVIDIA A100-SXM4-40GB,51.2,3.0,30772.0,
4411.989590213,1777948972.2702703,NVIDIA A100-SXM4-40GB,51.47,3.0,30772.0,
4412.217884377,1777948972.4985642,NVIDIA A100-SXM4-40GB,51.2,3.0,30772.0,
4412.445307091,1777948972.7259874,NVIDIA A100-SXM4-40GB,51.47,3.0,30772.0,
4412.672647739,1777948972.9533277,NVIDIA A100-SXM4-40GB,51.15,3.0,30772.0,
4412.900371351,1777948973.1810515,NVIDIA A100-SXM4-40GB,51.42,4.0,30772.0,
4413.127740792,1777948973.4084208,NVIDIA A100-SXM4-40GB,51.42,3.0,30772.0,
4413.355877153,1777948973.6365576,NVIDIA A100-SXM4-40GB,51.15,3.0,30772.0,
4413.584474454,1777948973.8651545,NVIDIA A100-SXM4-40GB,51.2,4.0,30772.0,
4413.811947101,1777948974.0926275,NVIDIA A100-SXM4-40GB,51.47,4.0,30772.0,
4414.039493157,1777948974.3201733,NVIDIA A100-SXM4-40GB,51.2,4.0,30772.0,
4414.267908326,1777948974.5485885,NVIDIA A100-SXM4-40GB,51.47,4.0,30772.0,
4414.496155256,1777948974.7768357,NVIDIA A100-SXM4-40GB,51.2,4.0,30772.0,
4414.723692949,1777948975.004373,NVIDIA A100-SXM4-40GB,51.2,3.0,30772.0,
4414.951396423,1777948975.2320766,NVIDIA A100-SXM4-40GB,51.47,4.0,30772.0,
4415.178296394,1777948975.4589763,NVIDIA A100-SXM4-40GB,51.47,4.0,30772.0,
4415.405270148,1777948975.6859503,NVIDIA A100-SXM4-40GB,51.42,4.0,30772.0,
4415.632140945,1777948975.912821,NVIDIA A100-SXM4-40GB,51.2,4.0,30772.0,
4415.860084626,1777948976.140765,NVIDIA A100-SXM4-40GB,51.15,4.0,30772.0,
4416.087663989,1777948976.368344,NVIDIA A100-SXM4-40GB,51.15,3.0,30772.0,
4416.316137019,1777948976.5968168,NVIDIA A100-SXM4-40GB,51.2,4.0,30772.0,
4416.543643598,1777948976.824324,NVIDIA A100-SXM4-40GB,51.42,4.0,30772.0,
4416.771410139,1777948977.0520902,NVIDIA A100-SXM4-40GB,51.42,4.0,30772.0,
4416.999079679,1777948977.27976,NVIDIA A100-SXM4-40GB,51.47,4.0,30772.0,
4417.227717829,1777948977.5083978,NVIDIA A100-SXM4-40GB,51.2,3.0,30772.0,
4417.454400301,1777948977.7350805,NVIDIA A100-SXM4-40GB,51.42,3.0,30772.0,
4417.681436077,1777948977.962116,NVIDIA A100-SXM4-40GB,51.47,3.0,30772.0,
4417.90837065,1777948978.189051,NVIDIA A100-SXM4-40GB,51.47,3.0,30772.0,
4418.137598965,1777948978.4182792,NVIDIA A100-SXM4-40GB,51.42,4.0,30772.0,
4418.364513387,1777948978.6451936,NVIDIA A100-SXM4-40GB,51.15,3.0,30772.0,
4418.592291683,1777948978.8729718,NVIDIA A100-SXM4-40GB,51.47,4.0,30772.0,
4418.818800066,1777948979.0994804,NVIDIA A100-SXM4-40GB,51.2,4.0,30772.0,
4419.045234276,1777948979.3259144,NVIDIA A100-SXM4-40GB,51.47,3.0,30772.0,
4419.272434565,1777948979.5531147,NVIDIA A100-SXM4-40GB,51.47,4.0,30772.0,
4419.500219894,1777948979.7809,NVIDIA A100-SXM4-40GB,51.42,4.0,30772.0,
4419.726667455,1777948980.0073473,NVIDIA A100-SXM4-40GB,51.47,4.0,30772.0,
4419.953828797,1777948980.234509,NVIDIA A100-SXM4-40GB,51.2,3.0,30772.0,
4420.182127726,1777948980.4628077,NVIDIA A100-SXM4-40GB,51.42,3.0,30772.0,
4420.409192951,1777948980.6898732,NVIDIA A100-SXM4-40GB,51.42,3.0,30772.0,
4420.636731628,1777948980.9174116,NVIDIA A100-SXM4-40GB,51.47,3.0,30772.0,
4420.865806829,1777948981.1464868,NVIDIA A100-SXM4-40GB,51.47,3.0,30772.0,
4421.094046622,1777948981.3747268,NVIDIA A100-SXM4-40GB,51.2,3.0,30772.0,
4421.32143032,1777948981.6021106,NVIDIA A100-SXM4-40GB,51.2,3.0,30772.0,
4421.549431107,1777948981.830111,NVIDIA A100-SXM4-40GB,51.47,3.0,30772.0,
4421.776307521,1777948982.0569878,NVIDIA A100-SXM4-40GB,51.42,3.0,30772.0,
4422.003735288,1777948982.2844155,NVIDIA A100-SXM4-40GB,51.42,3.0,30772.0,
4422.230795283,1777948982.511475,NVIDIA A100-SXM4-40GB,51.47,3.0,30772.0,
4422.457337776,1777948982.7380178,NVIDIA A100-SXM4-40GB,51.47,4.0,30772.0,
4422.684022041,1777948982.964702,NVIDIA A100-SXM4-40GB,51.2,4.0,30772.0,
4422.910738835,1777948983.1914191,NVIDIA A100-SXM4-40GB,51.47,4.0,30772.0,
4423.137623138,1777948983.418303,NVIDIA A100-SXM4-40GB,51.42,4.0,30772.0,
4423.364234743,1777948983.6449149,NVIDIA A100-SXM4-40GB,51.42,4.0,30772.0,
4423.592664203,1777948983.8733444,NVIDIA A100-SXM4-40GB,51.47,4.0,30772.0,
4423.821401045,1777948984.102081,NVIDIA A100-SXM4-40GB,51.47,3.0,30772.0,
4424.047856198,1777948984.3285363,NVIDIA A100-SXM4-40GB,51.42,4.0,30772.0,
4424.274851657,1777948984.555532,NVIDIA A100-SXM4-40GB,51.42,4.0,30772.0,
4424.502103297,1777948984.7827833,NVIDIA A100-SXM4-40GB,51.47,4.0,30772.0,
4424.729459925,1777948985.01014,NVIDIA A100-SXM4-40GB,51.47,4.0,30772.0,
4424.956605737,1777948985.2372856,NVIDIA A100-SXM4-40GB,51.47,4.0,30772.0,
4425.183079745,1777948985.4637601,NVIDIA A100-SXM4-40GB,51.47,4.0,30772.0,
4425.409769395,1777948985.6904497,NVIDIA A100-SXM4-40GB,51.42,3.0,30772.0,
4425.636392963,1777948985.9170732,NVIDIA A100-SXM4-40GB,51.47,4.0,30772.0,
4425.863396353,1777948986.1440766,NVIDIA A100-SXM4-40GB,51.47,3.0,30772.0,
4426.091317595,1777948986.3719976,NVIDIA A100-SXM4-40GB,51.47,3.0,30772.0,
4426.318133817,1777948986.598814,NVIDIA A100-SXM4-40GB,51.47,3.0,30772.0,
4426.546105279,1777948986.8267853,NVIDIA A100-SXM4-40GB,51.47,4.0,30772.0,
4426.772778218,1777948987.0534582,NVIDIA A100-SXM4-40GB,51.42,4.0,30772.0,
4427.000111165,1777948987.2807915,NVIDIA A100-SXM4-40GB,51.42,4.0,30772.0,
4427.226905931,1777948987.507586,NVIDIA A100-SXM4-40GB,51.47,4.0,30772.0,
4427.453725503,1777948987.7344055,NVIDIA A100-SXM4-40GB,51.42,4.0,30772.0,
4427.681369687,1777948987.9620497,NVIDIA A100-SXM4-40GB,51.42,4.0,30772.0,
4427.907957786,1777948988.1886377,NVIDIA A100-SXM4-40GB,51.42,3.0,30772.0,
4428.134810427,1777948988.4154904,NVIDIA A100-SXM4-40GB,51.2,3.0,30772.0,
4428.361973986,1777948988.642654,NVIDIA A100-SXM4-40GB,51.42,3.0,30772.0,
4428.588670536,1777948988.8693507,NVIDIA A100-SXM4-40GB,51.47,3.0,30772.0,
4428.815136152,1777948989.0958164,NVIDIA A100-SXM4-40GB,51.42,3.0,30772.0,
4429.042324213,1777948989.3230042,NVIDIA A100-SXM4-40GB,51.47,4.0,30772.0,
4429.270293499,1777948989.5509737,NVIDIA A100-SXM4-40GB,51.47,3.0,30772.0,
4429.49781604,1777948989.778496,NVIDIA A100-SXM4-40GB,51.2,3.0,30772.0,
4429.724278863,1777948990.0049593,NVIDIA A100-SXM4-40GB,51.15,3.0,30772.0,
4429.952948495,1777948990.2336285,NVIDIA A100-SXM4-40GB,51.47,3.0,30772.0,
4430.180342742,1777948990.4610226,NVIDIA A100-SXM4-40GB,51.47,3.0,30772.0,
4430.406731884,1777948990.6874118,NVIDIA A100-SXM4-40GB,51.42,4.0,30772.0,
4430.633964225,1777948990.9146442,NVIDIA A100-SXM4-40GB,51.47,4.0,30772.0,
4430.861148377,1777948991.1418288,NVIDIA A100-SXM4-40GB,51.42,4.0,30772.0,
4431.08820058,1777948991.368881,NVIDIA A100-SXM4-40GB,51.47,4.0,30772.0,
4431.315175615,1777948991.5958557,NVIDIA A100-SXM4-40GB,51.69,4.0,30772.0,
4431.543006102,1777948991.8236864,NVIDIA A100-SXM4-40GB,51.47,4.0,30772.0,
4431.770398256,1777948992.051078,NVIDIA A100-SXM4-40GB,51.47,4.0,30772.0,
4431.997924239,1777948992.2786043,NVIDIA A100-SXM4-40GB,51.15,3.0,30772.0,
4432.224867267,1777948992.5055475,NVIDIA A100-SXM4-40GB,51.42,3.0,30772.0,
4432.451479492,1777948992.7321594,NVIDIA A100-SXM4-40GB,51.47,3.0,30772.0,
4432.67868292,1777948992.9593632,NVIDIA A100-SXM4-40GB,51.47,4.0,30772.0,
4432.906327865,1777948993.1870077,NVIDIA A100-SXM4-40GB,51.42,4.0,30772.0,
4433.13284684,1777948993.413527,NVIDIA A100-SXM4-40GB,51.42,3.0,30772.0,
4433.359970073,1777948993.6406503,NVIDIA A100-SXM4-40GB,51.42,3.0,30772.0,
4433.587341123,1777948993.8680212,NVIDIA A100-SXM4-40GB,51.42,3.0,30772.0,
4433.814180403,1777948994.0948603,NVIDIA A100-SXM4-40GB,51.42,4.0,30772.0,
4434.041772015,1777948994.3224523,NVIDIA A100-SXM4-40GB,51.47,4.0,30772.0,
4434.270342367,1777948994.5510228,NVIDIA A100-SXM4-40GB,51.47,4.0,30772.0,
4434.497673285,1777948994.778354,NVIDIA A100-SXM4-40GB,51.42,4.0,30772.0,
4434.726252317,1777948995.006933,NVIDIA A100-SXM4-40GB,51.47,4.0,30772.0,
4434.953444738,1777948995.234125,NVIDIA A100-SXM4-40GB,51.47,3.0,30772.0,
4435.179986561,1777948995.460667,NVIDIA A100-SXM4-40GB,51.47,3.0,30772.0,
4435.409477598,1777948995.6901584,NVIDIA A100-SXM4-40GB,51.15,3.0,30772.0,
4435.636948691,1777948995.917629,NVIDIA A100-SXM4-40GB,51.74,4.0,30772.0,
4435.865426319,1777948996.1461067,NVIDIA A100-SXM4-40GB,51.47,4.0,30772.0,
4436.092402915,1777948996.3730838,NVIDIA A100-SXM4-40GB,51.47,3.0,30772.0,
4436.318981909,1777948996.5996623,NVIDIA A100-SXM4-40GB,51.47,4.0,30772.0,
4436.546601151,1777948996.8272812,NVIDIA A100-SXM4-40GB,51.42,3.0,30772.0,
4436.773406844,1777948997.054087,NVIDIA A100-SXM4-40GB,51.47,3.0,30772.0,
4437.000790568,1777948997.2814708,NVIDIA A100-SXM4-40GB,51.2,3.0,30772.0,
4437.228659589,1777948997.5093398,NVIDIA A100-SXM4-40GB,51.47,3.0,30772.0,
4437.456625777,1777948997.737306,NVIDIA A100-SXM4-40GB,51.47,3.0,30772.0,
4437.683416663,1777948997.9640968,NVIDIA A100-SXM4-40GB,51.47,4.0,30772.0,
4437.910418608,1777948998.191099,NVIDIA A100-SXM4-40GB,51.42,4.0,30772.0,
4438.136992462,1777948998.4176729,NVIDIA A100-SXM4-40GB,51.47,4.0,30772.0,
4438.364530037,1777948998.64521,NVIDIA A100-SXM4-40GB,51.42,4.0,30772.0,
4438.591440383,1777948998.8721209,NVIDIA A100-SXM4-40GB,51.42,4.0,30772.0,
4438.819252651,1777948999.099933,NVIDIA A100-SXM4-40GB,51.47,4.0,30772.0,
4439.047053406,1777948999.3277335,NVIDIA A100-SXM4-40GB,51.42,4.0,30772.0,
4439.273731399,1777948999.5544114,NVIDIA A100-SXM4-40GB,51.42,4.0,30772.0,
4439.501385892,1777948999.7820656,NVIDIA A100-SXM4-40GB,51.42,3.0,30772.0,
4439.728320061,1777949000.0090003,NVIDIA A100-SXM4-40GB,51.47,4.0,30772.0,
4439.956445874,1777949000.237126,NVIDIA A100-SXM4-40GB,51.47,4.0,30772.0,
4440.184819616,1777949000.4654996,NVIDIA A100-SXM4-40GB,51.42,4.0,30772.0,
4440.412449255,1777949000.6931298,NVIDIA A100-SXM4-40GB,51.47,3.0,30772.0,
4440.639915709,1777949000.9205956,NVIDIA A100-SXM4-40GB,51.47,3.0,30772.0,
4440.867889083,1777949001.148569,NVIDIA A100-SXM4-40GB,51.47,3.0,30772.0,
4441.095468247,1777949001.3761485,NVIDIA A100-SXM4-40GB,51.15,3.0,30772.0,
4441.321794886,1777949001.6024747,NVIDIA A100-SXM4-40GB,51.15,3.0,30772.0,
4441.549141502,1777949001.8298213,NVIDIA A100-SXM4-40GB,51.2,3.0,30772.0,
4441.775789924,1777949002.0564697,NVIDIA A100-SXM4-40GB,51.2,4.0,30772.0,
4442.002966959,1777949002.2836473,NVIDIA A100-SXM4-40GB,51.2,4.0,30772.0,
4442.230682232,1777949002.5113626,NVIDIA A100-SXM4-40GB,51.2,3.0,30772.0,
4442.460088046,1777949002.7407682,NVIDIA A100-SXM4-40GB,51.2,4.0,30772.0,
4442.687010805,1777949002.9676914,NVIDIA A100-SXM4-40GB,51.15,4.0,30772.0,
4442.913799833,1777949003.1944802,NVIDIA A100-SXM4-40GB,51.42,4.0,30772.0,
4443.144373126,1777949003.4250531,NVIDIA A100-SXM4-40GB,51.15,3.0,30772.0,
4443.371643725,1777949003.6523235,NVIDIA A100-SXM4-40GB,51.47,3.0,30772.0,
4443.598828402,1777949003.8795083,NVIDIA A100-SXM4-40GB,51.15,4.0,30772.0,
4443.826327098,1777949004.1070073,NVIDIA A100-SXM4-40GB,51.2,3.0,30772.0,
4444.054116046,1777949004.3347962,NVIDIA A100-SXM4-40GB,51.2,3.0,30772.0,
4444.281783848,1777949004.562464,NVIDIA A100-SXM4-40GB,51.42,3.0,30772.0,
4444.509978571,1777949004.7906585,NVIDIA A100-SXM4-40GB,51.2,3.0,30772.0,
4444.737157056,1777949005.017837,NVIDIA A100-SXM4-40GB,51.2,3.0,30772.0,
4444.965091101,1777949005.2457712,NVIDIA A100-SXM4-40GB,51.2,3.0,30772.0,
4445.194223953,1777949005.474904,NVIDIA A100-SXM4-40GB,51.2,3.0,30772.0,
4445.421353993,1777949005.702034,NVIDIA A100-SXM4-40GB,51.2,3.0,30772.0,
4445.648582418,1777949005.9292624,NVIDIA A100-SXM4-40GB,51.2,4.0,30772.0,
4445.876670158,1777949006.15735,NVIDIA A100-SXM4-40GB,51.2,3.0,30772.0,
4446.103866831,1777949006.3845472,NVIDIA A100-SXM4-40GB,51.15,4.0,30772.0,
4446.33176231,1777949006.6124427,NVIDIA A100-SXM4-40GB,51.2,4.0,30772.0,
4446.564234696,1777949006.8449152,NVIDIA A100-SXM4-40GB,51.2,4.0,30772.0,
4446.791665861,1777949007.072346,NVIDIA A100-SXM4-40GB,51.69,3.0,30772.0,
4447.020036748,1777949007.3007169,NVIDIA A100-SXM4-40GB,51.2,4.0,30772.0,
4447.247431608,1777949007.5281117,NVIDIA A100-SXM4-40GB,51.2,4.0,30772.0,
4447.474899979,1777949007.75558,NVIDIA A100-SXM4-40GB,51.15,3.0,30772.0,
4447.702594794,1777949007.983275,NVIDIA A100-SXM4-40GB,51.47,3.0,30772.0,
4447.929542649,1777949008.2102225,NVIDIA A100-SXM4-40GB,51.2,3.0,30772.0,
4448.156935156,1777949008.4376154,NVIDIA A100-SXM4-40GB,51.2,3.0,30772.0,
4448.384170928,1777949008.664851,NVIDIA A100-SXM4-40GB,51.2,4.0,30772.0,
4448.611113891,1777949008.8917942,NVIDIA A100-SXM4-40GB,51.15,4.0,30772.0,
4448.839152125,1777949009.119832,NVIDIA A100-SXM4-40GB,51.2,4.0,30772.0,
4449.066379788,1777949009.3470597,NVIDIA A100-SXM4-40GB,51.15,3.0,30772.0,
4449.294825718,1777949009.5755057,NVIDIA A100-SXM4-40GB,51.2,4.0,30772.0,
4449.521879648,1777949009.8025594,NVIDIA A100-SXM4-40GB,51.2,4.0,30772.0,
4449.74842004,1777949010.0291002,NVIDIA A100-SXM4-40GB,51.2,4.0,30772.0,
4449.977767317,1777949010.2584474,NVIDIA A100-SXM4-40GB,51.2,4.0,30772.0,
4450.204915383,1777949010.4855957,NVIDIA A100-SXM4-40GB,51.15,4.0,30772.0,
4450.432314699,1777949010.7129946,NVIDIA A100-SXM4-40GB,51.2,3.0,30772.0,
4450.659316216,1777949010.9399965,NVIDIA A100-SXM4-40GB,51.2,3.0,30772.0,
4450.886101121,1777949011.1667814,NVIDIA A100-SXM4-40GB,51.2,3.0,30772.0,
4451.115486969,1777949011.3961673,NVIDIA A100-SXM4-40GB,51.2,4.0,30772.0,
4451.343178577,1777949011.6238587,NVIDIA A100-SXM4-40GB,51.2,4.0,30772.0,
4451.5702053,1777949011.8508856,NVIDIA A100-SXM4-40GB,51.15,4.0,30772.0,
4451.798288235,1777949012.0789688,NVIDIA A100-SXM4-40GB,51.15,3.0,30772.0,
4452.025835525,1777949012.3065155,NVIDIA A100-SXM4-40GB,51.15,3.0,30772.0,
4452.254883089,1777949012.535563,NVIDIA A100-SXM4-40GB,51.15,3.0,30772.0,
4452.482212548,1777949012.7628927,NVIDIA A100-SXM4-40GB,51.42,3.0,30772.0,
4452.709492719,1777949012.9901726,NVIDIA A100-SXM4-40GB,51.15,3.0,30772.0,
4452.936322718,1777949013.2170029,NVIDIA A100-SXM4-40GB,51.2,3.0,30772.0,
4453.163610334,1777949013.4442904,NVIDIA A100-SXM4-40GB,51.15,3.0,30772.0,
4453.390473617,1777949013.6711535,NVIDIA A100-SXM4-40GB,51.2,3.0,30772.0,
4453.617456671,1777949013.8981366,NVIDIA A100-SXM4-40GB,51.47,3.0,30772.0,
4453.844950714,1777949014.1256306,NVIDIA A100-SXM4-40GB,51.42,4.0,30772.0,
4454.072457126,1777949014.3531375,NVIDIA A100-SXM4-40GB,51.2,4.0,30772.0,
4454.301664965,1777949014.582345,NVIDIA A100-SXM4-40GB,51.47,4.0,30772.0,
4454.528840849,1777949014.8095207,NVIDIA A100-SXM4-40GB,51.2,4.0,30772.0,
4454.756573613,1777949015.0372536,NVIDIA A100-SXM4-40GB,51.15,4.0,30772.0,
4454.985080554,1777949015.2657607,NVIDIA A100-SXM4-40GB,51.2,4.0,30772.0,
4455.212704925,1777949015.493385,NVIDIA A100-SXM4-40GB,51.15,4.0,30772.0,
4455.440142531,1777949015.7208228,NVIDIA A100-SXM4-40GB,51.47,3.0,30772.0,
4455.668626468,1777949015.9493062,NVIDIA A100-SXM4-40GB,51.47,3.0,30772.0,
4455.895326925,1777949016.1760068,NVIDIA A100-SXM4-40GB,51.15,3.0,30772.0,
4456.122780817,1777949016.4034612,NVIDIA A100-SXM4-40GB,51.2,3.0,30772.0,
4456.350178219,1777949016.6308582,NVIDIA A100-SXM4-40GB,51.2,3.0,30772.0,
4456.577202877,1777949016.857883,NVIDIA A100-SXM4-40GB,51.2,3.0,30772.0,
4456.804461802,1777949017.085142,NVIDIA A100-SXM4-40GB,51.2,3.0,30772.0,
4457.031951359,1777949017.3126316,NVIDIA A100-SXM4-40GB,51.2,3.0,30772.0,
4457.258776714,1777949017.539457,NVIDIA A100-SXM4-40GB,51.15,4.0,30772.0,
4457.486100063,1777949017.7667801,NVIDIA A100-SXM4-40GB,51.2,4.0,30772.0,
4457.714431394,1777949017.9951117,NVIDIA A100-SXM4-40GB,51.2,4.0,30772.0,
4457.941707806,1777949018.222388,NVIDIA A100-SXM4-40GB,51.15,3.0,30772.0,
4458.168656447,1777949018.4493363,NVIDIA A100-SXM4-40GB,51.2,4.0,30772.0,
4458.395554052,1777949018.676234,NVIDIA A100-SXM4-40GB,51.2,3.0,30772.0,
4458.622990814,1777949018.9036708,NVIDIA A100-SXM4-40GB,51.2,3.0,30772.0,
4458.849325559,1777949019.1300058,NVIDIA A100-SXM4-40GB,51.2,3.0,30772.0,
4459.076678471,1777949019.3573587,NVIDIA A100-SXM4-40GB,51.15,3.0,30772.0,
4459.304011916,1777949019.5846922,NVIDIA A100-SXM4-40GB,51.2,4.0,30772.0,
4459.530596865,1777949019.8112772,NVIDIA A100-SXM4-40GB,51.15,3.0,30772.0,
4459.757756356,1777949020.0384367,NVIDIA A100-SXM4-40GB,51.2,4.0,30772.0,
4459.984884632,1777949020.2655647,NVIDIA A100-SXM4-40GB,51.2,4.0,30772.0,
4460.213970371,1777949020.4946508,NVIDIA A100-SXM4-40GB,51.2,3.0,30772.0,
4460.441230361,1777949020.7219102,NVIDIA A100-SXM4-40GB,51.15,3.0,30772.0,
4460.66923843,1777949020.9499185,NVIDIA A100-SXM4-40GB,51.47,4.0,30772.0,
4460.896931215,1777949021.1776114,NVIDIA A100-SXM4-40GB,51.2,4.0,30772.0,
4461.123949595,1777949021.4046295,NVIDIA A100-SXM4-40GB,51.2,4.0,30772.0,
4461.350495994,1777949021.6311765,NVIDIA A100-SXM4-40GB,51.2,3.0,30772.0,
4461.577677394,1777949021.8583572,NVIDIA A100-SXM4-40GB,51.47,3.0,30772.0,
4461.804265786,1777949022.0849457,NVIDIA A100-SXM4-40GB,51.47,3.0,30772.0,
4462.030997095,1777949022.311677,NVIDIA A100-SXM4-40GB,51.2,3.0,30772.0,
4462.258255097,1777949022.538935,NVIDIA A100-SXM4-40GB,51.47,3.0,30772.0,
4462.484595457,1777949022.7652755,NVIDIA A100-SXM4-40GB,51.2,3.0,30772.0,
4462.711590574,1777949022.9922707,NVIDIA A100-SXM4-40GB,51.2,4.0,30772.0,
4462.938573138,1777949023.2192533,NVIDIA A100-SXM4-40GB,51.47,4.0,30772.0,
4463.168793974,1777949023.449474,NVIDIA A100-SXM4-40GB,51.15,4.0,30772.0,
4463.395723661,1777949023.6764038,NVIDIA A100-SXM4-40GB,51.47,4.0,30772.0,
4463.62220592,1777949023.902886,NVIDIA A100-SXM4-40GB,51.42,4.0,30772.0,
4463.848880361,1777949024.1295602,NVIDIA A100-SXM4-40GB,51.42,4.0,30772.0,
4464.076082156,1777949024.3567624,NVIDIA A100-SXM4-40GB,51.2,4.0,30772.0,
4464.305485978,1777949024.586166,NVIDIA A100-SXM4-40GB,51.15,4.0,30772.0,
4464.53274222,1777949024.813422,NVIDIA A100-SXM4-40GB,51.2,4.0,30772.0,
4464.759633279,1777949025.040313,NVIDIA A100-SXM4-40GB,51.2,4.0,30772.0,
4464.98696038,1777949025.2676404,NVIDIA A100-SXM4-40GB,51.42,4.0,30772.0,
4465.215077124,1777949025.4957573,NVIDIA A100-SXM4-40GB,51.15,4.0,30772.0,
4465.442067572,1777949025.7227476,NVIDIA A100-SXM4-40GB,51.15,4.0,30772.0,
4465.668824551,1777949025.9495046,NVIDIA A100-SXM4-40GB,51.2,4.0,30772.0,
4465.895867102,1777949026.1765473,NVIDIA A100-SXM4-40GB,51.2,4.0,30772.0,
4466.123543164,1777949026.4042234,NVIDIA A100-SXM4-40GB,51.15,3.0,30772.0,
4466.35190572,1777949026.6325858,NVIDIA A100-SXM4-40GB,51.2,4.0,30772.0,
4466.578862563,1777949026.8595428,NVIDIA A100-SXM4-40GB,51.2,4.0,30772.0,
4466.807472062,1777949027.0881524,NVIDIA A100-SXM4-40GB,51.42,4.0,30772.0,
4467.034634875,1777949027.315315,NVIDIA A100-SXM4-40GB,51.2,4.0,30772.0,
4467.26259925,1777949027.5432794,NVIDIA A100-SXM4-40GB,51.15,3.0,30772.0,
4467.490631613,1777949027.7713115,NVIDIA A100-SXM4-40GB,51.15,3.0,30772.0,
4467.722341164,1777949028.0030212,NVIDIA A100-SXM4-40GB,51.15,3.0,30772.0,
4467.949584793,1777949028.2302654,NVIDIA A100-SXM4-40GB,51.2,3.0,30772.0,
4468.175928006,1777949028.4566083,NVIDIA A100-SXM4-40GB,51.2,3.0,30772.0,
4468.401873381,1777949028.6825538,NVIDIA A100-SXM4-40GB,51.47,3.0,30772.0,
4468.628152496,1777949028.9088326,NVIDIA A100-SXM4-40GB,51.2,3.0,30772.0,
4468.8551715,1777949029.1358519,NVIDIA A100-SXM4-40GB,51.42,3.0,30772.0,
4469.083593077,1777949029.364273,NVIDIA A100-SXM4-40GB,51.2,4.0,30772.0,
4469.311896179,1777949029.592576,NVIDIA A100-SXM4-40GB,51.2,3.0,30772.0,
4469.540473178,1777949029.8211532,NVIDIA A100-SXM4-40GB,51.47,3.0,30772.0,
4469.768616431,1777949030.0492964,NVIDIA A100-SXM4-40GB,51.15,4.0,30772.0,
4469.996148665,1777949030.2768288,NVIDIA A100-SXM4-40GB,51.47,4.0,30772.0,
4470.224663913,1777949030.505344,NVIDIA A100-SXM4-40GB,51.47,4.0,30772.0,
4470.451155428,1777949030.7318354,NVIDIA A100-SXM4-40GB,51.2,4.0,30772.0,
4470.677713698,1777949030.9583938,NVIDIA A100-SXM4-40GB,51.15,4.0,30772.0,
4470.904968644,1777949031.1856487,NVIDIA A100-SXM4-40GB,51.42,3.0,30772.0,
4471.132533619,1777949031.4132137,NVIDIA A100-SXM4-40GB,51.47,4.0,30772.0,
4471.360276753,1777949031.6409566,NVIDIA A100-SXM4-40GB,51.47,4.0,30772.0,
4471.587042064,1777949031.867722,NVIDIA A100-SXM4-40GB,51.2,4.0,30772.0,
4471.813974743,1777949032.094655,NVIDIA A100-SXM4-40GB,51.47,4.0,30772.0,
4472.041028893,1777949032.3217092,NVIDIA A100-SXM4-40GB,51.47,4.0,30772.0,
4472.267472768,1777949032.5481532,NVIDIA A100-SXM4-40GB,51.47,4.0,30772.0,
4472.495715517,1777949032.7763953,NVIDIA A100-SXM4-40GB,51.2,4.0,30772.0,
4472.722709911,1777949033.0033898,NVIDIA A100-SXM4-40GB,51.47,4.0,30772.0,
4472.949574835,1777949033.230255,NVIDIA A100-SXM4-40GB,51.47,4.0,30772.0,
4473.180144029,1777949033.4608245,NVIDIA A100-SXM4-40GB,51.2,3.0,30772.0,
4473.407714787,1777949033.6883948,NVIDIA A100-SXM4-40GB,51.15,4.0,30772.0,
4473.634753746,1777949033.9154336,NVIDIA A100-SXM4-40GB,51.2,4.0,30772.0,
4473.862912661,1777949034.1435926,NVIDIA A100-SXM4-40GB,51.2,4.0,30772.0,
4474.089758326,1777949034.3704383,NVIDIA A100-SXM4-40GB,51.15,4.0,30772.0,
4474.316430888,1777949034.5971107,NVIDIA A100-SXM4-40GB,51.2,3.0,30772.0,
4474.54353223,1777949034.8242126,NVIDIA A100-SXM4-40GB,51.2,3.0,30772.0,
4474.770773486,1777949035.0514534,NVIDIA A100-SXM4-40GB,51.42,4.0,30772.0,
4474.998389857,1777949035.27907,NVIDIA A100-SXM4-40GB,51.15,4.0,30772.0,
4475.227707277,1777949035.5083876,NVIDIA A100-SXM4-40GB,51.2,4.0,30772.0,
4475.45528179,1777949035.7359617,NVIDIA A100-SXM4-40GB,51.15,4.0,30772.0,
4475.681944201,1777949035.9626245,NVIDIA A100-SXM4-40GB,51.47,4.0,30772.0,
4475.910282003,1777949036.1909618,NVIDIA A100-SXM4-40GB,51.2,4.0,30772.0,
4476.137971005,1777949036.4186509,NVIDIA A100-SXM4-40GB,51.42,3.0,30772.0,
4476.364343526,1777949036.6450236,NVIDIA A100-SXM4-40GB,51.15,4.0,30772.0,
4476.59068851,1777949036.8713684,NVIDIA A100-SXM4-40GB,51.2,4.0,30772.0,
4476.817908954,1777949037.0985892,NVIDIA A100-SXM4-40GB,51.42,4.0,30772.0,
4477.044571093,1777949037.3252513,NVIDIA A100-SXM4-40GB,51.47,4.0,30772.0,
4477.272108888,1777949037.5527892,NVIDIA A100-SXM4-40GB,51.47,4.0,30772.0,
4477.502159793,1777949037.7828403,NVIDIA A100-SXM4-40GB,51.15,4.0,30772.0,
4477.72872074,1777949038.0094008,NVIDIA A100-SXM4-40GB,51.42,4.0,30772.0,
4477.955900314,1777949038.2365806,NVIDIA A100-SXM4-40GB,51.15,4.0,30772.0,
4478.184474898,1777949038.4651551,NVIDIA A100-SXM4-40GB,51.47,4.0,30772.0,
4478.411692522,1777949038.6923726,NVIDIA A100-SXM4-40GB,51.2,3.0,30772.0,
4478.638551765,1777949038.9192317,NVIDIA A100-SXM4-40GB,51.47,4.0,30772.0,
4478.867392097,1777949039.1480725,NVIDIA A100-SXM4-40GB,51.2,3.0,30772.0,
4479.094817909,1777949039.3754985,NVIDIA A100-SXM4-40GB,51.2,3.0,30772.0,
4479.322674157,1777949039.6033542,NVIDIA A100-SXM4-40GB,51.2,3.0,30772.0,
4479.549535262,1777949039.8302155,NVIDIA A100-SXM4-40GB,51.42,3.0,30772.0,
4479.776368969,1777949040.057049,NVIDIA A100-SXM4-40GB,51.15,4.0,30772.0,
4480.00415698,1777949040.284837,NVIDIA A100-SXM4-40GB,51.47,3.0,30772.0,
4480.231871467,1777949040.5125518,NVIDIA A100-SXM4-40GB,51.42,3.0,30772.0,
4480.459173174,1777949040.7398531,NVIDIA A100-SXM4-40GB,51.42,3.0,30772.0,
4480.686307293,1777949040.9669876,NVIDIA A100-SXM4-40GB,51.42,3.0,30772.0,
4480.913831395,1777949041.1945114,NVIDIA A100-SXM4-40GB,51.2,4.0,30772.0,
4481.142869832,1777949041.4235497,NVIDIA A100-SXM4-40GB,51.47,4.0,30772.0,
4481.37053503,1777949041.6512153,NVIDIA A100-SXM4-40GB,51.47,4.0,30772.0,
4481.598026335,1777949041.8787062,NVIDIA A100-SXM4-40GB,51.42,4.0,30772.0,
4481.824950447,1777949042.1056309,NVIDIA A100-SXM4-40GB,51.2,4.0,30772.0,
4482.052625635,1777949042.333306,NVIDIA A100-SXM4-40GB,51.15,3.0,30772.0,
4482.279487555,1777949042.5601678,NVIDIA A100-SXM4-40GB,51.2,4.0,30772.0,
4482.507738174,1777949042.7884183,NVIDIA A100-SXM4-40GB,51.47,4.0,30772.0,
4482.734588061,1777949043.015268,NVIDIA A100-SXM4-40GB,51.15,4.0,30772.0,
4482.961916369,1777949043.2425964,NVIDIA A100-SXM4-40GB,51.47,3.0,30772.0,
4483.190346823,1777949043.471027,NVIDIA A100-SXM4-40GB,51.2,4.0,30772.0,
4483.419311449,1777949043.6999912,NVIDIA A100-SXM4-40GB,51.2,4.0,30772.0,
4483.646674488,1777949043.9273543,NVIDIA A100-SXM4-40GB,51.47,4.0,30772.0,
4483.874510641,1777949044.1551907,NVIDIA A100-SXM4-40GB,51.47,4.0,30772.0,
4484.102289955,1777949044.3829699,NVIDIA A100-SXM4-40GB,51.2,4.0,30772.0,
4484.330295814,1777949044.610976,NVIDIA A100-SXM4-40GB,51.2,4.0,30772.0,
4484.557603901,1777949044.8382838,NVIDIA A100-SXM4-40GB,51.42,4.0,30772.0,
4484.786209728,1777949045.06689,NVIDIA A100-SXM4-40GB,51.47,4.0,30772.0,
4485.013339809,1777949045.29402,NVIDIA A100-SXM4-40GB,51.47,4.0,30772.0,
4485.24142461,1777949045.522105,NVIDIA A100-SXM4-40GB,51.42,4.0,30772.0,
4485.470783526,1777949045.7514641,NVIDIA A100-SXM4-40GB,51.47,4.0,30772.0,
4485.697465496,1777949045.9781456,NVIDIA A100-SXM4-40GB,51.2,4.0,30772.0,
4485.925467292,1777949046.2061474,NVIDIA A100-SXM4-40GB,51.42,4.0,30772.0,
4486.152995734,1777949046.4336758,NVIDIA A100-SXM4-40GB,51.42,4.0,30772.0,
4486.379741933,1777949046.660422,NVIDIA A100-SXM4-40GB,51.47,4.0,30772.0,
4486.608732239,1777949046.8894124,NVIDIA A100-SXM4-40GB,51.42,4.0,30772.0,
4486.837170955,1777949047.1178508,NVIDIA A100-SXM4-40GB,51.47,4.0,30772.0,
4487.064689079,1777949047.345369,NVIDIA A100-SXM4-40GB,51.15,4.0,30772.0,
4487.292568214,1777949047.5732481,NVIDIA A100-SXM4-40GB,51.47,3.0,30772.0,
4487.52043513,1777949047.801115,NVIDIA A100-SXM4-40GB,51.2,3.0,30772.0,
4487.747703916,1777949048.028384,NVIDIA A100-SXM4-40GB,51.15,3.0,30772.0,
4487.975730346,1777949048.2564108,NVIDIA A100-SXM4-40GB,51.47,4.0,30772.0,
4488.202865266,1777949048.4835455,NVIDIA A100-SXM4-40GB,51.2,3.0,30772.0,
4488.429518103,1777949048.7101986,NVIDIA A100-SXM4-40GB,51.2,3.0,30772.0,
4488.657335782,1777949048.9380157,NVIDIA A100-SXM4-40GB,51.47,4.0,30772.0,
4488.884739633,1777949049.1654198,NVIDIA A100-SXM4-40GB,51.47,3.0,30772.0,
4489.112419016,1777949049.393099,NVIDIA A100-SXM4-40GB,51.47,3.0,30772.0,
4489.339245984,1777949049.6199262,NVIDIA A100-SXM4-40GB,51.47,4.0,30772.0,
4489.567145355,1777949049.8478258,NVIDIA A100-SXM4-40GB,51.42,4.0,30772.0,
4489.795087805,1777949050.0757678,NVIDIA A100-SXM4-40GB,51.47,4.0,30772.0,
4490.021862359,1777949050.3025427,NVIDIA A100-SXM4-40GB,51.42,4.0,30772.0,
4490.248563459,1777949050.529244,NVIDIA A100-SXM4-40GB,51.42,4.0,30772.0,
4490.475853462,1777949050.7565339,NVIDIA A100-SXM4-40GB,51.2,3.0,30772.0,
4490.703350286,1777949050.9840302,NVIDIA A100-SXM4-40GB,51.47,3.0,30772.0,
4490.931578908,1777949051.212259,NVIDIA A100-SXM4-40GB,51.42,3.0,30772.0,
4491.158572665,1777949051.4392529,NVIDIA A100-SXM4-40GB,51.2,3.0,30772.0,
4491.385913597,1777949051.6665936,NVIDIA A100-SXM4-40GB,51.42,3.0,30772.0,
4491.615081643,1777949051.8957622,NVIDIA A100-SXM4-40GB,51.47,3.0,30772.0,
4491.841785696,1777949052.1224658,NVIDIA A100-SXM4-40GB,51.2,3.0,30772.0,
4492.070452542,1777949052.3511326,NVIDIA A100-SXM4-40GB,51.2,3.0,30772.0,
4492.299070416,1777949052.5797503,NVIDIA A100-SXM4-40GB,51.47,4.0,30772.0,
4492.527501134,1777949052.808181,NVIDIA A100-SXM4-40GB,51.47,3.0,30772.0,
4492.755576616,1777949053.0362566,NVIDIA A100-SXM4-40GB,51.47,4.0,30772.0,
4492.983162213,1777949053.2638423,NVIDIA A100-SXM4-40GB,51.42,3.0,30772.0,
4493.210720807,1777949053.491401,NVIDIA A100-SXM4-40GB,51.47,3.0,30772.0,
4493.437601176,1777949053.7182813,NVIDIA A100-SXM4-40GB,51.47,3.0,30772.0,
4493.665898059,1777949053.946578,NVIDIA A100-SXM4-40GB,51.42,3.0,30772.0,
4493.892836701,1777949054.173517,NVIDIA A100-SXM4-40GB,51.47,3.0,30772.0,
4494.120125855,1777949054.4008064,NVIDIA A100-SXM4-40GB,51.47,3.0,30772.0,
4494.349375521,1777949054.6300554,NVIDIA A100-SXM4-40GB,51.47,4.0,30772.0,
4494.576740807,1777949054.8574212,NVIDIA A100-SXM4-40GB,51.47,4.0,30772.0,
4494.803864939,1777949055.0845451,NVIDIA A100-SXM4-40GB,51.47,4.0,30772.0,
4495.033290164,1777949055.31397,NVIDIA A100-SXM4-40GB,51.42,3.0,30772.0,
4495.260599835,1777949055.54128,NVIDIA A100-SXM4-40GB,51.42,3.0,30772.0,
4495.487751869,1777949055.768432,NVIDIA A100-SXM4-40GB,51.47,4.0,30772.0,
4495.716563101,1777949055.9972434,NVIDIA A100-SXM4-40GB,51.42,4.0,30772.0,
4495.943950119,1777949056.2246304,NVIDIA A100-SXM4-40GB,51.47,3.0,30772.0,
4496.171574873,1777949056.452255,NVIDIA A100-SXM4-40GB,51.42,4.0,30772.0,
4496.399991866,1777949056.6806722,NVIDIA A100-SXM4-40GB,51.47,4.0,30772.0,
4496.627070766,1777949056.9077506,NVIDIA A100-SXM4-40GB,51.47,4.0,30772.0,
4496.854498907,1777949057.135179,NVIDIA A100-SXM4-40GB,51.47,4.0,30772.0,
4497.083251804,1777949057.363932,NVIDIA A100-SXM4-40GB,51.47,4.0,30772.0,
4497.31030924,1777949057.5909894,NVIDIA A100-SXM4-40GB,51.47,4.0,30772.0,
4497.537991813,1777949057.8186722,NVIDIA A100-SXM4-40GB,51.47,3.0,30772.0,
4497.767157155,1777949058.0478375,NVIDIA A100-SXM4-40GB,51.47,3.0,30772.0,
4497.994350328,1777949058.2750306,NVIDIA A100-SXM4-40GB,51.47,3.0,30772.0,
4498.222144785,1777949058.5028248,NVIDIA A100-SXM4-40GB,51.47,3.0,30772.0,
4498.450259684,1777949058.7309396,NVIDIA A100-SXM4-40GB,51.47,3.0,30772.0,
4498.67744239,1777949058.9581225,NVIDIA A100-SXM4-40GB,51.47,4.0,30772.0,
4498.904250309,1777949059.1849303,NVIDIA A100-SXM4-40GB,51.42,4.0,30772.0,
4499.131460294,1777949059.4121404,NVIDIA A100-SXM4-40GB,51.47,3.0,30772.0,
4499.358849533,1777949059.6395295,NVIDIA A100-SXM4-40GB,51.47,4.0,30772.0,
4499.585492815,1777949059.866173,NVIDIA A100-SXM4-40GB,51.47,4.0,30772.0,
4499.813437692,1777949060.0941176,NVIDIA A100-SXM4-40GB,51.47,4.0,30772.0,
4500.040230667,1777949060.3209107,NVIDIA A100-SXM4-40GB,51.47,3.0,30772.0,
4500.268306695,1777949060.5489867,NVIDIA A100-SXM4-40GB,51.47,4.0,30772.0,
4500.496036017,1777949060.776716,NVIDIA A100-SXM4-40GB,51.47,4.0,30772.0,
4500.723468464,1777949061.0041487,NVIDIA A100-SXM4-40GB,51.42,3.0,30772.0,
4500.952710487,1777949061.2333908,NVIDIA A100-SXM4-40GB,51.42,3.0,30772.0,
4501.17954158,1777949061.4602215,NVIDIA A100-SXM4-40GB,51.47,4.0,30772.0,
4501.407621714,1777949061.6883018,NVIDIA A100-SXM4-40GB,51.47,4.0,30772.0,
4501.634793322,1777949061.9154735,NVIDIA A100-SXM4-40GB,51.47,4.0,30772.0,
4501.861932343,1777949062.1426125,NVIDIA A100-SXM4-40GB,51.47,4.0,30772.0,
4502.090316026,1777949062.3709962,NVIDIA A100-SXM4-40GB,51.47,4.0,30772.0,
4502.319148318,1777949062.5998285,NVIDIA A100-SXM4-40GB,51.42,3.0,30772.0,
4502.546137219,1777949062.826817,NVIDIA A100-SXM4-40GB,51.47,3.0,30772.0,
4502.773056085,1777949063.0537364,NVIDIA A100-SXM4-40GB,51.42,3.0,30772.0,
4503.000334527,1777949063.2810144,NVIDIA A100-SXM4-40GB,51.47,4.0,30772.0,
4503.228576929,1777949063.5092573,NVIDIA A100-SXM4-40GB,51.47,3.0,30772.0,
4503.457478248,1777949063.7381582,NVIDIA A100-SXM4-40GB,51.47,3.0,30772.0,
4503.684446004,1777949063.9651258,NVIDIA A100-SXM4-40GB,51.2,3.0,30772.0,
4503.911718526,1777949064.1923988,NVIDIA A100-SXM4-40GB,51.47,4.0,30772.0,
4504.140488472,1777949064.4211683,NVIDIA A100-SXM4-40GB,51.47,3.0,30772.0,
4504.366778268,1777949064.6474583,NVIDIA A100-SXM4-40GB,51.42,3.0,30772.0,
4504.59341957,1777949064.8740997,NVIDIA A100-SXM4-40GB,51.47,3.0,30772.0,
4504.820125995,1777949065.100806,NVIDIA A100-SXM4-40GB,51.47,3.0,30772.0,
4505.046827171,1777949065.3275075,NVIDIA A100-SXM4-40GB,51.47,3.0,30772.0,
4505.274919276,1777949065.5555995,NVIDIA A100-SXM4-40GB,51.47,4.0,30772.0,
4505.501906354,1777949065.782586,NVIDIA A100-SXM4-40GB,51.42,3.0,30772.0,
4505.728508794,1777949066.009189,NVIDIA A100-SXM4-40GB,51.47,3.0,30772.0,
4505.956346166,1777949066.2370262,NVIDIA A100-SXM4-40GB,51.42,3.0,30772.0,
4506.183562924,1777949066.464243,NVIDIA A100-SXM4-40GB,52.02,3.0,30772.0,
4506.413788426,1777949066.6944685,NVIDIA A100-SXM4-40GB,51.47,3.0,30772.0,
4506.641231617,1777949066.9219117,NVIDIA A100-SXM4-40GB,51.47,3.0,30772.0,
4506.868567891,1777949067.149248,NVIDIA A100-SXM4-40GB,51.47,3.0,30772.0,
4507.095928759,1777949067.376609,NVIDIA A100-SXM4-40GB,51.47,3.0,30772.0,
4507.323169499,1777949067.6038496,NVIDIA A100-SXM4-40GB,51.42,4.0,30772.0,
4507.553723733,1777949067.834404,NVIDIA A100-SXM4-40GB,51.42,4.0,30772.0,
4507.781750953,1777949068.0624309,NVIDIA A100-SXM4-40GB,51.42,3.0,30772.0,
4508.009300963,1777949068.2899811,NVIDIA A100-SXM4-40GB,51.2,4.0,30772.0,
4508.237389131,1777949068.5180695,NVIDIA A100-SXM4-40GB,51.2,4.0,30772.0,
4508.464099473,1777949068.7447798,NVIDIA A100-SXM4-40GB,51.15,4.0,30772.0,
4508.691552485,1777949068.972233,NVIDIA A100-SXM4-40GB,51.15,4.0,30772.0,
4508.918659443,1777949069.1993396,NVIDIA A100-SXM4-40GB,51.47,4.0,30772.0,
4509.146443001,1777949069.4271233,NVIDIA A100-SXM4-40GB,51.15,3.0,30772.0,
4509.373524443,1777949069.654205,NVIDIA A100-SXM4-40GB,51.2,3.0,30772.0,
4509.600897521,1777949069.8815775,NVIDIA A100-SXM4-40GB,51.74,3.0,30772.0,
4509.829317183,1777949070.109997,NVIDIA A100-SXM4-40GB,51.2,3.0,30772.0,
4510.056211455,1777949070.3368914,NVIDIA A100-SXM4-40GB,51.2,3.0,30772.0,
4510.282527254,1777949070.5632074,NVIDIA A100-SXM4-40GB,51.2,3.0,30772.0,
4510.510214559,1777949070.7908947,NVIDIA A100-SXM4-40GB,51.47,3.0,30772.0,
4510.737065239,1777949071.0177455,NVIDIA A100-SXM4-40GB,51.15,4.0,30772.0,
4510.964466181,1777949071.245146,NVIDIA A100-SXM4-40GB,51.15,3.0,30772.0,
4511.192284224,1777949071.4729643,NVIDIA A100-SXM4-40GB,51.2,4.0,30772.0,
4511.420043442,1777949071.7007236,NVIDIA A100-SXM4-40GB,51.15,4.0,30772.0,
4511.648018076,1777949071.928698,NVIDIA A100-SXM4-40GB,51.15,3.0,30772.0,
4511.875974934,1777949072.1566548,NVIDIA A100-SXM4-40GB,51.47,4.0,30772.0,
4512.103042737,1777949072.383723,NVIDIA A100-SXM4-40GB,51.2,4.0,30772.0,
4512.330577191,1777949072.611257,NVIDIA A100-SXM4-40GB,51.2,4.0,30772.0,
4512.557380981,1777949072.8380613,NVIDIA A100-SXM4-40GB,51.2,4.0,30772.0,
4512.786606475,1777949073.067287,NVIDIA A100-SXM4-40GB,51.2,3.0,30772.0,
4513.014338371,1777949073.2950184,NVIDIA A100-SXM4-40GB,51.2,3.0,30772.0,
4513.241168059,1777949073.5218482,NVIDIA A100-SXM4-40GB,51.2,4.0,30772.0,
4513.469573237,1777949073.7502532,NVIDIA A100-SXM4-40GB,51.2,4.0,30772.0,
4513.697603603,1777949073.9782844,NVIDIA A100-SXM4-40GB,51.15,4.0,30772.0,
4513.92465238,1777949074.2053325,NVIDIA A100-SXM4-40GB,51.42,3.0,30772.0,
4514.152157193,1777949074.4328377,NVIDIA A100-SXM4-40GB,51.15,3.0,30772.0,
4514.379497354,1777949074.6601775,NVIDIA A100-SXM4-40GB,51.2,3.0,30772.0,
4514.606465758,1777949074.8871458,NVIDIA A100-SXM4-40GB,51.2,3.0,30772.0,
4514.833480026,1777949075.11416,NVIDIA A100-SXM4-40GB,51.2,3.0,30772.0,
4515.061723934,1777949075.342404,NVIDIA A100-SXM4-40GB,51.2,3.0,30772.0,
4515.289717164,1777949075.5703974,NVIDIA A100-SXM4-40GB,51.2,3.0,30772.0,
4515.518935864,1777949075.799616,NVIDIA A100-SXM4-40GB,51.15,3.0,30772.0,
4515.746145693,1777949076.0268257,NVIDIA A100-SXM4-40GB,51.2,3.0,30772.0,
4515.974886316,1777949076.2555664,NVIDIA A100-SXM4-40GB,51.15,3.0,30772.0,
4516.203190811,1777949076.483871,NVIDIA A100-SXM4-40GB,51.15,4.0,30772.0,
4516.431440328,1777949076.7121203,NVIDIA A100-SXM4-40GB,51.42,4.0,30772.0,
4516.658398771,1777949076.9390788,NVIDIA A100-SXM4-40GB,51.2,4.0,30772.0,
4516.886576074,1777949077.1672564,NVIDIA A100-SXM4-40GB,51.2,4.0,30772.0,
4517.114523302,1777949077.3952036,NVIDIA A100-SXM4-40GB,51.42,4.0,30772.0,
4517.341316034,1777949077.6219964,NVIDIA A100-SXM4-40GB,51.47,4.0,30772.0,
4517.568929921,1777949077.8496103,NVIDIA A100-SXM4-40GB,51.15,4.0,30772.0,
4517.796371999,1777949078.077052,NVIDIA A100-SXM4-40GB,51.2,4.0,30772.0,
4518.023699127,1777949078.3043795,NVIDIA A100-SXM4-40GB,51.2,4.0,30772.0,
4518.251307098,1777949078.5319872,NVIDIA A100-SXM4-40GB,51.2,4.0,30772.0,
4518.478680874,1777949078.759361,NVIDIA A100-SXM4-40GB,51.47,4.0,30772.0,
4518.706245925,1777949078.986926,NVIDIA A100-SXM4-40GB,51.42,4.0,30772.0,
4518.933731042,1777949079.2144113,NVIDIA A100-SXM4-40GB,51.2,4.0,30772.0,
4519.160496697,1777949079.441177,NVIDIA A100-SXM4-40GB,51.2,4.0,30772.0,
4519.38741403,1777949079.668094,NVIDIA A100-SXM4-40GB,51.15,4.0,30772.0,
4519.615475498,1777949079.8961558,NVIDIA A100-SXM4-40GB,51.2,3.0,30772.0,
4519.843030316,1777949080.1237102,NVIDIA A100-SXM4-40GB,51.15,3.0,30772.0,
4520.070266877,1777949080.350947,NVIDIA A100-SXM4-40GB,51.15,3.0,30772.0,
4520.29754155,1777949080.5782218,NVIDIA A100-SXM4-40GB,51.15,3.0,30772.0,
4520.525885215,1777949080.806565,NVIDIA A100-SXM4-40GB,51.15,3.0,30772.0,
4520.753149095,1777949081.0338292,NVIDIA A100-SXM4-40GB,51.2,3.0,30772.0,
4520.980581501,1777949081.261262,NVIDIA A100-SXM4-40GB,51.15,3.0,30772.0,
4521.210106397,1777949081.4907863,NVIDIA A100-SXM4-40GB,51.2,3.0,30772.0,
4521.437172308,1777949081.7178526,NVIDIA A100-SXM4-40GB,51.2,3.0,30772.0,
4521.664783751,1777949081.945464,NVIDIA A100-SXM4-40GB,51.2,3.0,30772.0,
4521.89273358,1777949082.1734135,NVIDIA A100-SXM4-40GB,51.2,3.0,30772.0,
4522.12025668,1777949082.4009366,NVIDIA A100-SXM4-40GB,51.15,4.0,30772.0,
4522.347362701,1777949082.628043,NVIDIA A100-SXM4-40GB,51.2,4.0,30772.0,
4522.576546224,1777949082.8572266,NVIDIA A100-SXM4-40GB,51.42,4.0,30772.0,
4522.803323361,1777949083.0840037,NVIDIA A100-SXM4-40GB,51.15,4.0,30772.0,
4523.031246745,1777949083.311927,NVIDIA A100-SXM4-40GB,51.2,4.0,30772.0,
4523.260882691,1777949083.5415628,NVIDIA A100-SXM4-40GB,51.2,4.0,30772.0,
4523.487834081,1777949083.7685142,NVIDIA A100-SXM4-40GB,51.2,4.0,30772.0,
4523.714563462,1777949083.9952435,NVIDIA A100-SXM4-40GB,51.15,4.0,30772.0,
4523.942145765,1777949084.2228258,NVIDIA A100-SXM4-40GB,51.2,4.0,30772.0,
4524.169535915,1777949084.4502163,NVIDIA A100-SXM4-40GB,51.42,4.0,30772.0,
4524.396886347,1777949084.6775665,NVIDIA A100-SXM4-40GB,51.15,4.0,30772.0,
4524.62545764,1777949084.906138,NVIDIA A100-SXM4-40GB,51.47,4.0,30772.0,
4524.852694708,1777949085.1333747,NVIDIA A100-SXM4-40GB,51.47,4.0,30772.0,
4525.079850261,1777949085.3605301,NVIDIA A100-SXM4-40GB,51.47,4.0,30772.0,
4525.306793263,1777949085.5874734,NVIDIA A100-SXM4-40GB,51.2,4.0,30772.0,
4525.533644582,1777949085.8143246,NVIDIA A100-SXM4-40GB,51.2,4.0,30772.0,
4525.76109723,1777949086.0417771,NVIDIA A100-SXM4-40GB,51.15,3.0,30772.0,
4525.988860413,1777949086.2695405,NVIDIA A100-SXM4-40GB,51.47,4.0,30772.0,
4526.216700381,1777949086.4973803,NVIDIA A100-SXM4-40GB,51.2,4.0,30772.0,
4526.444403025,1777949086.7250834,NVIDIA A100-SXM4-40GB,51.2,3.0,30772.0,
4526.671698373,1777949086.9523785,NVIDIA A100-SXM4-40GB,51.2,3.0,30772.0,
4526.899455852,1777949087.180136,NVIDIA A100-SXM4-40GB,51.2,3.0,30772.0,
4527.127543493,1777949087.4082236,NVIDIA A100-SXM4-40GB,51.42,3.0,30772.0,
4527.354608465,1777949087.6352887,NVIDIA A100-SXM4-40GB,51.47,4.0,30772.0,
4527.58305427,1777949087.8637345,NVIDIA A100-SXM4-40GB,51.2,4.0,30772.0,
4527.810337995,1777949088.0910182,NVIDIA A100-SXM4-40GB,51.47,3.0,30772.0,
4528.038336574,1777949088.3190167,NVIDIA A100-SXM4-40GB,51.2,4.0,30772.0,
4528.266386143,1777949088.5470667,NVIDIA A100-SXM4-40GB,51.2,4.0,30772.0,
4528.494094732,1777949088.7747753,NVIDIA A100-SXM4-40GB,51.42,4.0,30772.0,
4528.721359011,1777949089.0020392,NVIDIA A100-SXM4-40GB,51.47,4.0,30772.0,
4528.949541679,1777949089.2302217,NVIDIA A100-SXM4-40GB,51.2,4.0,30772.0,
4529.177092262,1777949089.457772,NVIDIA A100-SXM4-40GB,51.2,4.0,30772.0,
4529.404408279,1777949089.6850882,NVIDIA A100-SXM4-40GB,51.47,3.0,30772.0,
4529.631801755,1777949089.912482,NVIDIA A100-SXM4-40GB,51.47,4.0,30772.0,
4529.859366035,1777949090.1400461,NVIDIA A100-SXM4-40GB,51.2,4.0,30772.0,
4530.086530198,1777949090.3672104,NVIDIA A100-SXM4-40GB,51.2,4.0,30772.0,
4530.313236927,1777949090.593917,NVIDIA A100-SXM4-40GB,51.15,4.0,30772.0,
4530.539851498,1777949090.820532,NVIDIA A100-SXM4-40GB,51.2,3.0,30772.0,
4530.767154162,1777949091.0478342,NVIDIA A100-SXM4-40GB,51.2,3.0,30772.0,
4530.994461886,1777949091.2751422,NVIDIA A100-SXM4-40GB,51.47,3.0,30772.0,
4531.224598866,1777949091.505279,NVIDIA A100-SXM4-40GB,51.42,4.0,30772.0,
4531.452290066,1777949091.73297,NVIDIA A100-SXM4-40GB,51.2,3.0,30772.0,
4531.679340713,1777949091.9600208,NVIDIA A100-SXM4-40GB,51.15,3.0,30772.0,
4531.907330972,1777949092.1880112,NVIDIA A100-SXM4-40GB,51.15,3.0,30772.0,
4532.134576124,1777949092.4152563,NVIDIA A100-SXM4-40GB,51.47,4.0,30772.0,
4532.362710401,1777949092.6433904,NVIDIA A100-SXM4-40GB,51.47,4.0,30772.0,
4532.59093834,1777949092.8716183,NVIDIA A100-SXM4-40GB,51.47,4.0,30772.0,
4532.818776477,1777949093.0994565,NVIDIA A100-SXM4-40GB,51.42,4.0,30772.0,
4533.045627311,1777949093.3263073,NVIDIA A100-SXM4-40GB,51.2,4.0,30772.0,
4533.2752052,1777949093.555885,NVIDIA A100-SXM4-40GB,51.15,3.0,30772.0,
4533.502928814,1777949093.783609,NVIDIA A100-SXM4-40GB,51.42,3.0,30772.0,
4533.729885376,1777949094.0105653,NVIDIA A100-SXM4-40GB,51.47,4.0,30772.0,
4533.958452781,1777949094.239133,NVIDIA A100-SXM4-40GB,51.2,4.0,30772.0,
4534.185285797,1777949094.4659655,NVIDIA A100-SXM4-40GB,51.47,3.0,30772.0,
4534.411978397,1777949094.692659,NVIDIA A100-SXM4-40GB,51.2,3.0,30772.0,
4534.63916843,1777949094.9198487,NVIDIA A100-SXM4-40GB,51.15,3.0,30772.0,
4534.866597506,1777949095.147278,NVIDIA A100-SXM4-40GB,51.15,3.0,30772.0,
4535.093515074,1777949095.3741953,NVIDIA A100-SXM4-40GB,51.2,3.0,30772.0,
4535.321099446,1777949095.6017795,NVIDIA A100-SXM4-40GB,51.2,4.0,30772.0,
4535.547845321,1777949095.8285253,NVIDIA A100-SXM4-40GB,51.47,4.0,30772.0,
4535.775023566,1777949096.0557039,NVIDIA A100-SXM4-40GB,51.2,4.0,30772.0,
4536.00229304,1777949096.2829738,NVIDIA A100-SXM4-40GB,51.2,4.0,30772.0,
4536.231253774,1777949096.511934,NVIDIA A100-SXM4-40GB,51.47,3.0,30772.0,
4536.45880324,1777949096.7394834,NVIDIA A100-SXM4-40GB,51.15,4.0,30772.0,
4536.685926901,1777949096.9666073,NVIDIA A100-SXM4-40GB,51.15,3.0,30772.0,
4536.913305279,1777949097.1939855,NVIDIA A100-SXM4-40GB,51.47,3.0,30772.0,
4537.139984464,1777949097.4206648,NVIDIA A100-SXM4-40GB,51.47,3.0,30772.0,
4537.366645382,1777949097.6473265,NVIDIA A100-SXM4-40GB,51.42,3.0,30772.0,
4537.595093063,1777949097.8757732,NVIDIA A100-SXM4-40GB,51.47,3.0,30772.0,
4537.823362517,1777949098.1040428,NVIDIA A100-SXM4-40GB,51.47,4.0,30772.0,
4538.050384797,1777949098.3310652,NVIDIA A100-SXM4-40GB,51.15,4.0,30772.0,
4538.278269687,1777949098.55895,NVIDIA A100-SXM4-40GB,51.2,3.0,30772.0,
4538.505331416,1777949098.7860115,NVIDIA A100-SXM4-40GB,51.47,3.0,30772.0,
4538.732641541,1777949099.0133214,NVIDIA A100-SXM4-40GB,51.2,3.0,30772.0,
4538.960087953,1777949099.240768,NVIDIA A100-SXM4-40GB,51.2,3.0,30772.0,
4539.187362606,1777949099.4680426,NVIDIA A100-SXM4-40GB,51.2,3.0,30772.0,
4539.414737969,1777949099.6954184,NVIDIA A100-SXM4-40GB,51.2,3.0,30772.0,
4539.641676494,1777949099.9223568,NVIDIA A100-SXM4-40GB,51.15,3.0,30772.0,
4539.868835028,1777949100.1495156,NVIDIA A100-SXM4-40GB,51.15,3.0,30772.0,
4540.096133769,1777949100.376814,NVIDIA A100-SXM4-40GB,51.2,3.0,30772.0,
4540.323479834,1777949100.6041598,NVIDIA A100-SXM4-40GB,51.15,3.0,30772.0,
4540.550372743,1777949100.8310528,NVIDIA A100-SXM4-40GB,51.2,3.0,30772.0,
4540.777322147,1777949101.0580022,NVIDIA A100-SXM4-40GB,51.2,4.0,30772.0,
4541.004888963,1777949101.2855692,NVIDIA A100-SXM4-40GB,51.15,3.0,30772.0,
4541.233807268,1777949101.5144875,NVIDIA A100-SXM4-40GB,51.15,3.0,30772.0,
4541.462888538,1777949101.7435684,NVIDIA A100-SXM4-40GB,51.47,3.0,30772.0,
4541.689311696,1777949101.969992,NVIDIA A100-SXM4-40GB,51.2,3.0,30772.0,
4541.921589073,1777949102.2022688,NVIDIA A100-SXM4-40GB,51.2,4.0,30772.0,
4542.15131878,1777949102.431999,NVIDIA A100-SXM4-40GB,51.2,3.0,30772.0,
4542.378903078,1777949102.659583,NVIDIA A100-SXM4-40GB,51.15,4.0,30772.0,
4542.605632693,1777949102.8863132,NVIDIA A100-SXM4-40GB,51.47,3.0,30772.0,
4542.83251277,1777949103.113193,NVIDIA A100-SXM4-40GB,51.2,3.0,30772.0,
4543.059670751,1777949103.3403513,NVIDIA A100-SXM4-40GB,51.47,3.0,30772.0,
4543.287894413,1777949103.5685747,NVIDIA A100-SXM4-40GB,51.2,3.0,30772.0,
4543.514684643,1777949103.7953649,NVIDIA A100-SXM4-40GB,51.2,3.0,30772.0,
4543.741166908,1777949104.0218468,NVIDIA A100-SXM4-40GB,51.2,3.0,30772.0,
4543.96846003,1777949104.2491403,NVIDIA A100-SXM4-40GB,51.47,3.0,30772.0,
4544.19502995,1777949104.47571,NVIDIA A100-SXM4-40GB,51.15,3.0,30772.0,
4544.422430825,1777949104.703111,NVIDIA A100-SXM4-40GB,51.47,3.0,30772.0,
4544.648937291,1777949104.9296174,NVIDIA A100-SXM4-40GB,51.47,4.0,30772.0,
4544.875743727,1777949105.1564236,NVIDIA A100-SXM4-40GB,51.2,4.0,30772.0,
4545.10285548,1777949105.3835354,NVIDIA A100-SXM4-40GB,51.47,4.0,30772.0,
4545.331497739,1777949105.6121776,NVIDIA A100-SXM4-40GB,51.2,3.0,30772.0,
4545.558836578,1777949105.8395169,NVIDIA A100-SXM4-40GB,51.2,3.0,30772.0,
4545.787723602,1777949106.0684035,NVIDIA A100-SXM4-40GB,51.47,3.0,30772.0,
4546.015099558,1777949106.29578,NVIDIA A100-SXM4-40GB,51.47,4.0,30772.0,
4546.24237067,1777949106.523051,NVIDIA A100-SXM4-40GB,51.2,4.0,30772.0,
4546.468959505,1777949106.7496395,NVIDIA A100-SXM4-40GB,51.2,4.0,30772.0,
4546.695894101,1777949106.9765742,NVIDIA A100-SXM4-40GB,51.2,3.0,30772.0,
4546.92324764,1777949107.2039278,NVIDIA A100-SXM4-40GB,51.47,4.0,30772.0,
4547.150136527,1777949107.4308164,NVIDIA A100-SXM4-40GB,51.2,3.0,30772.0,
4547.376895797,1777949107.657576,NVIDIA A100-SXM4-40GB,51.47,3.0,30772.0,
4547.604047858,1777949107.8847277,NVIDIA A100-SXM4-40GB,51.47,4.0,30772.0,
4547.831434876,1777949108.112115,NVIDIA A100-SXM4-40GB,51.47,4.0,30772.0,
4548.058628552,1777949108.339309,NVIDIA A100-SXM4-40GB,51.47,4.0,30772.0,
4548.285377459,1777949108.5660577,NVIDIA A100-SXM4-40GB,51.47,4.0,30772.0,
4548.514197242,1777949108.7948773,NVIDIA A100-SXM4-40GB,51.47,3.0,30772.0,
4548.740780373,1777949109.0214608,NVIDIA A100-SXM4-40GB,51.15,3.0,30772.0,
4548.968392143,1777949109.2490726,NVIDIA A100-SXM4-40GB,51.15,3.0,30772.0,
4549.197274713,1777949109.4779546,NVIDIA A100-SXM4-40GB,51.2,3.0,30772.0,
4549.424668558,1777949109.7053485,NVIDIA A100-SXM4-40GB,51.47,3.0,30772.0,
4549.651213847,1777949109.931894,NVIDIA A100-SXM4-40GB,51.47,4.0,30772.0,
4549.878373787,1777949110.1590538,NVIDIA A100-SXM4-40GB,51.2,3.0,30772.0,
4550.105044121,1777949110.385724,NVIDIA A100-SXM4-40GB,51.47,3.0,30772.0,
4550.33223482,1777949110.6129148,NVIDIA A100-SXM4-40GB,51.47,3.0,30772.0,
4550.560075704,1777949110.8407557,NVIDIA A100-SXM4-40GB,51.42,4.0,30772.0,
4550.788104793,1777949111.0687847,NVIDIA A100-SXM4-40GB,51.2,3.0,30772.0,
4551.014991884,1777949111.2956722,NVIDIA A100-SXM4-40GB,51.2,3.0,30772.0,
4551.243806272,1777949111.5244863,NVIDIA A100-SXM4-40GB,51.47,3.0,30772.0,
4551.471187969,1777949111.7518682,NVIDIA A100-SXM4-40GB,51.15,3.0,30772.0,
4551.697768311,1777949111.9784486,NVIDIA A100-SXM4-40GB,51.15,3.0,30772.0,
4551.924573576,1777949112.2052536,NVIDIA A100-SXM4-40GB,51.2,3.0,30772.0,
4552.153394127,1777949112.4340744,NVIDIA A100-SXM4-40GB,51.2,3.0,30772.0,
4552.380454129,1777949112.661134,NVIDIA A100-SXM4-40GB,51.47,4.0,30772.0,
4552.607316477,1777949112.8879967,NVIDIA A100-SXM4-40GB,51.2,4.0,30772.0,
4552.834477821,1777949113.1151578,NVIDIA A100-SXM4-40GB,51.42,3.0,30772.0,
4553.06173855,1777949113.3424184,NVIDIA A100-SXM4-40GB,51.42,4.0,30772.0,
4553.288445775,1777949113.5691261,NVIDIA A100-SXM4-40GB,51.47,3.0,30772.0,
4553.516175509,1777949113.7968562,NVIDIA A100-SXM4-40GB,51.47,3.0,30772.0,
4553.742783855,1777949114.023464,NVIDIA A100-SXM4-40GB,51.2,3.0,30772.0,
4553.969880862,1777949114.2505608,NVIDIA A100-SXM4-40GB,51.2,3.0,30772.0,
4554.196474295,1777949114.4771543,NVIDIA A100-SXM4-40GB,51.42,4.0,30772.0,
4554.424632437,1777949114.7053125,NVIDIA A100-SXM4-40GB,51.74,3.0,30772.0,
4554.651717914,1777949114.9323978,NVIDIA A100-SXM4-40GB,51.42,4.0,30772.0,
4554.877992235,1777949115.1586723,NVIDIA A100-SXM4-40GB,51.42,4.0,30772.0,
4555.106137503,1777949115.3868172,NVIDIA A100-SXM4-40GB,51.42,4.0,30772.0,
4555.332638961,1777949115.6133192,NVIDIA A100-SXM4-40GB,51.47,4.0,30772.0,
4555.559014554,1777949115.8396952,NVIDIA A100-SXM4-40GB,51.47,4.0,30772.0,
4555.787627501,1777949116.0683074,NVIDIA A100-SXM4-40GB,51.47,4.0,30772.0,
4556.014401298,1777949116.2950811,NVIDIA A100-SXM4-40GB,51.42,4.0,30772.0,
4556.241996235,1777949116.5226762,NVIDIA A100-SXM4-40GB,51.47,4.0,30772.0,
4556.468657612,1777949116.7493377,NVIDIA A100-SXM4-40GB,51.42,4.0,30772.0,
4556.697909564,1777949116.9785898,NVIDIA A100-SXM4-40GB,51.42,4.0,30772.0,
4556.924812207,1777949117.2054923,NVIDIA A100-SXM4-40GB,51.47,4.0,30772.0,
4557.152347266,1777949117.4330273,NVIDIA A100-SXM4-40GB,51.42,4.0,30772.0,
4557.379166401,1777949117.6598463,NVIDIA A100-SXM4-40GB,51.2,4.0,30772.0,
4557.607970688,1777949117.888651,NVIDIA A100-SXM4-40GB,51.47,4.0,30772.0,
4557.834583098,1777949118.115263,NVIDIA A100-SXM4-40GB,51.47,4.0,30772.0,
4558.061839092,1777949118.3425195,NVIDIA A100-SXM4-40GB,51.47,4.0,30772.0,
4558.288575338,1777949118.5692554,NVIDIA A100-SXM4-40GB,51.42,4.0,30772.0,
4558.515737249,1777949118.7964175,NVIDIA A100-SXM4-40GB,51.47,4.0,30772.0,
4558.74233647,1777949119.0230167,NVIDIA A100-SXM4-40GB,51.47,4.0,30772.0,
4558.970531094,1777949119.251211,NVIDIA A100-SXM4-40GB,51.47,4.0,30772.0,
4559.199677721,1777949119.480358,NVIDIA A100-SXM4-40GB,51.2,4.0,30772.0,
4559.426327301,1777949119.7070072,NVIDIA A100-SXM4-40GB,51.42,3.0,30772.0,
4559.653448568,1777949119.9341283,NVIDIA A100-SXM4-40GB,51.47,4.0,30772.0,
4559.880549444,1777949120.1612294,NVIDIA A100-SXM4-40GB,51.42,4.0,30772.0,
4560.109104541,1777949120.3897846,NVIDIA A100-SXM4-40GB,51.2,3.0,30772.0,
4560.337372061,1777949120.6180522,NVIDIA A100-SXM4-40GB,51.42,4.0,30772.0,
4560.565884283,1777949120.8465643,NVIDIA A100-SXM4-40GB,51.47,3.0,30772.0,
4560.792862891,1777949121.073543,NVIDIA A100-SXM4-40GB,51.47,3.0,30772.0,
4561.022133135,1777949121.3028133,NVIDIA A100-SXM4-40GB,51.42,4.0,30772.0,
4561.249218151,1777949121.529898,NVIDIA A100-SXM4-40GB,51.47,4.0,30772.0,
4561.475623975,1777949121.7563038,NVIDIA A100-SXM4-40GB,51.47,4.0,30772.0,
4561.702413733,1777949121.9830937,NVIDIA A100-SXM4-40GB,51.42,3.0,30772.0,
4561.929437847,1777949122.2101178,NVIDIA A100-SXM4-40GB,51.47,3.0,30772.0,
4562.155639029,1777949122.4363189,NVIDIA A100-SXM4-40GB,51.47,3.0,30772.0,
4562.382247566,1777949122.6629279,NVIDIA A100-SXM4-40GB,51.2,3.0,30772.0,
4562.609953891,1777949122.8906345,NVIDIA A100-SXM4-40GB,51.47,4.0,30772.0,
4562.836486285,1777949123.1171665,NVIDIA A100-SXM4-40GB,51.47,3.0,30772.0,
4563.063811594,1777949123.3444917,NVIDIA A100-SXM4-40GB,51.47,3.0,30772.0,
4563.291491482,1777949123.5721717,NVIDIA A100-SXM4-40GB,52.28,3.0,30772.0,
4563.51890425,1777949123.7995849,NVIDIA A100-SXM4-40GB,51.47,3.0,30772.0,
4563.74556986,1777949124.0262496,NVIDIA A100-SXM4-40GB,51.47,3.0,30772.0,
4563.973137907,1777949124.2538178,NVIDIA A100-SXM4-40GB,51.69,3.0,30772.0,
4564.201386266,1777949124.4820662,NVIDIA A100-SXM4-40GB,51.47,3.0,30772.0,
4564.42820307,1777949124.708883,NVIDIA A100-SXM4-40GB,51.2,4.0,30772.0,
4564.656312149,1777949124.9369922,NVIDIA A100-SXM4-40GB,51.42,3.0,30772.0,
4564.883269477,1777949125.1639495,NVIDIA A100-SXM4-40GB,51.42,3.0,30772.0,
4565.110796721,1777949125.391477,NVIDIA A100-SXM4-40GB,51.42,4.0,30772.0,
4565.338395456,1777949125.6190753,NVIDIA A100-SXM4-40GB,51.2,4.0,30772.0,
4565.56540447,1777949125.8460844,NVIDIA A100-SXM4-40GB,51.42,3.0,30772.0,
4565.793119256,1777949126.0737994,NVIDIA A100-SXM4-40GB,51.47,3.0,30772.0,
4566.020045651,1777949126.3007257,NVIDIA A100-SXM4-40GB,51.42,3.0,30772.0,
4566.249593615,1777949126.5302734,NVIDIA A100-SXM4-40GB,51.47,3.0,30772.0,
4566.477309732,1777949126.7579896,NVIDIA A100-SXM4-40GB,51.47,3.0,30772.0,
4566.703898788,1777949126.9845788,NVIDIA A100-SXM4-40GB,51.42,4.0,30772.0,
4566.933243443,1777949127.2139237,NVIDIA A100-SXM4-40GB,51.47,4.0,30772.0,
4567.160561606,1777949127.4412415,NVIDIA A100-SXM4-40GB,51.47,4.0,30772.0,
4567.388284671,1777949127.6689653,NVIDIA A100-SXM4-40GB,51.47,4.0,30772.0,
4567.617418815,1777949127.8980987,NVIDIA A100-SXM4-40GB,51.47,4.0,30772.0,
4567.844610864,1777949128.1252909,NVIDIA A100-SXM4-40GB,51.42,4.0,30772.0,
4568.071713814,1777949128.3523939,NVIDIA A100-SXM4-40GB,51.47,4.0,30772.0,
4568.300396644,1777949128.5810766,NVIDIA A100-SXM4-40GB,51.42,4.0,30772.0,
4568.527300064,1777949128.8079798,NVIDIA A100-SXM4-40GB,51.47,4.0,30772.0,
4568.75401705,1777949129.0346978,NVIDIA A100-SXM4-40GB,51.47,4.0,30772.0,
4568.982108321,1777949129.2627883,NVIDIA A100-SXM4-40GB,51.47,4.0,30772.0,
4569.213414081,1777949129.4940944,NVIDIA A100-SXM4-40GB,51.47,4.0,30772.0,
4569.440300688,1777949129.7209806,NVIDIA A100-SXM4-40GB,51.47,3.0,30772.0,
4569.66798081,1777949129.9486609,NVIDIA A100-SXM4-40GB,51.47,4.0,30772.0,
4569.894903281,1777949130.1755831,NVIDIA A100-SXM4-40GB,51.47,3.0,30772.0,
4570.122942263,1777949130.4036224,NVIDIA A100-SXM4-40GB,51.42,4.0,30772.0,
4570.351226691,1777949130.6319065,NVIDIA A100-SXM4-40GB,51.42,4.0,30772.0,
4570.579081382,1777949130.8597615,NVIDIA A100-SXM4-40GB,51.47,4.0,30772.0,
4570.806514572,1777949131.0871952,NVIDIA A100-SXM4-40GB,51.42,3.0,30772.0,
4571.035149959,1777949131.31583,NVIDIA A100-SXM4-40GB,51.47,4.0,30772.0,
4571.262816577,1777949131.5434964,NVIDIA A100-SXM4-40GB,51.47,4.0,30772.0,
4571.490023427,1777949131.7707038,NVIDIA A100-SXM4-40GB,51.42,4.0,30772.0,
4571.716482107,1777949131.9971626,NVIDIA A100-SXM4-40GB,51.47,3.0,30772.0,
4571.943185409,1777949132.2238655,NVIDIA A100-SXM4-40GB,51.42,4.0,30772.0,
4572.171228748,1777949132.451909,NVIDIA A100-SXM4-40GB,51.42,3.0,30772.0,
4572.398721056,1777949132.6794012,NVIDIA A100-SXM4-40GB,51.42,3.0,30772.0,
4572.626147374,1777949132.9068272,NVIDIA A100-SXM4-40GB,51.47,3.0,30772.0,
4572.85261681,1777949133.1332972,NVIDIA A100-SXM4-40GB,51.42,3.0,30772.0,
4573.080587993,1777949133.3612683,NVIDIA A100-SXM4-40GB,51.47,3.0,30772.0,
4573.308140612,1777949133.588821,NVIDIA A100-SXM4-40GB,51.42,3.0,30772.0,
4573.536131713,1777949133.8168123,NVIDIA A100-SXM4-40GB,51.42,3.0,30772.0,
4573.763722785,1777949134.0444026,NVIDIA A100-SXM4-40GB,51.47,3.0,30772.0,
4573.991503657,1777949134.2721841,NVIDIA A100-SXM4-40GB,51.47,4.0,30772.0,
4574.220830346,1777949134.5015106,NVIDIA A100-SXM4-40GB,51.47,4.0,30772.0,
4574.447580258,1777949134.7282605,NVIDIA A100-SXM4-40GB,51.47,4.0,30772.0,
4574.675163337,1777949134.9558432,NVIDIA A100-SXM4-40GB,51.47,4.0,30772.0,
4574.901789951,1777949135.18247,NVIDIA A100-SXM4-40GB,51.2,4.0,30772.0,
4575.13034156,1777949135.4110215,NVIDIA A100-SXM4-40GB,51.74,4.0,30772.0,
4575.360636312,1777949135.6413162,NVIDIA A100-SXM4-40GB,51.2,4.0,30772.0,
4575.587414649,1777949135.8680944,NVIDIA A100-SXM4-40GB,51.15,4.0,30772.0,
4575.814173332,1777949136.0948536,NVIDIA A100-SXM4-40GB,51.15,4.0,30772.0,
4576.042394307,1777949136.3230743,NVIDIA A100-SXM4-40GB,51.2,4.0,30772.0,
4576.269620206,1777949136.5503001,NVIDIA A100-SXM4-40GB,51.2,4.0,30772.0,
4576.496248895,1777949136.7769287,NVIDIA A100-SXM4-40GB,51.2,4.0,30772.0,
4576.72345638,1777949137.004136,NVIDIA A100-SXM4-40GB,51.2,4.0,30772.0,
4576.953031991,1777949137.2337124,NVIDIA A100-SXM4-40GB,51.2,4.0,30772.0,
4577.180511185,1777949137.4611914,NVIDIA A100-SXM4-40GB,51.2,4.0,30772.0,
4577.409343551,1777949137.6900237,NVIDIA A100-SXM4-40GB,51.2,3.0,30772.0,
4577.636370448,1777949137.9170506,NVIDIA A100-SXM4-40GB,51.2,3.0,30772.0,
4577.8642942,1777949138.1449742,NVIDIA A100-SXM4-40GB,51.47,4.0,30772.0,
4578.093159882,1777949138.3738399,NVIDIA A100-SXM4-40GB,51.15,3.0,30772.0,
4578.320443038,1777949138.601123,NVIDIA A100-SXM4-40GB,51.47,4.0,30772.0,
4578.547275805,1777949138.827956,NVIDIA A100-SXM4-40GB,51.47,4.0,30772.0,
4578.777270703,1777949139.057951,NVIDIA A100-SXM4-40GB,51.2,4.0,30772.0,
4579.004102384,1777949139.2847824,NVIDIA A100-SXM4-40GB,51.2,4.0,30772.0,
4579.231979364,1777949139.5126595,NVIDIA A100-SXM4-40GB,51.2,4.0,30772.0,
4579.46004425,1777949139.7407246,NVIDIA A100-SXM4-40GB,51.2,3.0,30772.0,
4579.687479809,1777949139.96816,NVIDIA A100-SXM4-40GB,51.2,3.0,30772.0,
4579.914830467,1777949140.1955109,NVIDIA A100-SXM4-40GB,51.15,4.0,30772.0,
4580.143966189,1777949140.4246461,NVIDIA A100-SXM4-40GB,51.2,3.0,30772.0,
4580.371378199,1777949140.6520584,NVIDIA A100-SXM4-40GB,51.47,4.0,30772.0,
4580.599105623,1777949140.8797858,NVIDIA A100-SXM4-40GB,51.15,4.0,30772.0,
4580.827202742,1777949141.1078827,NVIDIA A100-SXM4-40GB,51.2,3.0,30772.0,
4581.054165371,1777949141.3348455,NVIDIA A100-SXM4-40GB,51.47,4.0,30772.0,
4581.282770964,1777949141.5634508,NVIDIA A100-SXM4-40GB,51.2,4.0,30772.0,
4581.510425634,1777949141.7911055,NVIDIA A100-SXM4-40GB,51.2,3.0,30772.0,
4581.737399847,1777949142.0180798,NVIDIA A100-SXM4-40GB,51.2,4.0,30772.0,
4581.964799897,1777949142.2454798,NVIDIA A100-SXM4-40GB,51.47,4.0,30772.0,
4582.192170256,1777949142.4728508,NVIDIA A100-SXM4-40GB,51.2,4.0,30772.0,
4582.419663569,1777949142.7003436,NVIDIA A100-SXM4-40GB,51.42,4.0,30772.0,
4582.646917651,1777949142.9275978,NVIDIA A100-SXM4-40GB,51.42,4.0,30772.0,
4582.873922151,1777949143.1546023,NVIDIA A100-SXM4-40GB,51.47,4.0,30772.0,
4583.100963465,1777949143.3816435,NVIDIA A100-SXM4-40GB,51.47,4.0,30772.0,
4583.329188887,1777949143.609869,NVIDIA A100-SXM4-40GB,51.15,4.0,30772.0,
4583.555847129,1777949143.836527,NVIDIA A100-SXM4-40GB,51.2,4.0,30772.0,
4583.782836872,1777949144.063517,NVIDIA A100-SXM4-40GB,51.2,4.0,30772.0,
4584.008819364,1777949144.289499,NVIDIA A100-SXM4-40GB,51.2,3.0,30772.0,
4584.235924201,1777949144.5166042,NVIDIA A100-SXM4-40GB,51.15,4.0,30772.0,
4584.462838753,1777949144.7435188,NVIDIA A100-SXM4-40GB,51.2,3.0,30772.0,
4584.688909314,1777949144.9695895,NVIDIA A100-SXM4-40GB,51.2,4.0,30772.0,
4584.916639071,1777949145.197319,NVIDIA A100-SXM4-40GB,51.2,3.0,30772.0,
4585.144761754,1777949145.425442,NVIDIA A100-SXM4-40GB,51.15,3.0,30772.0,
4585.372252678,1777949145.6529326,NVIDIA A100-SXM4-40GB,51.15,3.0,30772.0,
4585.599058941,1777949145.8797388,NVIDIA A100-SXM4-40GB,51.15,4.0,30772.0,
4585.825881209,1777949146.1065614,NVIDIA A100-SXM4-40GB,51.15,3.0,30772.0,
4586.053526159,1777949146.334206,NVIDIA A100-SXM4-40GB,51.2,3.0,30772.0,
4586.280667996,1777949146.5613477,NVIDIA A100-SXM4-40GB,51.2,3.0,30772.0,
4586.507464633,1777949146.7881446,NVIDIA A100-SXM4-40GB,51.15,4.0,30772.0,
4586.733827457,1777949147.0145075,NVIDIA A100-SXM4-40GB,51.2,4.0,30772.0,
4586.962525629,1777949147.2432063,NVIDIA A100-SXM4-40GB,51.2,4.0,30772.0,
4587.189071738,1777949147.469752,NVIDIA A100-SXM4-40GB,51.47,4.0,30772.0,
4587.416472601,1777949147.6971529,NVIDIA A100-SXM4-40GB,51.15,3.0,30772.0,
4587.644692855,1777949147.9253726,NVIDIA A100-SXM4-40GB,51.47,4.0,30772.0,
4587.871398097,1777949148.1520784,NVIDIA A100-SXM4-40GB,51.15,4.0,30772.0,
4588.100188356,1777949148.3808684,NVIDIA A100-SXM4-40GB,51.47,3.0,30772.0,
4588.32763266,1777949148.6083126,NVIDIA A100-SXM4-40GB,51.47,4.0,30772.0,
4588.553845793,1777949148.8345263,NVIDIA A100-SXM4-40GB,51.15,4.0,30772.0,
4588.780252729,1777949149.0609329,NVIDIA A100-SXM4-40GB,51.15,4.0,30772.0,
4589.008125205,1777949149.288805,NVIDIA A100-SXM4-40GB,51.2,3.0,30772.0,
4589.23531761,1777949149.5159974,NVIDIA A100-SXM4-40GB,51.2,3.0,30772.0,
4589.46201873,1777949149.7426987,NVIDIA A100-SXM4-40GB,51.15,4.0,30772.0,
4589.688966684,1777949149.9696467,NVIDIA A100-SXM4-40GB,51.2,4.0,30772.0,
4589.915646176,1777949150.1963263,NVIDIA A100-SXM4-40GB,51.2,4.0,30772.0,
4590.143231918,1777949150.423912,NVIDIA A100-SXM4-40GB,51.15,3.0,30772.0,
4590.36991577,1777949150.650596,NVIDIA A100-SXM4-40GB,51.2,4.0,30772.0,
4590.598765557,1777949150.8794458,NVIDIA A100-SXM4-40GB,51.2,4.0,30772.0,
4590.825342023,1777949151.1060224,NVIDIA A100-SXM4-40GB,51.2,3.0,30772.0,
4591.052037343,1777949151.3327177,NVIDIA A100-SXM4-40GB,51.2,4.0,30772.0,
4591.279163555,1777949151.5598438,NVIDIA A100-SXM4-40GB,51.2,4.0,30772.0,
4591.505643501,1777949151.786324,NVIDIA A100-SXM4-40GB,51.2,3.0,30772.0,
4591.731920439,1777949152.012601,NVIDIA A100-SXM4-40GB,51.15,4.0,30772.0,
4591.958887365,1777949152.2395675,NVIDIA A100-SXM4-40GB,51.2,4.0,30772.0,
4592.185892063,1777949152.466572,NVIDIA A100-SXM4-40GB,51.2,4.0,30772.0,
4592.412684225,1777949152.6933641,NVIDIA A100-SXM4-40GB,51.15,4.0,30772.0,
4592.639842155,1777949152.9205222,NVIDIA A100-SXM4-40GB,51.2,4.0,30772.0,
4592.867860458,1777949153.1485405,NVIDIA A100-SXM4-40GB,51.2,4.0,30772.0,
4593.095032739,1777949153.3757129,NVIDIA A100-SXM4-40GB,51.15,4.0,30772.0,
4593.3220172,1777949153.6026974,NVIDIA A100-SXM4-40GB,51.2,4.0,30772.0,
4593.54879593,1777949153.829476,NVIDIA A100-SXM4-40GB,51.2,4.0,30772.0,
4593.775916285,1777949154.0565965,NVIDIA A100-SXM4-40GB,51.2,3.0,30772.0,
4594.003024073,1777949154.2837045,NVIDIA A100-SXM4-40GB,51.2,4.0,30772.0,
4594.230247404,1777949154.5109274,NVIDIA A100-SXM4-40GB,51.47,4.0,30772.0,
4594.457438236,1777949154.7381182,NVIDIA A100-SXM4-40GB,51.15,4.0,30772.0,
4594.684169707,1777949154.9648497,NVIDIA A100-SXM4-40GB,51.47,4.0,30772.0,
4594.911401152,1777949155.1920812,NVIDIA A100-SXM4-40GB,51.2,4.0,30772.0,
4595.139029205,1777949155.4197092,NVIDIA A100-SXM4-40GB,51.47,4.0,30772.0,
4595.366491631,1777949155.6471722,NVIDIA A100-SXM4-40GB,51.15,4.0,30772.0,
4595.592759301,1777949155.8734393,NVIDIA A100-SXM4-40GB,51.2,3.0,30772.0,
4595.819988213,1777949156.1006684,NVIDIA A100-SXM4-40GB,51.2,4.0,30772.0,
4596.048581688,1777949156.3292618,NVIDIA A100-SXM4-40GB,51.2,3.0,30772.0,
4596.275954792,1777949156.5566347,NVIDIA A100-SXM4-40GB,51.2,3.0,30772.0,
4596.50288021,1777949156.7835605,NVIDIA A100-SXM4-40GB,51.47,3.0,30772.0,
4596.732761886,1777949157.013442,NVIDIA A100-SXM4-40GB,51.2,3.0,30772.0,
4596.960668111,1777949157.2413483,NVIDIA A100-SXM4-40GB,51.47,3.0,30772.0,
4597.187513507,1777949157.4681938,NVIDIA A100-SXM4-40GB,51.2,3.0,30772.0,
4597.415035403,1777949157.6957154,NVIDIA A100-SXM4-40GB,51.15,4.0,30772.0,
4597.642527045,1777949157.9232075,NVIDIA A100-SXM4-40GB,51.15,3.0,30772.0,
4597.86990118,1777949158.1505814,NVIDIA A100-SXM4-40GB,51.2,3.0,30772.0,
4598.097925599,1777949158.3786056,NVIDIA A100-SXM4-40GB,51.15,3.0,30772.0,
4598.325607759,1777949158.6062882,NVIDIA A100-SXM4-40GB,51.42,4.0,30772.0,
4598.552521852,1777949158.8332021,NVIDIA A100-SXM4-40GB,51.47,4.0,30772.0,
4598.779449459,1777949159.0601296,NVIDIA A100-SXM4-40GB,51.47,4.0,30772.0,
4599.006623679,1777949159.287304,NVIDIA A100-SXM4-40GB,51.42,3.0,30772.0,
4599.235195719,1777949159.5158756,NVIDIA A100-SXM4-40GB,51.15,4.0,30772.0,
4599.462948918,1777949159.7436287,NVIDIA A100-SXM4-40GB,51.2,4.0,30772.0,
4599.69039987,1777949159.9710798,NVIDIA A100-SXM4-40GB,51.47,4.0,30772.0,
4599.917305627,1777949160.1979856,NVIDIA A100-SXM4-40GB,51.2,3.0,30772.0,
4600.144489717,1777949160.42517,NVIDIA A100-SXM4-40GB,51.47,4.0,30772.0,
4600.372313697,1777949160.6529944,NVIDIA A100-SXM4-40GB,51.42,4.0,30772.0,
4600.599541748,1777949160.8802218,NVIDIA A100-SXM4-40GB,51.15,4.0,30772.0,
4600.827234364,1777949161.1079142,NVIDIA A100-SXM4-40GB,51.2,3.0,30772.0,
4601.056567111,1777949161.337247,NVIDIA A100-SXM4-40GB,51.42,4.0,30772.0,
4601.283945608,1777949161.5646257,NVIDIA A100-SXM4-40GB,51.15,4.0,30772.0,
4601.510928849,1777949161.7916088,NVIDIA A100-SXM4-40GB,51.2,4.0,30772.0,
4601.74002709,1777949162.0207074,NVIDIA A100-SXM4-40GB,51.2,4.0,30772.0,
4601.967650168,1777949162.2483306,NVIDIA A100-SXM4-40GB,51.47,4.0,30772.0,
4602.194521699,1777949162.4752018,NVIDIA A100-SXM4-40GB,51.2,4.0,30772.0,
4602.423175402,1777949162.7038555,NVIDIA A100-SXM4-40GB,51.42,4.0,30772.0,
4602.64985692,1777949162.930537,NVIDIA A100-SXM4-40GB,51.2,3.0,30772.0,
4602.877972562,1777949163.158653,NVIDIA A100-SXM4-40GB,51.47,4.0,30772.0,
4603.106768482,1777949163.3874526,NVIDIA A100-SXM4-40GB,51.2,4.0,30772.0,
4603.333848472,1777949163.6145291,NVIDIA A100-SXM4-40GB,51.2,3.0,30772.0,
4603.560496455,1777949163.8411765,NVIDIA A100-SXM4-40GB,51.47,3.0,30772.0,
4603.788718014,1777949164.0693982,NVIDIA A100-SXM4-40GB,51.2,4.0,30772.0,
4604.015770015,1777949164.2964501,NVIDIA A100-SXM4-40GB,51.2,4.0,30772.0,
4604.242323084,1777949164.5230033,NVIDIA A100-SXM4-40GB,51.15,4.0,30772.0,
4604.469021146,1777949164.7497013,NVIDIA A100-SXM4-40GB,51.47,4.0,30772.0,
4604.695850017,1777949164.9765298,NVIDIA A100-SXM4-40GB,51.2,4.0,30772.0,
4604.924548071,1777949165.205228,NVIDIA A100-SXM4-40GB,51.2,3.0,30772.0,
4605.151327315,1777949165.4320073,NVIDIA A100-SXM4-40GB,51.47,3.0,30772.0,
4605.378496318,1777949165.659176,NVIDIA A100-SXM4-40GB,51.2,4.0,30772.0,
4605.605499747,1777949165.8861797,NVIDIA A100-SXM4-40GB,51.42,4.0,30772.0,
4605.832273086,1777949166.1129532,NVIDIA A100-SXM4-40GB,51.2,3.0,30772.0,
4606.059507319,1777949166.3401873,NVIDIA A100-SXM4-40GB,51.47,3.0,30772.0,
4606.286317056,1777949166.5669973,NVIDIA A100-SXM4-40GB,51.69,4.0,30772.0,
4606.514886088,1777949166.795566,NVIDIA A100-SXM4-40GB,51.2,4.0,30772.0,
4606.742022185,1777949167.022702,NVIDIA A100-SXM4-40GB,51.2,4.0,30772.0,
4606.969716028,1777949167.2503965,NVIDIA A100-SXM4-40GB,51.2,3.0,30772.0,
4607.198275479,1777949167.4789557,NVIDIA A100-SXM4-40GB,51.47,3.0,30772.0,
4607.424890004,1777949167.7055705,NVIDIA A100-SXM4-40GB,51.47,4.0,30772.0,
4607.652339584,1777949167.9330196,NVIDIA A100-SXM4-40GB,51.42,4.0,30772.0,
4607.879557281,1777949168.1602373,NVIDIA A100-SXM4-40GB,51.2,4.0,30772.0,
4608.106347611,1777949168.3870277,NVIDIA A100-SXM4-40GB,51.2,4.0,30772.0,
4608.334579449,1777949168.6152594,NVIDIA A100-SXM4-40GB,51.2,3.0,30772.0,
4608.561239944,1777949168.84192,NVIDIA A100-SXM4-40GB,51.42,3.0,30772.0,
4608.790080013,1777949169.07076,NVIDIA A100-SXM4-40GB,51.42,3.0,30772.0,
4609.017504268,1777949169.2981842,NVIDIA A100-SXM4-40GB,51.42,4.0,30772.0,
4609.244235219,1777949169.5249155,NVIDIA A100-SXM4-40GB,51.2,3.0,30772.0,
4609.470803348,1777949169.7514834,NVIDIA A100-SXM4-40GB,51.2,3.0,30772.0,
4609.698511579,1777949169.9791918,NVIDIA A100-SXM4-40GB,51.2,3.0,30772.0,
4609.926970123,1777949170.207651,NVIDIA A100-SXM4-40GB,51.2,4.0,30772.0,
4610.154124673,1777949170.434805,NVIDIA A100-SXM4-40GB,51.42,4.0,30772.0,
4610.381688051,1777949170.662368,NVIDIA A100-SXM4-40GB,51.47,4.0,30772.0,
4610.608377432,1777949170.8890576,NVIDIA A100-SXM4-40GB,51.47,4.0,30772.0,
4610.836657751,1777949171.117338,NVIDIA A100-SXM4-40GB,51.2,4.0,30772.0,
4611.063483669,1777949171.3441637,NVIDIA A100-SXM4-40GB,51.2,3.0,30772.0,
4611.290355394,1777949171.5710354,NVIDIA A100-SXM4-40GB,51.15,3.0,30772.0,
4611.51706003,1777949171.79774,NVIDIA A100-SXM4-40GB,51.47,3.0,30772.0,
4611.74393616,1777949172.0246162,NVIDIA A100-SXM4-40GB,51.15,3.0,30772.0,
4611.971848064,1777949172.252528,NVIDIA A100-SXM4-40GB,51.2,4.0,30772.0,
4612.19911794,1777949172.4797986,NVIDIA A100-SXM4-40GB,51.42,3.0,30772.0,
4612.426101871,1777949172.7067826,NVIDIA A100-SXM4-40GB,51.15,3.0,30772.0,
4612.656123449,1777949172.9368036,NVIDIA A100-SXM4-40GB,51.47,4.0,30772.0,
4612.883298013,1777949173.1639783,NVIDIA A100-SXM4-40GB,51.47,4.0,30772.0,
4613.110602514,1777949173.3912823,NVIDIA A100-SXM4-40GB,51.47,4.0,30772.0,
4613.339483923,1777949173.620164,NVIDIA A100-SXM4-40GB,51.47,4.0,30772.0,
4613.566020777,1777949173.846701,NVIDIA A100-SXM4-40GB,51.47,4.0,30772.0,
4613.793720174,1777949174.0744002,NVIDIA A100-SXM4-40GB,51.47,4.0,30772.0,
4614.020851824,1777949174.3015323,NVIDIA A100-SXM4-40GB,51.47,4.0,30772.0,
4614.247926069,1777949174.528606,NVIDIA A100-SXM4-40GB,51.47,3.0,30772.0,
4614.474483285,1777949174.755164,NVIDIA A100-SXM4-40GB,51.2,3.0,30772.0,
4614.701134585,1777949174.9818146,NVIDIA A100-SXM4-40GB,51.47,4.0,30772.0,
4614.929191184,1777949175.2098713,NVIDIA A100-SXM4-40GB,51.69,4.0,30772.0,
4615.157526338,1777949175.4382064,NVIDIA A100-SXM4-40GB,51.47,3.0,30772.0,
4615.385588659,1777949175.6662688,NVIDIA A100-SXM4-40GB,51.47,4.0,30772.0,
4615.612544684,1777949175.8932247,NVIDIA A100-SXM4-40GB,51.47,4.0,30772.0,
4615.839336551,1777949176.1200166,NVIDIA A100-SXM4-40GB,51.47,3.0,30772.0,
4616.067062764,1777949176.3477428,NVIDIA A100-SXM4-40GB,51.47,3.0,30772.0,
4616.294254118,1777949176.5749342,NVIDIA A100-SXM4-40GB,51.47,4.0,30772.0,
4616.520936856,1777949176.801617,NVIDIA A100-SXM4-40GB,51.47,4.0,30772.0,
4616.747862401,1777949177.0285423,NVIDIA A100-SXM4-40GB,51.15,3.0,30772.0,
4616.97536455,1777949177.2560446,NVIDIA A100-SXM4-40GB,51.42,3.0,30772.0,
4617.202060285,1777949177.4827402,NVIDIA A100-SXM4-40GB,51.42,3.0,30772.0,
4617.429190991,1777949177.7098708,NVIDIA A100-SXM4-40GB,51.2,3.0,30772.0,
4617.655954998,1777949177.9366348,NVIDIA A100-SXM4-40GB,51.47,3.0,30772.0,
4617.883067771,1777949178.1637483,NVIDIA A100-SXM4-40GB,51.47,3.0,30772.0,
4618.109770476,1777949178.3904507,NVIDIA A100-SXM4-40GB,51.47,3.0,30772.0,
4618.337398193,1777949178.6180782,NVIDIA A100-SXM4-40GB,51.2,3.0,30772.0,
4618.564392766,1777949178.8450727,NVIDIA A100-SXM4-40GB,51.2,3.0,30772.0,
4618.792427848,1777949179.073108,NVIDIA A100-SXM4-40GB,51.2,3.0,30772.0,
4619.024641603,1777949179.3053217,NVIDIA A100-SXM4-40GB,51.47,3.0,30772.0,
4619.261345045,1777949179.5420253,NVIDIA A100-SXM4-40GB,51.47,3.0,30772.0,
4619.488599215,1777949179.7692792,NVIDIA A100-SXM4-40GB,51.42,4.0,30772.0,
4619.71484217,1777949179.9955225,NVIDIA A100-SXM4-40GB,51.15,3.0,30772.0,
4619.941364662,1777949180.2220447,NVIDIA A100-SXM4-40GB,51.47,3.0,30772.0,
4620.169515799,1777949180.4501958,NVIDIA A100-SXM4-40GB,51.15,3.0,30772.0,
4620.397015693,1777949180.6776962,NVIDIA A100-SXM4-40GB,51.42,3.0,30772.0,
4620.624421696,1777949180.9051018,NVIDIA A100-SXM4-40GB,51.47,4.0,30772.0,
4620.851662756,1777949181.1323428,NVIDIA A100-SXM4-40GB,51.2,4.0,30772.0,
4621.079828619,1777949181.3605087,NVIDIA A100-SXM4-40GB,51.42,4.0,30772.0,
4621.30712254,1777949181.587803,NVIDIA A100-SXM4-40GB,51.47,4.0,30772.0,
4621.533924679,1777949181.8146048,NVIDIA A100-SXM4-40GB,51.42,4.0,30772.0,
4621.761661511,1777949182.042342,NVIDIA A100-SXM4-40GB,51.47,4.0,30772.0,
4621.988604146,1777949182.269284,NVIDIA A100-SXM4-40GB,51.47,3.0,30772.0,
4622.216466009,1777949182.4971464,NVIDIA A100-SXM4-40GB,51.47,3.0,30772.0,
4622.443260367,1777949182.7239404,NVIDIA A100-SXM4-40GB,51.2,3.0,30772.0,
4622.671304531,1777949182.9519844,NVIDIA A100-SXM4-40GB,51.42,3.0,30772.0,
4622.898766706,1777949183.1794467,NVIDIA A100-SXM4-40GB,51.47,4.0,30772.0,
4623.126185932,1777949183.406866,NVIDIA A100-SXM4-40GB,51.42,3.0,30772.0,
4623.354853266,1777949183.6355336,NVIDIA A100-SXM4-40GB,51.2,3.0,30772.0,
4623.581656755,1777949183.8623369,NVIDIA A100-SXM4-40GB,51.74,3.0,30772.0,
4623.808971105,1777949184.089651,NVIDIA A100-SXM4-40GB,51.47,3.0,30772.0,
4624.037262493,1777949184.3179426,NVIDIA A100-SXM4-40GB,51.47,3.0,30772.0,
4624.264225444,1777949184.5449057,NVIDIA A100-SXM4-40GB,51.47,4.0,30772.0,
4624.491039521,1777949184.7717195,NVIDIA A100-SXM4-40GB,51.47,4.0,30772.0,
4624.718670987,1777949184.9993513,NVIDIA A100-SXM4-40GB,51.47,4.0,30772.0,
4624.946052255,1777949185.2267323,NVIDIA A100-SXM4-40GB,51.42,4.0,30772.0,
4625.173407058,1777949185.454087,NVIDIA A100-SXM4-40GB,51.42,4.0,30772.0,
4625.40052208,1777949185.681202,NVIDIA A100-SXM4-40GB,51.2,3.0,30772.0,
4625.627835772,1777949185.908516,NVIDIA A100-SXM4-40GB,51.42,4.0,30772.0,
4625.857153184,1777949186.1378334,NVIDIA A100-SXM4-40GB,51.47,4.0,30772.0,
4626.083842698,1777949186.364523,NVIDIA A100-SXM4-40GB,51.47,4.0,30772.0,
4626.311781424,1777949186.5924613,NVIDIA A100-SXM4-40GB,51.2,4.0,30772.0,
4626.538298406,1777949186.8189788,NVIDIA A100-SXM4-40GB,51.47,4.0,30772.0,
4626.766522146,1777949187.0472023,NVIDIA A100-SXM4-40GB,51.47,4.0,30772.0,
4626.995289288,1777949187.2759697,NVIDIA A100-SXM4-40GB,51.47,4.0,30772.0,
4627.222312384,1777949187.5029929,NVIDIA A100-SXM4-40GB,51.42,4.0,30772.0,
4627.44929031,1777949187.7299705,NVIDIA A100-SXM4-40GB,51.47,4.0,30772.0,
4627.676485584,1777949187.9571662,NVIDIA A100-SXM4-40GB,51.47,4.0,30772.0,
4627.904648439,1777949188.185329,NVIDIA A100-SXM4-40GB,51.47,4.0,30772.0,
4628.131675947,1777949188.412356,NVIDIA A100-SXM4-40GB,51.42,4.0,30772.0,
4628.35883725,1777949188.639517,NVIDIA A100-SXM4-40GB,51.47,3.0,30772.0,
4628.5859971,1777949188.8666773,NVIDIA A100-SXM4-40GB,51.42,3.0,30772.0,
4628.812910495,1777949189.0935905,NVIDIA A100-SXM4-40GB,51.42,3.0,30772.0,
4629.039500533,1777949189.3201804,NVIDIA A100-SXM4-40GB,51.47,3.0,30772.0,
4629.268123504,1777949189.5488038,NVIDIA A100-SXM4-40GB,51.42,4.0,30772.0,
4629.495032196,1777949189.7757123,NVIDIA A100-SXM4-40GB,51.47,4.0,30772.0,
4629.722945327,1777949190.0036252,NVIDIA A100-SXM4-40GB,51.47,4.0,30772.0,
4629.950655512,1777949190.2313354,NVIDIA A100-SXM4-40GB,51.42,4.0,30772.0,
4630.177413388,1777949190.4580936,NVIDIA A100-SXM4-40GB,51.42,4.0,30772.0,
4630.404159432,1777949190.6848397,NVIDIA A100-SXM4-40GB,51.42,4.0,30772.0,
4630.631596371,1777949190.9122763,NVIDIA A100-SXM4-40GB,51.42,3.0,30772.0,
4630.858373774,1777949191.1390538,NVIDIA A100-SXM4-40GB,51.42,3.0,30772.0,
4631.085185215,1777949191.3658655,NVIDIA A100-SXM4-40GB,51.47,4.0,30772.0,
4631.311640585,1777949191.592321,NVIDIA A100-SXM4-40GB,51.47,3.0,30772.0,
4631.538431478,1777949191.8191116,NVIDIA A100-SXM4-40GB,51.47,3.0,30772.0,
4631.765549981,1777949192.04623,NVIDIA A100-SXM4-40GB,51.47,4.0,30772.0,
4631.992997934,1777949192.2736783,NVIDIA A100-SXM4-40GB,51.47,3.0,30772.0,
4632.223129874,1777949192.50381,NVIDIA A100-SXM4-40GB,51.47,3.0,30772.0,
4632.450612002,1777949192.731292,NVIDIA A100-SXM4-40GB,51.47,3.0,30772.0,
4632.678407285,1777949192.9590874,NVIDIA A100-SXM4-40GB,51.47,4.0,30772.0,
4632.906062024,1777949193.186742,NVIDIA A100-SXM4-40GB,51.42,4.0,30772.0,
4633.133244848,1777949193.413925,NVIDIA A100-SXM4-40GB,51.47,4.0,30772.0,
4633.360433504,1777949193.6411138,NVIDIA A100-SXM4-40GB,51.47,3.0,30772.0,
4633.587512335,1777949193.8681922,NVIDIA A100-SXM4-40GB,51.47,4.0,30772.0,
4633.814637895,1777949194.095318,NVIDIA A100-SXM4-40GB,51.47,4.0,30772.0,
4634.041512597,1777949194.322193,NVIDIA A100-SXM4-40GB,51.47,4.0,30772.0,
4634.269654851,1777949194.550335,NVIDIA A100-SXM4-40GB,51.47,4.0,30772.0,
4634.497944638,1777949194.7786245,NVIDIA A100-SXM4-40GB,51.47,4.0,30772.0,
4634.725064992,1777949195.0057454,NVIDIA A100-SXM4-40GB,51.47,4.0,30772.0,
4634.953029928,1777949195.23371,NVIDIA A100-SXM4-40GB,51.47,4.0,30772.0,
4635.181313209,1777949195.4619932,NVIDIA A100-SXM4-40GB,51.47,4.0,30772.0,
4635.409401829,1777949195.6900818,NVIDIA A100-SXM4-40GB,51.47,4.0,30772.0,
4635.63748767,1777949195.9181678,NVIDIA A100-SXM4-40GB,51.74,4.0,30772.0,
4635.866853559,1777949196.1475341,NVIDIA A100-SXM4-40GB,51.47,4.0,30772.0,
4636.094334235,1777949196.375014,NVIDIA A100-SXM4-40GB,51.47,4.0,30772.0,
4636.322555597,1777949196.6032355,NVIDIA A100-SXM4-40GB,51.47,4.0,30772.0,
4636.549940365,1777949196.8306205,NVIDIA A100-SXM4-40GB,51.42,4.0,30772.0,
4636.778670554,1777949197.0593507,NVIDIA A100-SXM4-40GB,51.47,4.0,30772.0,
4637.00558159,1777949197.2862616,NVIDIA A100-SXM4-40GB,51.42,4.0,30772.0,
4637.232995111,1777949197.513675,NVIDIA A100-SXM4-40GB,51.42,4.0,30772.0,
4637.46115932,1777949197.7418394,NVIDIA A100-SXM4-40GB,51.47,3.0,30772.0,
4637.68836504,1777949197.9690452,NVIDIA A100-SXM4-40GB,51.47,3.0,30772.0,
4637.916505916,1777949198.197186,NVIDIA A100-SXM4-40GB,51.47,3.0,30772.0,
4638.144665702,1777949198.4253454,NVIDIA A100-SXM4-40GB,51.2,4.0,30772.0,
4638.371612502,1777949198.6522925,NVIDIA A100-SXM4-40GB,51.2,4.0,30772.0,
4638.60005009,1777949198.8807302,NVIDIA A100-SXM4-40GB,51.47,3.0,30772.0,
4638.828128418,1777949199.1088088,NVIDIA A100-SXM4-40GB,51.47,3.0,30772.0,
4639.055194348,1777949199.3358746,NVIDIA A100-SXM4-40GB,52.07,4.0,30772.0,
4639.285318982,1777949199.565999,NVIDIA A100-SXM4-40GB,51.42,4.0,30772.0,
4639.512911541,1777949199.7935915,NVIDIA A100-SXM4-40GB,51.47,4.0,30772.0,
4639.73944279,1777949200.0201225,NVIDIA A100-SXM4-40GB,51.42,4.0,30772.0,
4639.967791492,1777949200.2484715,NVIDIA A100-SXM4-40GB,51.47,3.0,30772.0,
4640.195020025,1777949200.4757004,NVIDIA A100-SXM4-40GB,51.47,3.0,30772.0,
4640.422130251,1777949200.70281,NVIDIA A100-SXM4-40GB,51.15,3.0,30772.0,
4640.649601748,1777949200.9302816,NVIDIA A100-SXM4-40GB,51.47,4.0,30772.0,
4640.878038607,1777949201.1587188,NVIDIA A100-SXM4-40GB,51.47,3.0,30772.0,
4641.104433422,1777949201.3851132,NVIDIA A100-SXM4-40GB,51.42,4.0,30772.0,
4641.332308568,1777949201.6129885,NVIDIA A100-SXM4-40GB,51.47,4.0,30772.0,
4641.559050482,1777949201.8397305,NVIDIA A100-SXM4-40GB,51.47,3.0,30772.0,
4641.786856983,1777949202.0675368,NVIDIA A100-SXM4-40GB,51.42,3.0,30772.0,
4642.014145188,1777949202.294825,NVIDIA A100-SXM4-40GB,51.2,3.0,30772.0,
4642.241942839,1777949202.522623,NVIDIA A100-SXM4-40GB,51.2,3.0,30772.0,
4642.468823374,1777949202.7495039,NVIDIA A100-SXM4-40GB,51.15,4.0,30772.0,
4642.695275047,1777949202.9759552,NVIDIA A100-SXM4-40GB,51.15,4.0,30772.0,
4642.92521108,1777949203.2058914,NVIDIA A100-SXM4-40GB,51.15,3.0,30772.0,
4643.152194136,1777949203.4328747,NVIDIA A100-SXM4-40GB,51.2,4.0,30772.0,
4643.379968665,1777949203.660649,NVIDIA A100-SXM4-40GB,51.47,3.0,30772.0,
4643.609460178,1777949203.89014,NVIDIA A100-SXM4-40GB,51.2,3.0,30772.0,
4643.836613681,1777949204.117294,NVIDIA A100-SXM4-40GB,51.2,3.0,30772.0,
4644.064054742,1777949204.3447347,NVIDIA A100-SXM4-40GB,51.15,4.0,30772.0,
4644.291476101,1777949204.5721562,NVIDIA A100-SXM4-40GB,51.15,3.0,30772.0,
4644.518683706,1777949204.7993636,NVIDIA A100-SXM4-40GB,51.2,3.0,30772.0,
4644.746321837,1777949205.0270019,NVIDIA A100-SXM4-40GB,51.2,4.0,30772.0,
4644.975318139,1777949205.2559981,NVIDIA A100-SXM4-40GB,51.15,4.0,30772.0,
4645.203370595,1777949205.4840505,NVIDIA A100-SXM4-40GB,51.2,3.0,30772.0,
4645.430850915,1777949205.7115307,NVIDIA A100-SXM4-40GB,51.2,4.0,30772.0,
4645.657794834,1777949205.9384747,NVIDIA A100-SXM4-40GB,51.47,4.0,30772.0,
4645.884338694,1777949206.1650188,NVIDIA A100-SXM4-40GB,51.47,4.0,30772.0,
4646.110989009,1777949206.391669,NVIDIA A100-SXM4-40GB,51.47,4.0,30772.0,
4646.338036844,1777949206.6187172,NVIDIA A100-SXM4-40GB,51.2,4.0,30772.0,
4646.565337654,1777949206.8460178,NVIDIA A100-SXM4-40GB,51.2,4.0,30772.0,
4646.793282328,1777949207.0739625,NVIDIA A100-SXM4-40GB,51.2,4.0,30772.0,
4647.020948275,1777949207.3016284,NVIDIA A100-SXM4-40GB,51.2,4.0,30772.0,
4647.248649606,1777949207.52933,NVIDIA A100-SXM4-40GB,51.2,4.0,30772.0,
4647.475350687,1777949207.7560308,NVIDIA A100-SXM4-40GB,51.2,4.0,30772.0,
4647.702915796,1777949207.9835958,NVIDIA A100-SXM4-40GB,51.2,4.0,30772.0,
4647.929714615,1777949208.2103949,NVIDIA A100-SXM4-40GB,51.2,4.0,30772.0,
4648.156130428,1777949208.4368103,NVIDIA A100-SXM4-40GB,51.15,4.0,30772.0,
4648.382880982,1777949208.663561,NVIDIA A100-SXM4-40GB,51.2,4.0,30772.0,
4648.609415064,1777949208.890095,NVIDIA A100-SXM4-40GB,51.47,4.0,30772.0,
4648.836630251,1777949209.1173103,NVIDIA A100-SXM4-40GB,51.2,3.0,30772.0,
4649.063699828,1777949209.34438,NVIDIA A100-SXM4-40GB,51.15,4.0,30772.0,
4649.290026722,1777949209.5707066,NVIDIA A100-SXM4-40GB,51.42,4.0,30772.0,
4649.517803965,1777949209.798484,NVIDIA A100-SXM4-40GB,51.2,4.0,30772.0,
4649.744526372,1777949210.0252063,NVIDIA A100-SXM4-40GB,51.47,4.0,30772.0,
4649.971247423,1777949210.2519274,NVIDIA A100-SXM4-40GB,51.2,4.0,30772.0,
4650.197310938,1777949210.4779909,NVIDIA A100-SXM4-40GB,51.2,3.0,30772.0,
4650.423801329,1777949210.7044814,NVIDIA A100-SXM4-40GB,51.2,3.0,30772.0,
4650.650471558,1777949210.9311519,NVIDIA A100-SXM4-40GB,51.42,4.0,30772.0,
4650.877430394,1777949211.1581104,NVIDIA A100-SXM4-40GB,51.2,4.0,30772.0,
4651.106853339,1777949211.3875334,NVIDIA A100-SXM4-40GB,51.15,3.0,30772.0,
4651.334019001,1777949211.6146994,NVIDIA A100-SXM4-40GB,51.47,4.0,30772.0,
4651.560986956,1777949211.8416667,NVIDIA A100-SXM4-40GB,51.42,4.0,30772.0,
4651.788401926,1777949212.069082,NVIDIA A100-SXM4-40GB,51.2,4.0,30772.0,
4652.015027053,1777949212.2957072,NVIDIA A100-SXM4-40GB,51.47,4.0,30772.0,
4652.241935903,1777949212.5226166,NVIDIA A100-SXM4-40GB,51.47,4.0,30772.0,
4652.468973227,1777949212.7496533,NVIDIA A100-SXM4-40GB,51.42,4.0,30772.0,
4652.695934793,1777949212.9766147,NVIDIA A100-SXM4-40GB,51.2,3.0,30772.0,
4652.923660629,1777949213.204341,NVIDIA A100-SXM4-40GB,51.15,4.0,30772.0,
4653.151410572,1777949213.4320905,NVIDIA A100-SXM4-40GB,51.2,4.0,30772.0,
4653.378796718,1777949213.659477,NVIDIA A100-SXM4-40GB,51.2,4.0,30772.0,
4653.605369834,1777949213.8860497,NVIDIA A100-SXM4-40GB,51.2,3.0,30772.0,
4653.83296212,1777949214.113642,NVIDIA A100-SXM4-40GB,51.47,3.0,30772.0,
4654.062030478,1777949214.3427107,NVIDIA A100-SXM4-40GB,51.15,3.0,30772.0,
4654.288893537,1777949214.5695736,NVIDIA A100-SXM4-40GB,51.2,3.0,30772.0,
4654.516209383,1777949214.7968898,NVIDIA A100-SXM4-40GB,51.2,3.0,30772.0,
4654.743154086,1777949215.0238342,NVIDIA A100-SXM4-40GB,51.2,3.0,30772.0,
4654.969960086,1777949215.2506402,NVIDIA A100-SXM4-40GB,51.15,3.0,30772.0,
4655.196851868,1777949215.477532,NVIDIA A100-SXM4-40GB,51.2,3.0,30772.0,
4655.423600456,1777949215.7042806,NVIDIA A100-SXM4-40GB,51.47,3.0,30772.0,
4655.649688613,1777949215.9303684,NVIDIA A100-SXM4-40GB,51.47,3.0,30772.0,
4655.876933891,1777949216.1576142,NVIDIA A100-SXM4-40GB,51.15,4.0,30772.0,
4656.103658455,1777949216.3843386,NVIDIA A100-SXM4-40GB,51.42,3.0,30772.0,
4656.331862019,1777949216.612542,NVIDIA A100-SXM4-40GB,51.15,3.0,30772.0,
4656.558977361,1777949216.8396575,NVIDIA A100-SXM4-40GB,51.2,3.0,30772.0,
4656.785979045,1777949217.0666592,NVIDIA A100-SXM4-40GB,51.2,4.0,30772.0,
4657.013108311,1777949217.2937884,NVIDIA A100-SXM4-40GB,51.42,4.0,30772.0,
4657.240383029,1777949217.5210633,NVIDIA A100-SXM4-40GB,51.2,4.0,30772.0,
4657.467043952,1777949217.747724,NVIDIA A100-SXM4-40GB,51.2,4.0,30772.0,
4657.693894089,1777949217.974574,NVIDIA A100-SXM4-40GB,51.47,4.0,30772.0,
4657.921586982,1777949218.202267,NVIDIA A100-SXM4-40GB,51.42,3.0,30772.0,
4658.148116561,1777949218.4287968,NVIDIA A100-SXM4-40GB,51.2,3.0,30772.0,
4658.375123782,1777949218.655804,NVIDIA A100-SXM4-40GB,51.2,3.0,30772.0,
4658.602216873,1777949218.8828971,NVIDIA A100-SXM4-40GB,51.2,4.0,30772.0,
4658.828840643,1777949219.109521,NVIDIA A100-SXM4-40GB,51.2,3.0,30772.0,
4659.055833717,1777949219.336514,NVIDIA A100-SXM4-40GB,51.2,4.0,30772.0,
4659.283585726,1777949219.564266,NVIDIA A100-SXM4-40GB,51.42,3.0,30772.0,
4659.511357154,1777949219.7920375,NVIDIA A100-SXM4-40GB,51.2,4.0,30772.0,
4659.738902256,1777949220.0195827,NVIDIA A100-SXM4-40GB,51.2,4.0,30772.0,
4659.965853792,1777949220.2465336,NVIDIA A100-SXM4-40GB,51.47,4.0,30772.0,
4660.193110177,1777949220.4737902,NVIDIA A100-SXM4-40GB,51.2,4.0,30772.0,
4660.419829167,1777949220.700509,NVIDIA A100-SXM4-40GB,51.2,4.0,30772.0,
4660.646544392,1777949220.9272246,NVIDIA A100-SXM4-40GB,51.42,4.0,30772.0,
4660.873289027,1777949221.1539688,NVIDIA A100-SXM4-40GB,51.47,4.0,30772.0,
4661.102074068,1777949221.3827543,NVIDIA A100-SXM4-40GB,51.47,3.0,30772.0,
4661.329355049,1777949221.610035,NVIDIA A100-SXM4-40GB,51.15,3.0,30772.0,
4661.556054031,1777949221.8367343,NVIDIA A100-SXM4-40GB,51.2,3.0,30772.0,
4661.783668241,1777949222.0643482,NVIDIA A100-SXM4-40GB,51.15,4.0,30772.0,
4662.010565338,1777949222.2912452,NVIDIA A100-SXM4-40GB,51.47,4.0,30772.0,
4662.237164311,1777949222.5178447,NVIDIA A100-SXM4-40GB,51.2,4.0,30772.0,
4662.466581148,1777949222.7472615,NVIDIA A100-SXM4-40GB,51.2,4.0,30772.0,
4662.69290819,1777949222.9735882,NVIDIA A100-SXM4-40GB,51.15,3.0,30772.0,
4662.919771166,1777949223.2004511,NVIDIA A100-SXM4-40GB,51.2,3.0,30772.0,
4663.146830282,1777949223.4275103,NVIDIA A100-SXM4-40GB,51.47,3.0,30772.0,
4663.374126547,1777949223.6548069,NVIDIA A100-SXM4-40GB,51.42,4.0,30772.0,
4663.600969692,1777949223.8816497,NVIDIA A100-SXM4-40GB,51.47,4.0,30772.0,
4663.827983489,1777949224.1086633,NVIDIA A100-SXM4-40GB,51.47,4.0,30772.0,
4664.055320582,1777949224.3360026,NVIDIA A100-SXM4-40GB,51.15,4.0,30772.0,
4664.28345529,1777949224.564135,NVIDIA A100-SXM4-40GB,51.2,4.0,30772.0,
4664.511955022,1777949224.792635,NVIDIA A100-SXM4-40GB,51.2,4.0,30772.0,
4664.739965945,1777949225.0206463,NVIDIA A100-SXM4-40GB,51.42,4.0,30772.0,
4664.967287944,1777949225.2479677,NVIDIA A100-SXM4-40GB,51.42,3.0,30772.0,
4665.194858978,1777949225.4755392,NVIDIA A100-SXM4-40GB,51.47,3.0,30772.0,
4665.422963891,1777949225.7036438,NVIDIA A100-SXM4-40GB,51.15,4.0,30772.0,
4665.650297748,1777949225.930978,NVIDIA A100-SXM4-40GB,51.42,3.0,30772.0,
4665.877079934,1777949226.15776,NVIDIA A100-SXM4-40GB,51.47,4.0,30772.0,
4666.103784289,1777949226.384465,NVIDIA A100-SXM4-40GB,51.15,4.0,30772.0,
4666.330912351,1777949226.6115925,NVIDIA A100-SXM4-40GB,51.2,4.0,30772.0,
4666.558562034,1777949226.839242,NVIDIA A100-SXM4-40GB,51.15,3.0,30772.0,
4666.786920884,1777949227.0676012,NVIDIA A100-SXM4-40GB,51.15,3.0,30772.0,
4667.015328292,1777949227.2960083,NVIDIA A100-SXM4-40GB,51.2,3.0,30772.0,
4667.242939167,1777949227.52362,NVIDIA A100-SXM4-40GB,51.2,3.0,30772.0,
4667.469494931,1777949227.7501752,NVIDIA A100-SXM4-40GB,51.15,4.0,30772.0,
4667.69686304,1777949227.9775429,NVIDIA A100-SXM4-40GB,51.15,4.0,30772.0,
4667.924141387,1777949228.2048216,NVIDIA A100-SXM4-40GB,51.2,3.0,30772.0,
4668.151741494,1777949228.4324217,NVIDIA A100-SXM4-40GB,51.47,3.0,30772.0,
4668.37840866,1777949228.6590886,NVIDIA A100-SXM4-40GB,51.2,4.0,30772.0,
4668.605219843,1777949228.8859003,NVIDIA A100-SXM4-40GB,51.2,4.0,30772.0,
4668.832430182,1777949229.1131103,NVIDIA A100-SXM4-40GB,51.2,4.0,30772.0,
4669.059546617,1777949229.340227,NVIDIA A100-SXM4-40GB,51.47,4.0,30772.0,
4669.287683536,1777949229.5683634,NVIDIA A100-SXM4-40GB,51.42,4.0,30772.0,
4669.515128852,1777949229.7958093,NVIDIA A100-SXM4-40GB,51.42,4.0,30772.0,
4669.742263553,1777949230.0229435,NVIDIA A100-SXM4-40GB,51.15,4.0,30772.0,
4669.971181907,1777949230.2518618,NVIDIA A100-SXM4-40GB,51.2,4.0,30772.0,
4670.198120225,1777949230.4788,NVIDIA A100-SXM4-40GB,51.2,4.0,30772.0,
4670.42503261,1777949230.7057123,NVIDIA A100-SXM4-40GB,51.2,4.0,30772.0,
4670.65225507,1777949230.932935,NVIDIA A100-SXM4-40GB,51.15,4.0,30772.0,
4670.878609883,1777949231.15929,NVIDIA A100-SXM4-40GB,51.2,4.0,30772.0,
4671.105278539,1777949231.3859587,NVIDIA A100-SXM4-40GB,51.15,4.0,30772.0,
4671.33263801,1777949231.613318,NVIDIA A100-SXM4-40GB,51.15,4.0,30772.0,
4671.559726739,1777949231.840407,NVIDIA A100-SXM4-40GB,51.47,4.0,30772.0,
4671.786590125,1777949232.06727,NVIDIA A100-SXM4-40GB,51.15,4.0,30772.0,
4672.013247233,1777949232.2939274,NVIDIA A100-SXM4-40GB,51.2,3.0,30772.0,
4672.240255895,1777949232.5209363,NVIDIA A100-SXM4-40GB,51.2,4.0,30772.0,
4672.466835895,1777949232.747516,NVIDIA A100-SXM4-40GB,51.47,4.0,30772.0,
4672.694257839,1777949232.9749384,NVIDIA A100-SXM4-40GB,51.47,4.0,30772.0,
4672.921457259,1777949233.2021377,NVIDIA A100-SXM4-40GB,51.47,4.0,30772.0,
4673.149205329,1777949233.4298851,NVIDIA A100-SXM4-40GB,51.42,4.0,30772.0,
4673.375554367,1777949233.6562343,NVIDIA A100-SXM4-40GB,51.15,4.0,30772.0,
4673.602158102,1777949233.8828382,NVIDIA A100-SXM4-40GB,51.15,4.0,30772.0,
4673.829060224,1777949234.1097403,NVIDIA A100-SXM4-40GB,51.47,3.0,30772.0,
4674.056343546,1777949234.3370235,NVIDIA A100-SXM4-40GB,51.47,4.0,30772.0,
4674.283449268,1777949234.5641294,NVIDIA A100-SXM4-40GB,51.47,4.0,30772.0,
4674.511379832,1777949234.7920597,NVIDIA A100-SXM4-40GB,51.42,4.0,30772.0,
4674.73818748,1777949235.0188675,NVIDIA A100-SXM4-40GB,51.47,4.0,30772.0,
4674.965504838,1777949235.2461855,NVIDIA A100-SXM4-40GB,51.47,4.0,30772.0,
4675.1920554,1777949235.4727352,NVIDIA A100-SXM4-40GB,51.42,4.0,30772.0,
4675.419064592,1777949235.6997445,NVIDIA A100-SXM4-40GB,51.42,4.0,30772.0,
4675.646182387,1777949235.9268622,NVIDIA A100-SXM4-40GB,51.69,4.0,30772.0,
4675.873269766,1777949236.15395,NVIDIA A100-SXM4-40GB,51.2,4.0,30772.0,
4676.100623995,1777949236.3813043,NVIDIA A100-SXM4-40GB,51.47,4.0,30772.0,
4676.327587248,1777949236.6082675,NVIDIA A100-SXM4-40GB,51.2,4.0,30772.0,
4676.554297363,1777949236.8349774,NVIDIA A100-SXM4-40GB,51.42,4.0,30772.0,
4676.782428733,1777949237.063109,NVIDIA A100-SXM4-40GB,51.2,4.0,30772.0,
4677.010783583,1777949237.2914636,NVIDIA A100-SXM4-40GB,50.88,3.0,30772.0,
4677.237799793,1777949237.5184796,NVIDIA A100-SXM4-40GB,51.2,3.0,30772.0,
4677.464600349,1777949237.7452803,NVIDIA A100-SXM4-40GB,51.2,3.0,30772.0,
4677.691892479,1777949237.9725723,NVIDIA A100-SXM4-40GB,51.2,3.0,30772.0,
4677.920280269,1777949238.2009602,NVIDIA A100-SXM4-40GB,51.42,3.0,30772.0,
4678.147601648,1777949238.4282818,NVIDIA A100-SXM4-40GB,51.47,3.0,30772.0,
4678.374966946,1777949238.6556475,NVIDIA A100-SXM4-40GB,51.2,3.0,30772.0,
4678.60142379,1777949238.8821042,NVIDIA A100-SXM4-40GB,51.47,3.0,30772.0,
4678.828774287,1777949239.1094546,NVIDIA A100-SXM4-40GB,51.47,4.0,30772.0,
4679.0558183,1777949239.3364985,NVIDIA A100-SXM4-40GB,51.47,4.0,30772.0,
4679.283837237,1777949239.564517,NVIDIA A100-SXM4-40GB,51.47,4.0,30772.0,
4679.512806187,1777949239.793486,NVIDIA A100-SXM4-40GB,51.15,4.0,30772.0,
4679.740648119,1777949240.0213282,NVIDIA A100-SXM4-40GB,51.2,3.0,30772.0,
4679.96757749,1777949240.2482576,NVIDIA A100-SXM4-40GB,51.74,4.0,30772.0,
4680.196446986,1777949240.4771273,NVIDIA A100-SXM4-40GB,51.2,4.0,30772.0,
4680.423579695,1777949240.7042596,NVIDIA A100-SXM4-40GB,51.47,4.0,30772.0,
4680.65070847,1777949240.9313884,NVIDIA A100-SXM4-40GB,51.47,4.0,30772.0,
4680.877715591,1777949241.1583955,NVIDIA A100-SXM4-40GB,51.47,4.0,30772.0,
4681.104725818,1777949241.3854063,NVIDIA A100-SXM4-40GB,51.47,4.0,30772.0,
4681.332439008,1777949241.613119,NVIDIA A100-SXM4-40GB,51.2,4.0,30772.0,
4681.5599178,1777949241.840598,NVIDIA A100-SXM4-40GB,51.47,4.0,30772.0,
4681.786942608,1777949242.0676227,NVIDIA A100-SXM4-40GB,51.47,4.0,30772.0,
4682.01465138,1777949242.2953312,NVIDIA A100-SXM4-40GB,51.47,4.0,30772.0,
4682.241668266,1777949242.5223486,NVIDIA A100-SXM4-40GB,51.47,4.0,30772.0,
4682.468883538,1777949242.749564,NVIDIA A100-SXM4-40GB,51.47,4.0,30772.0,
4682.695948106,1777949242.9766285,NVIDIA A100-SXM4-40GB,51.42,4.0,30772.0,
4682.923427828,1777949243.2041082,NVIDIA A100-SXM4-40GB,51.42,4.0,30772.0,
4683.150496316,1777949243.4311762,NVIDIA A100-SXM4-40GB,51.47,4.0,30772.0,
4683.377298869,1777949243.6579792,NVIDIA A100-SXM4-40GB,51.42,4.0,30772.0,
4683.606508409,1777949243.8871884,NVIDIA A100-SXM4-40GB,51.15,4.0,30772.0,
4683.833800971,1777949244.1144814,NVIDIA A100-SXM4-40GB,51.15,4.0,30772.0,
4684.06274647,1777949244.3434346,NVIDIA A100-SXM4-40GB,51.42,3.0,30772.0,
4684.290616381,1777949244.5712967,NVIDIA A100-SXM4-40GB,51.69,4.0,30772.0,
4684.518682589,1777949244.7993627,NVIDIA A100-SXM4-40GB,51.47,3.0,30772.0,
4684.746101485,1777949245.0267818,NVIDIA A100-SXM4-40GB,51.2,4.0,30772.0,
4684.974415974,1777949245.255096,NVIDIA A100-SXM4-40GB,51.2,3.0,30772.0,
4685.20131248,1777949245.481993,NVIDIA A100-SXM4-40GB,51.47,4.0,30772.0,
4685.428239188,1777949245.708919,NVIDIA A100-SXM4-40GB,51.15,4.0,30772.0,
4685.655639039,1777949245.9363198,NVIDIA A100-SXM4-40GB,51.47,4.0,30772.0,
4685.88237237,1777949246.1630523,NVIDIA A100-SXM4-40GB,51.2,3.0,30772.0,
4686.109230233,1777949246.3899102,NVIDIA A100-SXM4-40GB,51.2,3.0,30772.0,
4686.336026712,1777949246.6167068,NVIDIA A100-SXM4-40GB,51.2,3.0,30772.0,
4686.562955473,1777949246.8436358,NVIDIA A100-SXM4-40GB,51.47,3.0,30772.0,
4686.789636017,1777949247.070316,NVIDIA A100-SXM4-40GB,51.2,3.0,30772.0,
4687.018140106,1777949247.2988203,NVIDIA A100-SXM4-40GB,51.42,4.0,30772.0,
4687.246466374,1777949247.5271463,NVIDIA A100-SXM4-40GB,51.47,4.0,30772.0,
4687.473586641,1777949247.7542667,NVIDIA A100-SXM4-40GB,51.42,3.0,30772.0,
4687.700700581,1777949247.9813807,NVIDIA A100-SXM4-40GB,51.42,4.0,30772.0,
4687.928533416,1777949248.2092135,NVIDIA A100-SXM4-40GB,51.47,3.0,30772.0,
4688.155737585,1777949248.4364178,NVIDIA A100-SXM4-40GB,51.47,4.0,30772.0,
4688.383398329,1777949248.6640782,NVIDIA A100-SXM4-40GB,51.42,4.0,30772.0,
4688.610894113,1777949248.891574,NVIDIA A100-SXM4-40GB,51.47,3.0,30772.0,
4688.838609462,1777949249.1192896,NVIDIA A100-SXM4-40GB,51.15,3.0,30772.0,
4689.066833576,1777949249.347514,NVIDIA A100-SXM4-40GB,51.2,3.0,30772.0,
4689.294253082,1777949249.5749333,NVIDIA A100-SXM4-40GB,51.47,3.0,30772.0,
4689.521938664,1777949249.8026192,NVIDIA A100-SXM4-40GB,51.42,4.0,30772.0,
4689.749092495,1777949250.0297725,NVIDIA A100-SXM4-40GB,51.47,4.0,30772.0,
4689.976764174,1777949250.2574444,NVIDIA A100-SXM4-40GB,51.15,3.0,30772.0,
4690.205257864,1777949250.485938,NVIDIA A100-SXM4-40GB,51.47,3.0,30772.0,
4690.433597367,1777949250.7142773,NVIDIA A100-SXM4-40GB,51.42,4.0,30772.0,
4690.660305944,1777949250.9409862,NVIDIA A100-SXM4-40GB,51.2,4.0,30772.0,
4690.887213217,1777949251.1678934,NVIDIA A100-SXM4-40GB,51.2,3.0,30772.0,
4691.115104465,1777949251.3957846,NVIDIA A100-SXM4-40GB,51.47,3.0,30772.0,
4691.341801111,1777949251.6224813,NVIDIA A100-SXM4-40GB,51.2,3.0,30772.0,
4691.569718857,1777949251.8503988,NVIDIA A100-SXM4-40GB,51.42,3.0,30772.0,
4691.798116834,1777949252.0787969,NVIDIA A100-SXM4-40GB,51.15,4.0,30772.0,
4692.02621003,1777949252.30689,NVIDIA A100-SXM4-40GB,51.47,4.0,30772.0,
4692.253679649,1777949252.5343597,NVIDIA A100-SXM4-40GB,51.47,4.0,30772.0,
4692.480523711,1777949252.7612038,NVIDIA A100-SXM4-40GB,51.47,3.0,30772.0,
4692.708370751,1777949252.9890506,NVIDIA A100-SXM4-40GB,51.2,4.0,30772.0,
4692.936128964,1777949253.2168093,NVIDIA A100-SXM4-40GB,51.69,4.0,30772.0,
4693.16265272,1777949253.443333,NVIDIA A100-SXM4-40GB,51.42,4.0,30772.0,
4693.391354705,1777949253.6720347,NVIDIA A100-SXM4-40GB,51.42,3.0,30772.0,
4693.618617309,1777949253.8992975,NVIDIA A100-SXM4-40GB,51.42,4.0,30772.0,
4693.845790899,1777949254.1264713,NVIDIA A100-SXM4-40GB,51.47,4.0,30772.0,
4694.073492978,1777949254.3541734,NVIDIA A100-SXM4-40GB,51.47,4.0,30772.0,
4694.300769039,1777949254.581449,NVIDIA A100-SXM4-40GB,51.47,4.0,30772.0,
4694.527651468,1777949254.8083315,NVIDIA A100-SXM4-40GB,51.42,4.0,30772.0,
4694.754256392,1777949255.0349364,NVIDIA A100-SXM4-40GB,51.47,4.0,30772.0,
4694.981605624,1777949255.2622855,NVIDIA A100-SXM4-40GB,51.47,4.0,30772.0,
4695.210257827,1777949255.4909382,NVIDIA A100-SXM4-40GB,51.47,4.0,30772.0,
4695.439720023,1777949255.7203999,NVIDIA A100-SXM4-40GB,51.42,3.0,30772.0,
4695.666609426,1777949255.9472892,NVIDIA A100-SXM4-40GB,51.42,4.0,30772.0,
4695.893815364,1777949256.1744955,NVIDIA A100-SXM4-40GB,51.47,4.0,30772.0,
4696.120354867,1777949256.4010348,NVIDIA A100-SXM4-40GB,51.42,4.0,30772.0,
4696.347483712,1777949256.6281636,NVIDIA A100-SXM4-40GB,51.47,3.0,30772.0,
4696.574860857,1777949256.8555408,NVIDIA A100-SXM4-40GB,51.47,3.0,30772.0,
4696.803993717,1777949257.0846736,NVIDIA A100-SXM4-40GB,51.47,4.0,30772.0,
4697.03136873,1777949257.3120487,NVIDIA A100-SXM4-40GB,51.42,4.0,30772.0,
4697.25879619,1777949257.539476,NVIDIA A100-SXM4-40GB,51.69,3.0,30772.0,
4697.486423641,1777949257.7671034,NVIDIA A100-SXM4-40GB,51.47,4.0,30772.0,
4697.713342602,1777949257.9940228,NVIDIA A100-SXM4-40GB,51.47,3.0,30772.0,
4697.940400348,1777949258.2210803,NVIDIA A100-SXM4-40GB,51.47,4.0,30772.0,
4698.166959337,1777949258.4476392,NVIDIA A100-SXM4-40GB,51.47,4.0,30772.0,
4698.394648325,1777949258.6753283,NVIDIA A100-SXM4-40GB,51.47,4.0,30772.0,
4698.62255002,1777949258.9032302,NVIDIA A100-SXM4-40GB,51.42,3.0,30772.0,
4698.849773173,1777949259.1304536,NVIDIA A100-SXM4-40GB,51.42,3.0,30772.0,
4699.077170542,1777949259.3578506,NVIDIA A100-SXM4-40GB,51.47,3.0,30772.0,
4699.304756927,1777949259.5854368,NVIDIA A100-SXM4-40GB,51.47,4.0,30772.0,
4699.533761637,1777949259.8144414,NVIDIA A100-SXM4-40GB,51.47,4.0,30772.0,
4699.761404639,1777949260.042085,NVIDIA A100-SXM4-40GB,51.47,4.0,30772.0,
4699.988824632,1777949260.2695045,NVIDIA A100-SXM4-40GB,51.47,4.0,30772.0,
4700.217300433,1777949260.4979806,NVIDIA A100-SXM4-40GB,51.47,3.0,30772.0,
4700.444512374,1777949260.7251925,NVIDIA A100-SXM4-40GB,51.47,3.0,30772.0,
4700.672970553,1777949260.953651,NVIDIA A100-SXM4-40GB,51.47,3.0,30772.0,
4700.902285511,1777949261.1829655,NVIDIA A100-SXM4-40GB,51.47,3.0,30772.0,
4701.129670969,1777949261.410351,NVIDIA A100-SXM4-40GB,51.47,4.0,30772.0,
4701.356348139,1777949261.6370285,NVIDIA A100-SXM4-40GB,51.47,3.0,30772.0,
4701.584799596,1777949261.86548,NVIDIA A100-SXM4-40GB,51.47,3.0,30772.0,
4701.811462445,1777949262.0921423,NVIDIA A100-SXM4-40GB,51.47,3.0,30772.0,
4702.039899166,1777949262.3205793,NVIDIA A100-SXM4-40GB,51.47,3.0,30772.0,
4702.268721825,1777949262.5494018,NVIDIA A100-SXM4-40GB,51.47,4.0,30772.0,
4702.495983527,1777949262.7766635,NVIDIA A100-SXM4-40GB,51.47,4.0,30772.0,
4702.723957002,1777949263.004637,NVIDIA A100-SXM4-40GB,51.47,3.0,30772.0,
4702.952824819,1777949263.2335048,NVIDIA A100-SXM4-40GB,51.42,4.0,30772.0,
4703.180013579,1777949263.4606938,NVIDIA A100-SXM4-40GB,51.47,4.0,30772.0,
4703.406776481,1777949263.6874566,NVIDIA A100-SXM4-40GB,51.47,4.0,30772.0,
4703.634112942,1777949263.9147928,NVIDIA A100-SXM4-40GB,51.47,3.0,30772.0,
4703.860705844,1777949264.1413863,NVIDIA A100-SXM4-40GB,51.47,3.0,30772.0,
4704.088285869,1777949264.3689659,NVIDIA A100-SXM4-40GB,51.42,3.0,30772.0,
4704.315603811,1777949264.5962842,NVIDIA A100-SXM4-40GB,51.47,4.0,30772.0,
4704.544248116,1777949264.824928,NVIDIA A100-SXM4-40GB,51.47,3.0,30772.0,
4704.770894387,1777949265.0515742,NVIDIA A100-SXM4-40GB,51.2,4.0,30772.0,
4704.998021823,1777949265.278702,NVIDIA A100-SXM4-40GB,51.69,4.0,30772.0,
4705.226132458,1777949265.5068126,NVIDIA A100-SXM4-40GB,51.47,4.0,30772.0,
4705.45261367,1777949265.7332938,NVIDIA A100-SXM4-40GB,51.47,4.0,30772.0,
4705.679564252,1777949265.9602442,NVIDIA A100-SXM4-40GB,51.42,4.0,30772.0,
4705.906653535,1777949266.1873336,NVIDIA A100-SXM4-40GB,51.47,3.0,30772.0,
4706.13361613,1777949266.4142964,NVIDIA A100-SXM4-40GB,51.47,3.0,30772.0,
4706.360935988,1777949266.6416159,NVIDIA A100-SXM4-40GB,51.42,4.0,30772.0,
4706.588844954,1777949266.869525,NVIDIA A100-SXM4-40GB,51.42,4.0,30772.0,
4706.816346946,1777949267.0970268,NVIDIA A100-SXM4-40GB,51.47,4.0,30772.0,
4707.043932677,1777949267.3246126,NVIDIA A100-SXM4-40GB,51.47,4.0,30772.0,
4707.271265693,1777949267.551946,NVIDIA A100-SXM4-40GB,51.47,4.0,30772.0,
4707.497721282,1777949267.7784016,NVIDIA A100-SXM4-40GB,51.47,4.0,30772.0,
4707.724093244,1777949268.0047736,NVIDIA A100-SXM4-40GB,51.47,4.0,30772.0,
4707.951033769,1777949268.2317138,NVIDIA A100-SXM4-40GB,51.47,4.0,30772.0,
4708.178236021,1777949268.458916,NVIDIA A100-SXM4-40GB,51.47,4.0,30772.0,
4708.404976017,1777949268.6856558,NVIDIA A100-SXM4-40GB,51.47,4.0,30772.0,
4708.631866435,1777949268.9125469,NVIDIA A100-SXM4-40GB,51.47,4.0,30772.0,
4708.858910814,1777949269.139591,NVIDIA A100-SXM4-40GB,51.42,4.0,30772.0,
4709.086380327,1777949269.3670604,NVIDIA A100-SXM4-40GB,51.2,4.0,30772.0,
4709.313578775,1777949269.594259,NVIDIA A100-SXM4-40GB,51.2,3.0,30772.0,
4709.540528644,1777949269.8212085,NVIDIA A100-SXM4-40GB,51.15,3.0,30772.0,
4709.768215448,1777949270.0488958,NVIDIA A100-SXM4-40GB,51.15,4.0,30772.0,
4709.995616599,1777949270.2762964,NVIDIA A100-SXM4-40GB,51.2,3.0,30772.0,
4710.222471676,1777949270.5031517,NVIDIA A100-SXM4-40GB,51.2,3.0,30772.0,
4710.450224468,1777949270.7309048,NVIDIA A100-SXM4-40GB,51.2,3.0,30772.0,
4710.677446745,1777949270.9581265,NVIDIA A100-SXM4-40GB,51.15,3.0,30772.0,
4710.904587242,1777949271.1852674,NVIDIA A100-SXM4-40GB,51.2,3.0,30772.0,
4711.132275623,1777949271.412956,NVIDIA A100-SXM4-40GB,51.47,3.0,30772.0,
4711.359087725,1777949271.6397676,NVIDIA A100-SXM4-40GB,51.15,3.0,30772.0,
4711.585781226,1777949271.8664615,NVIDIA A100-SXM4-40GB,51.2,4.0,30772.0,
4711.81203266,1777949272.0927124,NVIDIA A100-SXM4-40GB,51.15,4.0,30772.0,
4712.039924499,1777949272.3206046,NVIDIA A100-SXM4-40GB,51.15,4.0,30772.0,
4712.26925322,1777949272.5499332,NVIDIA A100-SXM4-40GB,51.2,3.0,30772.0,
4712.495918227,1777949272.776598,NVIDIA A100-SXM4-40GB,51.2,4.0,30772.0,
4712.722904219,1777949273.0035846,NVIDIA A100-SXM4-40GB,51.2,3.0,30772.0,
4712.95091636,1777949273.2315965,NVIDIA A100-SXM4-40GB,51.15,4.0,30772.0,
4713.177252076,1777949273.457932,NVIDIA A100-SXM4-40GB,51.2,3.0,30772.0,
4713.403943827,1777949273.6846242,NVIDIA A100-SXM4-40GB,51.2,3.0,30772.0,
4713.630802897,1777949273.911483,NVIDIA A100-SXM4-40GB,51.2,3.0,30772.0,
4713.85834044,1777949274.1390202,NVIDIA A100-SXM4-40GB,51.2,3.0,30772.0,
4714.085749468,1777949274.3664293,NVIDIA A100-SXM4-40GB,51.2,3.0,30772.0,
4714.31422121,1777949274.5949016,NVIDIA A100-SXM4-40GB,51.15,3.0,30772.0,
4714.540902771,1777949274.8215826,NVIDIA A100-SXM4-40GB,51.2,4.0,30772.0,
4714.767342585,1777949275.0480225,NVIDIA A100-SXM4-40GB,51.2,3.0,30772.0,
4714.994967067,1777949275.275647,NVIDIA A100-SXM4-40GB,51.2,3.0,30772.0,
4715.223103183,1777949275.5037835,NVIDIA A100-SXM4-40GB,51.2,3.0,30772.0,
4715.449735128,1777949275.730415,NVIDIA A100-SXM4-40GB,51.2,3.0,30772.0,
4715.676754443,1777949275.9574344,NVIDIA A100-SXM4-40GB,51.2,3.0,30772.0,
4715.903462379,1777949276.1841424,NVIDIA A100-SXM4-40GB,51.2,3.0,30772.0,
4716.13031456,1777949276.4109945,NVIDIA A100-SXM4-40GB,51.2,3.0,30772.0,
4716.357423277,1777949276.6381035,NVIDIA A100-SXM4-40GB,51.47,3.0,30772.0,
4716.585593834,1777949276.8662739,NVIDIA A100-SXM4-40GB,51.15,3.0,30772.0,
4716.812671176,1777949277.0933511,NVIDIA A100-SXM4-40GB,51.2,3.0,30772.0,
4717.03973038,1777949277.3204103,NVIDIA A100-SXM4-40GB,51.15,3.0,30772.0,
4717.267502025,1777949277.548182,NVIDIA A100-SXM4-40GB,51.2,4.0,30772.0,
4717.494687714,1777949277.7753677,NVIDIA A100-SXM4-40GB,51.2,4.0,30772.0,
4717.721433546,1777949278.0021136,NVIDIA A100-SXM4-40GB,51.15,4.0,30772.0,
4717.948732708,1777949278.2294128,NVIDIA A100-SXM4-40GB,51.2,3.0,30772.0,
4718.176331653,1777949278.4570117,NVIDIA A100-SXM4-40GB,51.15,4.0,30772.0,
4718.40366746,1777949278.6843474,NVIDIA A100-SXM4-40GB,51.15,4.0,30772.0,
4718.630236018,1777949278.910916,NVIDIA A100-SXM4-40GB,51.2,4.0,30772.0,
4718.857417145,1777949279.1380975,NVIDIA A100-SXM4-40GB,51.2,4.0,30772.0,
4719.084824179,1777949279.365504,NVIDIA A100-SXM4-40GB,51.2,4.0,30772.0,
4719.31168707,1777949279.5923672,NVIDIA A100-SXM4-40GB,51.47,4.0,30772.0,
4719.538872375,1777949279.8195524,NVIDIA A100-SXM4-40GB,51.2,4.0,30772.0,
4719.765825363,1777949280.0465055,NVIDIA A100-SXM4-40GB,51.2,4.0,30772.0,
4719.9935751,1777949280.2742553,NVIDIA A100-SXM4-40GB,51.2,4.0,30772.0,
4720.220942942,1777949280.5016232,NVIDIA A100-SXM4-40GB,51.47,4.0,30772.0,
4720.447471122,1777949280.728151,NVIDIA A100-SXM4-40GB,51.2,4.0,30772.0,
4720.67482984,1777949280.9555097,NVIDIA A100-SXM4-40GB,51.42,4.0,30772.0,
4720.903057563,1777949281.1837375,NVIDIA A100-SXM4-40GB,51.2,4.0,30772.0,
4721.129717095,1777949281.4103973,NVIDIA A100-SXM4-40GB,51.42,3.0,30772.0,
4721.357330684,1777949281.6380107,NVIDIA A100-SXM4-40GB,51.15,3.0,30772.0,
4721.584280222,1777949281.8649604,NVIDIA A100-SXM4-40GB,51.47,3.0,30772.0,
4721.811759462,1777949282.0924397,NVIDIA A100-SXM4-40GB,51.2,3.0,30772.0,
4722.039359086,1777949282.3200395,NVIDIA A100-SXM4-40GB,51.15,4.0,30772.0,
4722.266290186,1777949282.5469704,NVIDIA A100-SXM4-40GB,51.47,3.0,30772.0,
4722.493237919,1777949282.773918,NVIDIA A100-SXM4-40GB,51.15,4.0,30772.0,
4722.719708116,1777949283.0003884,NVIDIA A100-SXM4-40GB,51.2,4.0,30772.0,
4722.948100612,1777949283.2287805,NVIDIA A100-SXM4-40GB,51.2,4.0,30772.0,
4723.176095832,1777949283.4567757,NVIDIA A100-SXM4-40GB,51.2,3.0,30772.0,
4723.403080102,1777949283.6837602,NVIDIA A100-SXM4-40GB,51.15,4.0,30772.0,
4723.629535688,1777949283.9102156,NVIDIA A100-SXM4-40GB,51.47,3.0,30772.0,
4723.856658186,1777949284.1373384,NVIDIA A100-SXM4-40GB,51.2,3.0,30772.0,
4724.084774423,1777949284.3654547,NVIDIA A100-SXM4-40GB,51.2,3.0,30772.0,
4724.31176887,1777949284.592449,NVIDIA A100-SXM4-40GB,51.2,3.0,30772.0,
4724.538342801,1777949284.8190234,NVIDIA A100-SXM4-40GB,51.2,3.0,30772.0,
4724.765054023,1777949285.0457342,NVIDIA A100-SXM4-40GB,51.2,4.0,30772.0,
4724.995804661,1777949285.2764845,NVIDIA A100-SXM4-40GB,51.2,3.0,30772.0,
4725.222966532,1777949285.5036464,NVIDIA A100-SXM4-40GB,51.2,3.0,30772.0,
4725.450194208,1777949285.7308745,NVIDIA A100-SXM4-40GB,51.2,3.0,30772.0,
4725.677044376,1777949285.9577243,NVIDIA A100-SXM4-40GB,51.47,4.0,30772.0,
4725.903907292,1777949286.1845875,NVIDIA A100-SXM4-40GB,51.2,4.0,30772.0,
4726.131787685,1777949286.4124677,NVIDIA A100-SXM4-40GB,51.2,3.0,30772.0,
4726.36097331,1777949286.6416533,NVIDIA A100-SXM4-40GB,51.15,4.0,30772.0,
4726.587801284,1777949286.8684814,NVIDIA A100-SXM4-40GB,51.2,3.0,30772.0,
4726.814876632,1777949287.0955565,NVIDIA A100-SXM4-40GB,51.42,3.0,30772.0,
4727.043517956,1777949287.3241978,NVIDIA A100-SXM4-40GB,51.2,3.0,30772.0,
4727.270070298,1777949287.5507507,NVIDIA A100-SXM4-40GB,51.15,3.0,30772.0,
4727.496828433,1777949287.7775083,NVIDIA A100-SXM4-40GB,51.15,3.0,30772.0,
4727.723697708,1777949288.0043776,NVIDIA A100-SXM4-40GB,51.2,3.0,30772.0,
4727.950776859,1777949288.231457,NVIDIA A100-SXM4-40GB,51.2,3.0,30772.0,
4728.177891564,1777949288.4585714,NVIDIA A100-SXM4-40GB,51.47,3.0,30772.0,
4728.40440854,1777949288.6850884,NVIDIA A100-SXM4-40GB,51.47,4.0,30772.0,
4728.633268306,1777949288.9139483,NVIDIA A100-SXM4-40GB,51.47,4.0,30772.0,
4728.859964947,1777949289.1406453,NVIDIA A100-SXM4-40GB,51.2,4.0,30772.0,
4729.087416315,1777949289.3680966,NVIDIA A100-SXM4-40GB,51.42,4.0,30772.0,
4729.315159225,1777949289.5958393,NVIDIA A100-SXM4-40GB,51.2,4.0,30772.0,
4729.542072301,1777949289.8227522,NVIDIA A100-SXM4-40GB,51.42,4.0,30772.0,
4729.76869177,1777949290.049372,NVIDIA A100-SXM4-40GB,51.47,4.0,30772.0,
4729.99553069,1777949290.276211,NVIDIA A100-SXM4-40GB,51.2,4.0,30772.0,
4730.222710212,1777949290.5033906,NVIDIA A100-SXM4-40GB,51.2,3.0,30772.0,
4730.449742205,1777949290.730422,NVIDIA A100-SXM4-40GB,51.2,3.0,30772.0,
4730.676478388,1777949290.957158,NVIDIA A100-SXM4-40GB,51.2,4.0,30772.0,
4730.905313636,1777949291.1859934,NVIDIA A100-SXM4-40GB,51.47,4.0,30772.0,
4731.132027679,1777949291.412708,NVIDIA A100-SXM4-40GB,51.2,4.0,30772.0,
4731.359123434,1777949291.6398036,NVIDIA A100-SXM4-40GB,51.47,4.0,30772.0,
4731.586072238,1777949291.8667526,NVIDIA A100-SXM4-40GB,51.2,4.0,30772.0,
4731.813554889,1777949292.0942352,NVIDIA A100-SXM4-40GB,51.15,4.0,30772.0,
4732.040351328,1777949292.321031,NVIDIA A100-SXM4-40GB,51.42,4.0,30772.0,
4732.267138483,1777949292.5478187,NVIDIA A100-SXM4-40GB,51.2,3.0,30772.0,
4732.494617549,1777949292.7752979,NVIDIA A100-SXM4-40GB,51.47,3.0,30772.0,
4732.721014872,1777949293.001695,NVIDIA A100-SXM4-40GB,51.47,4.0,30772.0,
4732.948147273,1777949293.2288275,NVIDIA A100-SXM4-40GB,51.47,3.0,30772.0,
4733.175275484,1777949293.4559557,NVIDIA A100-SXM4-40GB,51.15,3.0,30772.0,
4733.402631235,1777949293.6833115,NVIDIA A100-SXM4-40GB,51.47,3.0,30772.0,
4733.629499858,1777949293.9101799,NVIDIA A100-SXM4-40GB,51.15,4.0,30772.0,
4733.856659357,1777949294.1373394,NVIDIA A100-SXM4-40GB,51.2,3.0,30772.0,
4734.084365957,1777949294.3650465,NVIDIA A100-SXM4-40GB,51.2,4.0,30772.0,
4734.31312987,1777949294.5938098,NVIDIA A100-SXM4-40GB,51.2,4.0,30772.0,
4734.540079548,1777949294.8207595,NVIDIA A100-SXM4-40GB,51.47,4.0,30772.0,
4734.766985098,1777949295.047665,NVIDIA A100-SXM4-40GB,51.2,3.0,30772.0,
4734.994102385,1777949295.2747827,NVIDIA A100-SXM4-40GB,51.2,3.0,30772.0,
4735.221971452,1777949295.5026515,NVIDIA A100-SXM4-40GB,51.47,3.0,30772.0,
4735.45074954,1777949295.7314298,NVIDIA A100-SXM4-40GB,51.2,3.0,30772.0,
4735.679434324,1777949295.9601145,NVIDIA A100-SXM4-40GB,51.2,3.0,30772.0,
4735.905595956,1777949296.1862764,NVIDIA A100-SXM4-40GB,51.2,4.0,30772.0,
4736.134962289,1777949296.4156423,NVIDIA A100-SXM4-40GB,51.2,3.0,30772.0,
4736.362616881,1777949296.643297,NVIDIA A100-SXM4-40GB,51.47,3.0,30772.0,
4736.591388288,1777949296.8720686,NVIDIA A100-SXM4-40GB,51.47,3.0,30772.0,
4736.819205505,1777949297.0998855,NVIDIA A100-SXM4-40GB,51.2,3.0,30772.0,
4737.047231997,1777949297.327912,NVIDIA A100-SXM4-40GB,51.2,3.0,30772.0,
4737.275865612,1777949297.5565457,NVIDIA A100-SXM4-40GB,51.15,4.0,30772.0,
4737.502953403,1777949297.7836337,NVIDIA A100-SXM4-40GB,51.2,3.0,30772.0,
4737.73001026,1777949298.0106902,NVIDIA A100-SXM4-40GB,51.47,4.0,30772.0,
4737.956538169,1777949298.2372181,NVIDIA A100-SXM4-40GB,51.2,4.0,30772.0,
4738.183603106,1777949298.4642832,NVIDIA A100-SXM4-40GB,51.2,4.0,30772.0,
4738.410530288,1777949298.6912105,NVIDIA A100-SXM4-40GB,51.2,3.0,30772.0,
4738.63664188,1777949298.9173222,NVIDIA A100-SXM4-40GB,51.2,3.0,30772.0,
4738.86316773,1777949299.143848,NVIDIA A100-SXM4-40GB,51.2,3.0,30772.0,
4739.090783906,1777949299.3714643,NVIDIA A100-SXM4-40GB,51.15,3.0,30772.0,
4739.316770607,1777949299.5974507,NVIDIA A100-SXM4-40GB,51.2,3.0,30772.0,
4739.54367933,1777949299.8243594,NVIDIA A100-SXM4-40GB,51.47,4.0,30772.0,
4739.77049085,1777949300.0511708,NVIDIA A100-SXM4-40GB,51.47,4.0,30772.0,
4739.998397575,1777949300.2790775,NVIDIA A100-SXM4-40GB,51.47,4.0,30772.0,
4740.226425272,1777949300.5071054,NVIDIA A100-SXM4-40GB,51.47,4.0,30772.0,
4740.453039611,1777949300.7337198,NVIDIA A100-SXM4-40GB,51.2,4.0,30772.0,
4740.679425558,1777949300.9601057,NVIDIA A100-SXM4-40GB,51.42,3.0,30772.0,
4740.908373255,1777949301.1890533,NVIDIA A100-SXM4-40GB,51.47,4.0,30772.0,
4741.135512359,1777949301.4161925,NVIDIA A100-SXM4-40GB,51.2,4.0,30772.0,
4741.362933017,1777949301.6436133,NVIDIA A100-SXM4-40GB,51.47,4.0,30772.0,
4741.589887641,1777949301.8705678,NVIDIA A100-SXM4-40GB,51.47,4.0,30772.0,
4741.816435464,1777949302.0971158,NVIDIA A100-SXM4-40GB,51.2,4.0,30772.0,
4742.043674812,1777949302.324355,NVIDIA A100-SXM4-40GB,51.2,4.0,30772.0,
4742.270179666,1777949302.5508595,NVIDIA A100-SXM4-40GB,51.15,4.0,30772.0,
4742.49685278,1777949302.7775326,NVIDIA A100-SXM4-40GB,51.47,3.0,30772.0,
4742.723052386,1777949303.0037327,NVIDIA A100-SXM4-40GB,51.2,3.0,30772.0,
4742.951862424,1777949303.232543,NVIDIA A100-SXM4-40GB,51.47,4.0,30772.0,
4743.179375765,1777949303.460056,NVIDIA A100-SXM4-40GB,51.47,4.0,30772.0,
4743.40619642,1777949303.6868768,NVIDIA A100-SXM4-40GB,51.2,4.0,30772.0,
4743.633817292,1777949303.9144974,NVIDIA A100-SXM4-40GB,51.47,4.0,30772.0,
4743.86287605,1777949304.1435564,NVIDIA A100-SXM4-40GB,51.47,4.0,30772.0,
4744.090480042,1777949304.3711603,NVIDIA A100-SXM4-40GB,51.2,4.0,30772.0,
4744.320933215,1777949304.6016133,NVIDIA A100-SXM4-40GB,51.42,4.0,30772.0,
4744.547987611,1777949304.8286679,NVIDIA A100-SXM4-40GB,51.2,4.0,30772.0,
4744.774660147,1777949305.0553405,NVIDIA A100-SXM4-40GB,51.2,4.0,30772.0,
4745.003146456,1777949305.2838266,NVIDIA A100-SXM4-40GB,51.47,4.0,30772.0,
4745.23171544,1777949305.5123954,NVIDIA A100-SXM4-40GB,51.47,4.0,30772.0,
4745.458553899,1777949305.7392337,NVIDIA A100-SXM4-40GB,51.42,4.0,30772.0,
4745.686202744,1777949305.9668832,NVIDIA A100-SXM4-40GB,51.2,3.0,30772.0,
4745.912703084,1777949306.1933832,NVIDIA A100-SXM4-40GB,51.47,4.0,30772.0,
4746.139661782,1777949306.4203417,NVIDIA A100-SXM4-40GB,51.47,4.0,30772.0,
4746.366802137,1777949306.6474822,NVIDIA A100-SXM4-40GB,51.47,4.0,30772.0,
4746.593578807,1777949306.8742588,NVIDIA A100-SXM4-40GB,51.2,4.0,30772.0,
4746.820246789,1777949307.1009266,NVIDIA A100-SXM4-40GB,51.47,4.0,30772.0,
4747.046573515,1777949307.3272538,NVIDIA A100-SXM4-40GB,51.2,4.0,30772.0,
4747.275058936,1777949307.5557394,NVIDIA A100-SXM4-40GB,51.47,3.0,30772.0,
4747.503455988,1777949307.7841363,NVIDIA A100-SXM4-40GB,51.47,3.0,30772.0,
4747.730606292,1777949308.0112865,NVIDIA A100-SXM4-40GB,51.47,4.0,30772.0,
4747.958354148,1777949308.2390347,NVIDIA A100-SXM4-40GB,51.15,3.0,30772.0,
4748.185665999,1777949308.4663463,NVIDIA A100-SXM4-40GB,51.2,3.0,30772.0,
4748.412736321,1777949308.6934166,NVIDIA A100-SXM4-40GB,51.47,3.0,30772.0,
4748.640628477,1777949308.9213085,NVIDIA A100-SXM4-40GB,51.42,3.0,30772.0,
4748.867335672,1777949309.1480155,NVIDIA A100-SXM4-40GB,51.47,4.0,30772.0,
4749.094616977,1777949309.3752973,NVIDIA A100-SXM4-40GB,51.2,4.0,30772.0,
4749.322094818,1777949309.602775,NVIDIA A100-SXM4-40GB,51.2,4.0,30772.0,
4749.549456216,1777949309.830136,NVIDIA A100-SXM4-40GB,51.2,3.0,30772.0,
4749.777933952,1777949310.058614,NVIDIA A100-SXM4-40GB,51.42,4.0,30772.0,
4750.00548949,1777949310.2861695,NVIDIA A100-SXM4-40GB,51.47,4.0,30772.0,
4750.233508561,1777949310.5141885,NVIDIA A100-SXM4-40GB,51.47,4.0,30772.0,
4750.460408657,1777949310.741089,NVIDIA A100-SXM4-40GB,51.47,4.0,30772.0,
4750.687709326,1777949310.9683893,NVIDIA A100-SXM4-40GB,51.42,4.0,30772.0,
4750.915246306,1777949311.1959264,NVIDIA A100-SXM4-40GB,51.47,4.0,30772.0,
4751.142204784,1777949311.422885,NVIDIA A100-SXM4-40GB,51.47,4.0,30772.0,
4751.369233523,1777949311.6499138,NVIDIA A100-SXM4-40GB,51.2,4.0,30772.0,
4751.596750196,1777949311.8774302,NVIDIA A100-SXM4-40GB,51.42,4.0,30772.0,
4751.823878063,1777949312.1045582,NVIDIA A100-SXM4-40GB,51.42,4.0,30772.0,
4752.050285609,1777949312.3309655,NVIDIA A100-SXM4-40GB,51.42,3.0,30772.0,
4752.27728796,1777949312.557968,NVIDIA A100-SXM4-40GB,51.47,4.0,30772.0,
4752.50373817,1777949312.7844186,NVIDIA A100-SXM4-40GB,51.47,4.0,30772.0,
4752.730488808,1777949313.0111692,NVIDIA A100-SXM4-40GB,51.47,3.0,30772.0,
4752.958845328,1777949313.2395258,NVIDIA A100-SXM4-40GB,51.2,4.0,30772.0,
4753.186694603,1777949313.4673748,NVIDIA A100-SXM4-40GB,51.47,4.0,30772.0,
4753.414358474,1777949313.6950388,NVIDIA A100-SXM4-40GB,51.47,4.0,30772.0,
4753.641359119,1777949313.922039,NVIDIA A100-SXM4-40GB,51.42,4.0,30772.0,
4753.868761106,1777949314.149441,NVIDIA A100-SXM4-40GB,51.47,4.0,30772.0,
4754.095910717,1777949314.3765912,NVIDIA A100-SXM4-40GB,51.42,4.0,30772.0,
4754.322378929,1777949314.6030595,NVIDIA A100-SXM4-40GB,51.47,4.0,30772.0,
4754.549556655,1777949314.8302364,NVIDIA A100-SXM4-40GB,51.42,4.0,30772.0,
4754.776607642,1777949315.057288,NVIDIA A100-SXM4-40GB,51.2,4.0,30772.0,
4755.004626218,1777949315.2853062,NVIDIA A100-SXM4-40GB,51.42,4.0,30772.0,
4755.231463569,1777949315.5121434,NVIDIA A100-SXM4-40GB,51.47,4.0,30772.0,
4755.459499047,1777949315.7401793,NVIDIA A100-SXM4-40GB,51.47,4.0,30772.0,
4755.686664699,1777949315.9673445,NVIDIA A100-SXM4-40GB,51.42,4.0,30772.0,
4755.914228879,1777949316.1949089,NVIDIA A100-SXM4-40GB,51.47,4.0,30772.0,
4756.142824286,1777949316.4235046,NVIDIA A100-SXM4-40GB,51.47,4.0,30772.0,
4756.36937357,1777949316.6500537,NVIDIA A100-SXM4-40GB,51.47,4.0,30772.0,
4756.596270495,1777949316.8769507,NVIDIA A100-SXM4-40GB,51.42,4.0,30772.0,
4756.823137071,1777949317.1038175,NVIDIA A100-SXM4-40GB,51.42,4.0,30772.0,
4757.049719069,1777949317.3303993,NVIDIA A100-SXM4-40GB,51.47,4.0,30772.0,
4757.277581562,1777949317.5582619,NVIDIA A100-SXM4-40GB,51.47,3.0,30772.0,
4757.50451454,1777949317.7851942,NVIDIA A100-SXM4-40GB,51.47,4.0,30772.0,
4757.732078465,1777949318.0127585,NVIDIA A100-SXM4-40GB,51.47,4.0,30772.0,
4757.960187601,1777949318.2408676,NVIDIA A100-SXM4-40GB,51.47,4.0,30772.0,
4758.186890782,1777949318.467571,NVIDIA A100-SXM4-40GB,51.47,3.0,30772.0,
4758.415018847,1777949318.695699,NVIDIA A100-SXM4-40GB,51.42,4.0,30772.0,
4758.642381048,1777949318.9230616,NVIDIA A100-SXM4-40GB,51.47,4.0,30772.0,
4758.871295836,1777949319.1519759,NVIDIA A100-SXM4-40GB,51.47,3.0,30772.0,
4759.098491664,1777949319.3791718,NVIDIA A100-SXM4-40GB,51.47,3.0,30772.0,
4759.325375509,1777949319.6060555,NVIDIA A100-SXM4-40GB,51.42,3.0,30772.0,
4759.552102069,1777949319.832782,NVIDIA A100-SXM4-40GB,51.47,3.0,30772.0,
4759.780052599,1777949320.0607326,NVIDIA A100-SXM4-40GB,51.2,3.0,30772.0,
4760.006830907,1777949320.2875113,NVIDIA A100-SXM4-40GB,51.47,3.0,30772.0,
4760.233674964,1777949320.5143552,NVIDIA A100-SXM4-40GB,51.15,3.0,30772.0,
4760.460855695,1777949320.7415357,NVIDIA A100-SXM4-40GB,51.47,4.0,30772.0,
4760.687371064,1777949320.968051,NVIDIA A100-SXM4-40GB,51.42,3.0,30772.0,
4760.914022779,1777949321.194703,NVIDIA A100-SXM4-40GB,51.2,3.0,30772.0,
4761.141076325,1777949321.4217565,NVIDIA A100-SXM4-40GB,51.47,4.0,30772.0,
4761.368277812,1777949321.6489577,NVIDIA A100-SXM4-40GB,51.42,4.0,30772.0,
4761.594921329,1777949321.875601,NVIDIA A100-SXM4-40GB,51.69,3.0,30772.0,
4761.821361095,1777949322.1020412,NVIDIA A100-SXM4-40GB,51.47,4.0,30772.0,
4762.048681003,1777949322.3293614,NVIDIA A100-SXM4-40GB,51.42,3.0,30772.0,
4762.276664838,1777949322.5573447,NVIDIA A100-SXM4-40GB,51.47,4.0,30772.0,
4762.503482069,1777949322.784162,NVIDIA A100-SXM4-40GB,51.42,4.0,30772.0,
4762.730705908,1777949323.0113862,NVIDIA A100-SXM4-40GB,51.42,4.0,30772.0,
4762.958970456,1777949323.2396505,NVIDIA A100-SXM4-40GB,51.47,3.0,30772.0,
4763.18664009,1777949323.46732,NVIDIA A100-SXM4-40GB,51.42,3.0,30772.0,
4763.413787139,1777949323.6944673,NVIDIA A100-SXM4-40GB,51.47,4.0,30772.0,
4763.641038246,1777949323.9217186,NVIDIA A100-SXM4-40GB,51.47,4.0,30772.0,
4763.868724654,1777949324.149405,NVIDIA A100-SXM4-40GB,51.42,4.0,30772.0,
4764.095868453,1777949324.3765485,NVIDIA A100-SXM4-40GB,51.47,4.0,30772.0,
4764.322256926,1777949324.6029367,NVIDIA A100-SXM4-40GB,51.42,4.0,30772.0,
4764.551720044,1777949324.8324,NVIDIA A100-SXM4-40GB,51.47,4.0,30772.0,
4764.781634914,1777949325.062315,NVIDIA A100-SXM4-40GB,51.47,4.0,30772.0,
4765.009684897,1777949325.290365,NVIDIA A100-SXM4-40GB,51.42,4.0,30772.0,
4765.236579488,1777949325.5172598,NVIDIA A100-SXM4-40GB,51.47,4.0,30772.0,
4765.464160406,1777949325.7448401,NVIDIA A100-SXM4-40GB,51.2,3.0,30772.0,
4765.691475516,1777949325.9721556,NVIDIA A100-SXM4-40GB,51.47,4.0,30772.0,
4765.918942992,1777949326.199623,NVIDIA A100-SXM4-40GB,51.47,4.0,30772.0,
4766.148788424,1777949326.4294686,NVIDIA A100-SXM4-40GB,51.47,4.0,30772.0,
4766.375812246,1777949326.6564925,NVIDIA A100-SXM4-40GB,51.47,4.0,30772.0,
4766.602763909,1777949326.883444,NVIDIA A100-SXM4-40GB,51.2,4.0,30772.0,
4766.829680193,1777949327.1103604,NVIDIA A100-SXM4-40GB,51.47,4.0,30772.0,
4767.057590925,1777949327.3382711,NVIDIA A100-SXM4-40GB,51.47,3.0,30772.0,
4767.284025457,1777949327.564706,NVIDIA A100-SXM4-40GB,51.47,3.0,30772.0,
4767.511836967,1777949327.7925172,NVIDIA A100-SXM4-40GB,51.42,4.0,30772.0,
4767.738628423,1777949328.0193086,NVIDIA A100-SXM4-40GB,51.47,4.0,30772.0,
4767.967710141,1777949328.2483904,NVIDIA A100-SXM4-40GB,51.47,4.0,30772.0,
4768.195115719,1777949328.475796,NVIDIA A100-SXM4-40GB,51.47,4.0,30772.0,
4768.423556267,1777949328.7042363,NVIDIA A100-SXM4-40GB,51.47,4.0,30772.0,
4768.651495402,1777949328.9321754,NVIDIA A100-SXM4-40GB,51.47,4.0,30772.0,
4768.87865837,1777949329.1593385,NVIDIA A100-SXM4-40GB,51.42,4.0,30772.0,
4769.107401826,1777949329.3880816,NVIDIA A100-SXM4-40GB,51.47,3.0,30772.0,
4769.335726022,1777949329.6164062,NVIDIA A100-SXM4-40GB,51.42,4.0,30772.0,
4769.563023959,1777949329.8437037,NVIDIA A100-SXM4-40GB,51.47,4.0,30772.0,
4769.790147925,1777949330.070828,NVIDIA A100-SXM4-40GB,51.47,4.0,30772.0,
4770.018650368,1777949330.2993305,NVIDIA A100-SXM4-40GB,51.47,4.0,30772.0,
4770.246068988,1777949330.526749,NVIDIA A100-SXM4-40GB,51.42,4.0,30772.0,
4770.472456261,1777949330.7531364,NVIDIA A100-SXM4-40GB,51.47,3.0,30772.0,
4770.699344264,1777949330.9800246,NVIDIA A100-SXM4-40GB,51.47,4.0,30772.0,
4770.926456742,1777949331.207137,NVIDIA A100-SXM4-40GB,51.47,4.0,30772.0,
4771.152828236,1777949331.4335082,NVIDIA A100-SXM4-40GB,51.47,3.0,30772.0,
4771.379790772,1777949331.660471,NVIDIA A100-SXM4-40GB,51.47,3.0,30772.0,
4771.607453248,1777949331.8881335,NVIDIA A100-SXM4-40GB,51.47,3.0,30772.0,
4771.834444958,1777949332.1151252,NVIDIA A100-SXM4-40GB,51.42,3.0,30772.0,
4772.062864068,1777949332.3435442,NVIDIA A100-SXM4-40GB,51.47,4.0,30772.0,
4772.290939988,1777949332.57162,NVIDIA A100-SXM4-40GB,51.47,4.0,30772.0,
4772.517434885,1777949332.798115,NVIDIA A100-SXM4-40GB,51.42,4.0,30772.0,
4772.745487601,1777949333.0261679,NVIDIA A100-SXM4-40GB,51.74,4.0,30772.0,
4772.975470842,1777949333.2561507,NVIDIA A100-SXM4-40GB,51.47,4.0,30772.0,
4773.203124676,1777949333.4838047,NVIDIA A100-SXM4-40GB,51.47,4.0,30772.0,
4773.430126869,1777949333.7108068,NVIDIA A100-SXM4-40GB,51.47,3.0,30772.0,
4773.657989649,1777949333.93867,NVIDIA A100-SXM4-40GB,51.47,3.0,30772.0,
4773.885267811,1777949334.165948,NVIDIA A100-SXM4-40GB,51.42,3.0,30772.0,
4774.112929387,1777949334.39361,NVIDIA A100-SXM4-40GB,51.47,3.0,30772.0,
4774.341971061,1777949334.6226513,NVIDIA A100-SXM4-40GB,51.42,3.0,30772.0,
4774.568703674,1777949334.8493838,NVIDIA A100-SXM4-40GB,51.42,4.0,30772.0,
4774.796968897,1777949335.0776489,NVIDIA A100-SXM4-40GB,51.47,4.0,30772.0,
4775.025315868,1777949335.305996,NVIDIA A100-SXM4-40GB,51.47,4.0,30772.0,
4775.257102032,1777949335.537782,NVIDIA A100-SXM4-40GB,51.42,3.0,30772.0,
4775.484038179,1777949335.764718,NVIDIA A100-SXM4-40GB,51.47,3.0,30772.0,
4775.711047043,1777949335.9917269,NVIDIA A100-SXM4-40GB,51.42,4.0,30772.0,
4775.938912538,1777949336.2195928,NVIDIA A100-SXM4-40GB,51.47,4.0,30772.0,
4776.166908256,1777949336.4475884,NVIDIA A100-SXM4-40GB,51.47,4.0,30772.0,
4776.395282008,1777949336.675962,NVIDIA A100-SXM4-40GB,51.2,4.0,30772.0,
4776.622220236,1777949336.9029005,NVIDIA A100-SXM4-40GB,51.47,4.0,30772.0,
4776.848786861,1777949337.1294672,NVIDIA A100-SXM4-40GB,51.47,4.0,30772.0,
4777.078447543,1777949337.3591278,NVIDIA A100-SXM4-40GB,51.2,4.0,30772.0,
4777.305323701,1777949337.5860038,NVIDIA A100-SXM4-40GB,51.15,4.0,30772.0,
4777.533026201,1777949337.8137064,NVIDIA A100-SXM4-40GB,51.2,4.0,30772.0,
4777.760380018,1777949338.0410602,NVIDIA A100-SXM4-40GB,51.2,4.0,30772.0,
4777.986919315,1777949338.2675993,NVIDIA A100-SXM4-40GB,51.15,4.0,30772.0,
4778.215090802,1777949338.4957712,NVIDIA A100-SXM4-40GB,51.47,4.0,30772.0,
4778.443261561,1777949338.7239413,NVIDIA A100-SXM4-40GB,51.2,4.0,30772.0,
4778.671294713,1777949338.9519746,NVIDIA A100-SXM4-40GB,51.15,4.0,30772.0,
4778.898940277,1777949339.1796203,NVIDIA A100-SXM4-40GB,51.47,4.0,30772.0,
4779.127420367,1777949339.4081006,NVIDIA A100-SXM4-40GB,51.2,4.0,30772.0,
4779.354489096,1777949339.635169,NVIDIA A100-SXM4-40GB,51.2,3.0,30772.0,
4779.581953678,1777949339.862634,NVIDIA A100-SXM4-40GB,51.69,3.0,30772.0,
4779.809579585,1777949340.0902598,NVIDIA A100-SXM4-40GB,51.15,4.0,30772.0,
4780.036630605,1777949340.3173106,NVIDIA A100-SXM4-40GB,51.15,4.0,30772.0,
4780.263494677,1777949340.5441747,NVIDIA A100-SXM4-40GB,51.2,3.0,30772.0,
4780.490820221,1777949340.7715,NVIDIA A100-SXM4-40GB,51.47,4.0,30772.0,
4780.717818923,1777949340.9984992,NVIDIA A100-SXM4-40GB,51.15,3.0,30772.0,
4780.945436709,1777949341.226117,NVIDIA A100-SXM4-40GB,51.2,3.0,30772.0,
4781.172810991,1777949341.4534914,NVIDIA A100-SXM4-40GB,51.2,4.0,30772.0,
4781.399459021,1777949341.6801393,NVIDIA A100-SXM4-40GB,51.2,3.0,30772.0,
4781.626298625,1777949341.9069788,NVIDIA A100-SXM4-40GB,51.15,3.0,30772.0,
4781.854702136,1777949342.1353822,NVIDIA A100-SXM4-40GB,51.2,3.0,30772.0,
4782.082844628,1777949342.363525,NVIDIA A100-SXM4-40GB,51.15,4.0,30772.0,
4782.310710137,1777949342.5913906,NVIDIA A100-SXM4-40GB,51.2,3.0,30772.0,
4782.537393076,1777949342.8180735,NVIDIA A100-SXM4-40GB,51.15,3.0,30772.0,
4782.765232418,1777949343.0459123,NVIDIA A100-SXM4-40GB,51.15,3.0,30772.0,
4782.992592862,1777949343.2732728,NVIDIA A100-SXM4-40GB,51.2,3.0,30772.0,
4783.220235937,1777949343.5009162,NVIDIA A100-SXM4-40GB,51.2,3.0,30772.0,
4783.447942442,1777949343.728623,NVIDIA A100-SXM4-40GB,51.2,3.0,30772.0,
4783.675015796,1777949343.9556959,NVIDIA A100-SXM4-40GB,51.2,3.0,30772.0,
4783.902312758,1777949344.182993,NVIDIA A100-SXM4-40GB,51.2,4.0,30772.0,
4784.129357693,1777949344.410038,NVIDIA A100-SXM4-40GB,51.2,4.0,30772.0,
4784.356714884,1777949344.637395,NVIDIA A100-SXM4-40GB,51.47,4.0,30772.0,
4784.583683038,1777949344.864363,NVIDIA A100-SXM4-40GB,51.2,4.0,30772.0,
4784.810469347,1777949345.0911496,NVIDIA A100-SXM4-40GB,51.47,4.0,30772.0,
4785.038457613,1777949345.3191378,NVIDIA A100-SXM4-40GB,51.15,3.0,30772.0,
4785.267701905,1777949345.5483825,NVIDIA A100-SXM4-40GB,51.47,4.0,30772.0,
4785.495043435,1777949345.7757235,NVIDIA A100-SXM4-40GB,51.2,4.0,30772.0,
4785.722223095,1777949346.0029032,NVIDIA A100-SXM4-40GB,51.2,4.0,30772.0,
4785.949823157,1777949346.2305033,NVIDIA A100-SXM4-40GB,51.15,3.0,30772.0,
4786.177152325,1777949346.457832,NVIDIA A100-SXM4-40GB,51.2,3.0,30772.0,
4786.405791627,1777949346.686472,NVIDIA A100-SXM4-40GB,51.2,4.0,30772.0,
4786.633348837,1777949346.9140291,NVIDIA A100-SXM4-40GB,51.2,4.0,30772.0,
4786.861071193,1777949347.1417515,NVIDIA A100-SXM4-40GB,51.2,4.0,30772.0,
4787.089476789,1777949347.370157,NVIDIA A100-SXM4-40GB,51.2,4.0,30772.0,
4787.317131176,1777949347.5978112,NVIDIA A100-SXM4-40GB,51.2,4.0,30772.0,
4787.54475115,1777949347.8254313,NVIDIA A100-SXM4-40GB,51.2,4.0,30772.0,
4787.7727015,1777949348.0533814,NVIDIA A100-SXM4-40GB,51.15,4.0,30772.0,
4788.001049045,1777949348.2817292,NVIDIA A100-SXM4-40GB,51.2,4.0,30772.0,
4788.229657341,1777949348.5103376,NVIDIA A100-SXM4-40GB,51.42,4.0,30772.0,
4788.456785534,1777949348.7374659,NVIDIA A100-SXM4-40GB,51.15,4.0,30772.0,
4788.683297372,1777949348.963978,NVIDIA A100-SXM4-40GB,51.42,4.0,30772.0,
4788.910113569,1777949349.1907935,NVIDIA A100-SXM4-40GB,51.15,4.0,30772.0,
4789.139328501,1777949349.4200087,NVIDIA A100-SXM4-40GB,51.15,4.0,30772.0,
4789.366933259,1777949349.6476133,NVIDIA A100-SXM4-40GB,51.47,4.0,30772.0,
4789.595097919,1777949349.8757777,NVIDIA A100-SXM4-40GB,51.47,4.0,30772.0,
4789.824820314,1777949350.1055005,NVIDIA A100-SXM4-40GB,51.47,4.0,30772.0,
4790.051628116,1777949350.3323085,NVIDIA A100-SXM4-40GB,51.2,4.0,30772.0,
4790.278655914,1777949350.5593364,NVIDIA A100-SXM4-40GB,51.2,4.0,30772.0,
4790.505599604,1777949350.7862797,NVIDIA A100-SXM4-40GB,51.2,3.0,30772.0,
4790.733055871,1777949351.0137362,NVIDIA A100-SXM4-40GB,51.15,4.0,30772.0,
4790.960889582,1777949351.2415695,NVIDIA A100-SXM4-40GB,51.2,4.0,30772.0,
4791.188755965,1777949351.469436,NVIDIA A100-SXM4-40GB,51.2,4.0,30772.0,
4791.415641606,1777949351.6963217,NVIDIA A100-SXM4-40GB,51.2,3.0,30772.0,
4791.642405015,1777949351.9230852,NVIDIA A100-SXM4-40GB,51.74,3.0,30772.0,
4791.870742292,1777949352.1514225,NVIDIA A100-SXM4-40GB,51.42,3.0,30772.0,
4792.098376678,1777949352.3790567,NVIDIA A100-SXM4-40GB,51.47,3.0,30772.0,
4792.325933659,1777949352.6066144,NVIDIA A100-SXM4-40GB,51.42,4.0,30772.0,
4792.552862867,1777949352.8335428,NVIDIA A100-SXM4-40GB,51.47,3.0,30772.0,
4792.780942395,1777949353.0616226,NVIDIA A100-SXM4-40GB,51.2,3.0,30772.0,
4793.008717339,1777949353.2893972,NVIDIA A100-SXM4-40GB,51.15,4.0,30772.0,
4793.235646765,1777949353.5163271,NVIDIA A100-SXM4-40GB,51.2,4.0,30772.0,
4793.466422271,1777949353.7471023,NVIDIA A100-SXM4-40GB,51.47,4.0,30772.0,
4793.694550055,1777949353.9752302,NVIDIA A100-SXM4-40GB,51.2,4.0,30772.0,
4793.921060814,1777949354.2017407,NVIDIA A100-SXM4-40GB,51.2,3.0,30772.0,
4794.150081472,1777949354.430762,NVIDIA A100-SXM4-40GB,51.15,3.0,30772.0,
4794.376605374,1777949354.6572857,NVIDIA A100-SXM4-40GB,51.2,3.0,30772.0,
4794.602881328,1777949354.8835611,NVIDIA A100-SXM4-40GB,51.2,3.0,30772.0,
4794.829903722,1777949355.1105838,NVIDIA A100-SXM4-40GB,51.15,3.0,30772.0,
4795.058494955,1777949355.339175,NVIDIA A100-SXM4-40GB,51.2,3.0,30772.0,
4795.286034669,1777949355.5667148,NVIDIA A100-SXM4-40GB,51.15,3.0,30772.0,
4795.512677697,1777949355.7933578,NVIDIA A100-SXM4-40GB,51.2,3.0,30772.0,
4795.739693429,1777949356.0203733,NVIDIA A100-SXM4-40GB,51.2,4.0,30772.0,
4795.968290936,1777949356.2489712,NVIDIA A100-SXM4-40GB,51.47,4.0,30772.0,
4796.19627775,1777949356.476958,NVIDIA A100-SXM4-40GB,51.2,3.0,30772.0,
4796.423787419,1777949356.7044673,NVIDIA A100-SXM4-40GB,51.2,4.0,30772.0,
4796.650968417,1777949356.9316485,NVIDIA A100-SXM4-40GB,51.2,4.0,30772.0,
4796.878206494,1777949357.1588867,NVIDIA A100-SXM4-40GB,51.2,4.0,30772.0,
4797.105421646,1777949357.3861015,NVIDIA A100-SXM4-40GB,51.47,4.0,30772.0,
4797.332283994,1777949357.612964,NVIDIA A100-SXM4-40GB,51.47,4.0,30772.0,
4797.559174948,1777949357.839855,NVIDIA A100-SXM4-40GB,51.47,4.0,30772.0,
4797.788442441,1777949358.0691226,NVIDIA A100-SXM4-40GB,51.42,4.0,30772.0,
4798.015705156,1777949358.296385,NVIDIA A100-SXM4-40GB,51.15,4.0,30772.0,
4798.242839249,1777949358.5235195,NVIDIA A100-SXM4-40GB,51.47,4.0,30772.0,
4798.470788102,1777949358.751468,NVIDIA A100-SXM4-40GB,51.47,4.0,30772.0,
4798.697709088,1777949358.978389,NVIDIA A100-SXM4-40GB,51.47,4.0,30772.0,
4798.924894664,1777949359.205575,NVIDIA A100-SXM4-40GB,51.2,4.0,30772.0,
4799.152251162,1777949359.4329314,NVIDIA A100-SXM4-40GB,51.2,4.0,30772.0,
4799.378778822,1777949359.659459,NVIDIA A100-SXM4-40GB,51.2,4.0,30772.0,
4799.606038213,1777949359.8867183,NVIDIA A100-SXM4-40GB,51.42,4.0,30772.0,
4799.833539166,1777949360.1142197,NVIDIA A100-SXM4-40GB,51.47,4.0,30772.0,
4800.061606246,1777949360.3422863,NVIDIA A100-SXM4-40GB,51.47,4.0,30772.0,
4800.289139902,1777949360.5698204,NVIDIA A100-SXM4-40GB,51.2,4.0,30772.0,
4800.516897333,1777949360.7975776,NVIDIA A100-SXM4-40GB,51.47,4.0,30772.0,
4800.745490658,1777949361.0261707,NVIDIA A100-SXM4-40GB,51.2,4.0,30772.0,
4800.973665128,1777949361.254345,NVIDIA A100-SXM4-40GB,51.2,4.0,30772.0,
4801.201229301,1777949361.4819093,NVIDIA A100-SXM4-40GB,51.2,3.0,30772.0,
4801.428231877,1777949361.708912,NVIDIA A100-SXM4-40GB,51.2,3.0,30772.0,
4801.655361363,1777949361.9360414,NVIDIA A100-SXM4-40GB,51.2,3.0,30772.0,
4801.881843536,1777949362.1625237,NVIDIA A100-SXM4-40GB,51.2,3.0,30772.0,
4802.109396833,1777949362.3900769,NVIDIA A100-SXM4-40GB,51.2,4.0,30772.0,
4802.33650944,1777949362.6171896,NVIDIA A100-SXM4-40GB,51.2,3.0,30772.0,
4802.564518796,1777949362.8451986,NVIDIA A100-SXM4-40GB,51.15,3.0,30772.0,
4802.791662033,1777949363.0723426,NVIDIA A100-SXM4-40GB,51.2,3.0,30772.0,
4803.018774087,1777949363.2994542,NVIDIA A100-SXM4-40GB,51.2,4.0,30772.0,
4803.245924283,1777949363.5266042,NVIDIA A100-SXM4-40GB,51.2,4.0,30772.0,
4803.473032714,1777949363.7537127,NVIDIA A100-SXM4-40GB,51.47,3.0,30772.0,
4803.699745695,1777949363.9804263,NVIDIA A100-SXM4-40GB,51.42,4.0,30772.0,
4803.926658479,1777949364.2073386,NVIDIA A100-SXM4-40GB,51.47,4.0,30772.0,
4804.153573923,1777949364.434254,NVIDIA A100-SXM4-40GB,51.2,3.0,30772.0,
4804.381084112,1777949364.6617641,NVIDIA A100-SXM4-40GB,51.2,3.0,30772.0,
4804.608321825,1777949364.889002,NVIDIA A100-SXM4-40GB,51.2,3.0,30772.0,
4804.835331124,1777949365.116011,NVIDIA A100-SXM4-40GB,51.2,4.0,30772.0,
4805.062408647,1777949365.3430886,NVIDIA A100-SXM4-40GB,51.2,4.0,30772.0,
4805.289345748,1777949365.5700257,NVIDIA A100-SXM4-40GB,51.15,4.0,30772.0,
4805.517032139,1777949365.7977123,NVIDIA A100-SXM4-40GB,51.42,3.0,30772.0,
4805.74330448,1777949366.0239844,NVIDIA A100-SXM4-40GB,51.2,3.0,30772.0,
4805.970549042,1777949366.2512293,NVIDIA A100-SXM4-40GB,51.2,4.0,30772.0,
4806.197207427,1777949366.4778876,NVIDIA A100-SXM4-40GB,51.15,3.0,30772.0,
4806.424915428,1777949366.7055957,NVIDIA A100-SXM4-40GB,51.47,4.0,30772.0,
4806.651605201,1777949366.9322858,NVIDIA A100-SXM4-40GB,51.2,3.0,30772.0,
4806.879609838,1777949367.1602902,NVIDIA A100-SXM4-40GB,51.2,3.0,30772.0,
4807.106945182,1777949367.3876252,NVIDIA A100-SXM4-40GB,51.2,4.0,30772.0,
4807.333832149,1777949367.6145127,NVIDIA A100-SXM4-40GB,51.15,4.0,30772.0,
4807.561297904,1777949367.8419778,NVIDIA A100-SXM4-40GB,51.47,4.0,30772.0,
4807.78850401,1777949368.0691843,NVIDIA A100-SXM4-40GB,51.2,4.0,30772.0,
4808.015816285,1777949368.2964962,NVIDIA A100-SXM4-40GB,51.2,4.0,30772.0,
4808.24569785,1777949368.5263777,NVIDIA A100-SXM4-40GB,51.42,4.0,30772.0,
4808.472363536,1777949368.7530437,NVIDIA A100-SXM4-40GB,51.15,4.0,30772.0,
4808.699419966,1777949368.9801,NVIDIA A100-SXM4-40GB,51.2,4.0,30772.0,
4808.928576157,1777949369.2092562,NVIDIA A100-SXM4-40GB,51.2,3.0,30772.0,
4809.15563295,1777949369.436313,NVIDIA A100-SXM4-40GB,51.47,4.0,30772.0,
4809.383180853,1777949369.6638613,NVIDIA A100-SXM4-40GB,51.42,4.0,30772.0,
4809.611546933,1777949369.892227,NVIDIA A100-SXM4-40GB,51.2,4.0,30772.0,
4809.838491804,1777949370.1191719,NVIDIA A100-SXM4-40GB,51.47,4.0,30772.0,
4810.06654548,1777949370.3472254,NVIDIA A100-SXM4-40GB,51.2,4.0,30772.0,
4810.295555448,1777949370.5762358,NVIDIA A100-SXM4-40GB,51.2,4.0,30772.0,
4810.52224808,1777949370.8029282,NVIDIA A100-SXM4-40GB,51.47,4.0,30772.0,
4810.749685843,1777949371.030366,NVIDIA A100-SXM4-40GB,51.15,4.0,30772.0,
4810.977480111,1777949371.25816,NVIDIA A100-SXM4-40GB,51.42,4.0,30772.0,
4811.20477164,1777949371.4854515,NVIDIA A100-SXM4-40GB,51.2,3.0,30772.0,
4811.431939663,1777949371.7126198,NVIDIA A100-SXM4-40GB,51.47,3.0,30772.0,
4811.659625197,1777949371.9403052,NVIDIA A100-SXM4-40GB,51.42,4.0,30772.0,
4811.886163954,1777949372.166844,NVIDIA A100-SXM4-40GB,51.47,4.0,30772.0,
4812.113103575,1777949372.3937836,NVIDIA A100-SXM4-40GB,51.47,4.0,30772.0,
4812.339454735,1777949372.6201346,NVIDIA A100-SXM4-40GB,51.47,3.0,30772.0,
4812.567590307,1777949372.8482707,NVIDIA A100-SXM4-40GB,51.2,4.0,30772.0,
4812.794768124,1777949373.075448,NVIDIA A100-SXM4-40GB,51.15,4.0,30772.0,
4813.021601554,1777949373.3022814,NVIDIA A100-SXM4-40GB,51.47,4.0,30772.0,
4813.248961863,1777949373.5296423,NVIDIA A100-SXM4-40GB,51.2,4.0,30772.0,
4813.476330503,1777949373.7570105,NVIDIA A100-SXM4-40GB,51.2,4.0,30772.0,
4813.702995947,1777949373.9836762,NVIDIA A100-SXM4-40GB,51.47,3.0,30772.0,
4813.931414568,1777949374.2120948,NVIDIA A100-SXM4-40GB,51.47,3.0,30772.0,
4814.158427408,1777949374.439108,NVIDIA A100-SXM4-40GB,51.47,3.0,30772.0,
4814.385761456,1777949374.6664414,NVIDIA A100-SXM4-40GB,51.47,4.0,30772.0,
4814.613271886,1777949374.8939517,NVIDIA A100-SXM4-40GB,51.2,3.0,30772.0,
4814.840780116,1777949375.1214602,NVIDIA A100-SXM4-40GB,51.47,3.0,30772.0,
4815.068958558,1777949375.3496385,NVIDIA A100-SXM4-40GB,51.47,4.0,30772.0,
4815.296313667,1777949375.5769937,NVIDIA A100-SXM4-40GB,51.47,3.0,30772.0,
4815.52396714,1777949375.8046472,NVIDIA A100-SXM4-40GB,51.47,4.0,30772.0,
4815.75082687,1777949376.0315068,NVIDIA A100-SXM4-40GB,51.47,4.0,30772.0,
4815.978733135,1777949376.2594132,NVIDIA A100-SXM4-40GB,51.2,4.0,30772.0,
4816.207924499,1777949376.4886048,NVIDIA A100-SXM4-40GB,51.47,4.0,30772.0,
4816.436275132,1777949376.7169552,NVIDIA A100-SXM4-40GB,51.2,4.0,30772.0,
4816.66432655,1777949376.9450066,NVIDIA A100-SXM4-40GB,51.47,4.0,30772.0,
4816.890892441,1777949377.1715727,NVIDIA A100-SXM4-40GB,51.2,4.0,30772.0,
4817.118356133,1777949377.3990362,NVIDIA A100-SXM4-40GB,51.15,3.0,30772.0,
4817.345693499,1777949377.6263735,NVIDIA A100-SXM4-40GB,51.42,3.0,30772.0,
4817.5733591,1777949377.854039,NVIDIA A100-SXM4-40GB,51.74,3.0,30772.0,
4817.803445682,1777949378.084126,NVIDIA A100-SXM4-40GB,51.47,3.0,30772.0,
4818.030782419,1777949378.3114624,NVIDIA A100-SXM4-40GB,51.47,3.0,30772.0,
4818.258049921,1777949378.53873,NVIDIA A100-SXM4-40GB,51.2,4.0,30772.0,
4818.486048202,1777949378.7667282,NVIDIA A100-SXM4-40GB,51.47,3.0,30772.0,
4818.713503376,1777949378.9941835,NVIDIA A100-SXM4-40GB,51.47,3.0,30772.0,
4818.942368531,1777949379.2230484,NVIDIA A100-SXM4-40GB,51.47,4.0,30772.0,
4819.168983717,1777949379.449664,NVIDIA A100-SXM4-40GB,51.47,4.0,30772.0,
4819.396558376,1777949379.6772382,NVIDIA A100-SXM4-40GB,51.47,4.0,30772.0,
4819.623300699,1777949379.9039805,NVIDIA A100-SXM4-40GB,51.47,4.0,30772.0,
4819.851363064,1777949380.1320434,NVIDIA A100-SXM4-40GB,51.2,4.0,30772.0,
4820.07979826,1777949380.3604782,NVIDIA A100-SXM4-40GB,51.47,4.0,30772.0,
4820.307748121,1777949380.5884285,NVIDIA A100-SXM4-40GB,51.42,4.0,30772.0,
4820.534832145,1777949380.8155122,NVIDIA A100-SXM4-40GB,51.47,4.0,30772.0,
4820.76254159,1777949381.0432217,NVIDIA A100-SXM4-40GB,51.2,4.0,30772.0,
4820.990855298,1777949381.2715352,NVIDIA A100-SXM4-40GB,51.2,3.0,30772.0,
4821.218892782,1777949381.499573,NVIDIA A100-SXM4-40GB,51.47,3.0,30772.0,
4821.446277501,1777949381.7269573,NVIDIA A100-SXM4-40GB,51.47,4.0,30772.0,
4821.673396743,1777949381.9540768,NVIDIA A100-SXM4-40GB,51.42,3.0,30772.0,
4821.901382444,1777949382.1820626,NVIDIA A100-SXM4-40GB,51.47,4.0,30772.0,
4822.128463896,1777949382.4091442,NVIDIA A100-SXM4-40GB,51.47,4.0,30772.0,
4822.35583303,1777949382.6365135,NVIDIA A100-SXM4-40GB,51.42,4.0,30772.0,
4822.58235648,1777949382.8630364,NVIDIA A100-SXM4-40GB,51.42,4.0,30772.0,
4822.809243976,1777949383.089924,NVIDIA A100-SXM4-40GB,51.2,3.0,30772.0,
4823.0366491,1777949383.3173294,NVIDIA A100-SXM4-40GB,51.2,4.0,30772.0,
4823.265352041,1777949383.5460327,NVIDIA A100-SXM4-40GB,51.15,3.0,30772.0,
4823.49216807,1777949383.7728481,NVIDIA A100-SXM4-40GB,51.47,4.0,30772.0,
4823.719374316,1777949384.0000544,NVIDIA A100-SXM4-40GB,51.47,3.0,30772.0,
4823.949619589,1777949384.2303,NVIDIA A100-SXM4-40GB,51.47,4.0,30772.0,
4824.176732222,1777949384.4574122,NVIDIA A100-SXM4-40GB,51.47,4.0,30772.0,
4824.404423576,1777949384.6851037,NVIDIA A100-SXM4-40GB,51.47,4.0,30772.0,
4824.632351677,1777949384.913032,NVIDIA A100-SXM4-40GB,51.2,4.0,30772.0,
4824.859551133,1777949385.1402316,NVIDIA A100-SXM4-40GB,51.47,4.0,30772.0,
4825.087209065,1777949385.367889,NVIDIA A100-SXM4-40GB,51.2,3.0,30772.0,
4825.316035175,1777949385.596715,NVIDIA A100-SXM4-40GB,51.47,3.0,30772.0,
4825.542734471,1777949385.8234148,NVIDIA A100-SXM4-40GB,51.2,3.0,30772.0,
4825.769038813,1777949386.0497189,NVIDIA A100-SXM4-40GB,51.2,3.0,30772.0,
4825.997264012,1777949386.277944,NVIDIA A100-SXM4-40GB,51.42,3.0,30772.0,
4826.224390027,1777949386.50507,NVIDIA A100-SXM4-40GB,51.42,3.0,30772.0,
4826.451118611,1777949386.731799,NVIDIA A100-SXM4-40GB,51.2,3.0,30772.0,
4826.678283933,1777949386.9589639,NVIDIA A100-SXM4-40GB,51.47,3.0,30772.0,
4826.905236006,1777949387.185916,NVIDIA A100-SXM4-40GB,51.47,4.0,30772.0,
4827.132550707,1777949387.4132307,NVIDIA A100-SXM4-40GB,51.47,3.0,30772.0,
4827.359366248,1777949387.6400466,NVIDIA A100-SXM4-40GB,51.47,4.0,30772.0,
4827.588237735,1777949387.868918,NVIDIA A100-SXM4-40GB,51.47,4.0,30772.0,
4827.816340801,1777949388.0970206,NVIDIA A100-SXM4-40GB,51.47,4.0,30772.0,
4828.043664008,1777949388.3243444,NVIDIA A100-SXM4-40GB,51.42,4.0,30772.0,
4828.271648501,1777949388.5523283,NVIDIA A100-SXM4-40GB,51.47,4.0,30772.0,
4828.499066167,1777949388.779746,NVIDIA A100-SXM4-40GB,51.2,3.0,30772.0,
4828.726033731,1777949389.006714,NVIDIA A100-SXM4-40GB,51.42,3.0,30772.0,
4828.954039501,1777949389.2347198,NVIDIA A100-SXM4-40GB,51.47,3.0,30772.0,
4829.181389191,1777949389.4620693,NVIDIA A100-SXM4-40GB,51.2,3.0,30772.0,
4829.40966264,1777949389.690343,NVIDIA A100-SXM4-40GB,51.2,3.0,30772.0,
4829.636724542,1777949389.9174047,NVIDIA A100-SXM4-40GB,51.69,3.0,30772.0,
4829.864058269,1777949390.1447387,NVIDIA A100-SXM4-40GB,51.15,3.0,30772.0,
4830.091490048,1777949390.3721702,NVIDIA A100-SXM4-40GB,51.15,3.0,30772.0,
4830.318612952,1777949390.599293,NVIDIA A100-SXM4-40GB,51.42,3.0,30772.0,
4830.545820946,1777949390.8265014,NVIDIA A100-SXM4-40GB,51.47,4.0,30772.0,
4830.772238877,1777949391.0529194,NVIDIA A100-SXM4-40GB,51.47,4.0,30772.0,
4830.999092744,1777949391.2797728,NVIDIA A100-SXM4-40GB,51.47,4.0,30772.0,
4831.228177897,1777949391.5088584,NVIDIA A100-SXM4-40GB,51.42,4.0,30772.0,
4831.454863491,1777949391.7355435,NVIDIA A100-SXM4-40GB,51.42,4.0,30772.0,
4831.682819612,1777949391.9634998,NVIDIA A100-SXM4-40GB,51.42,4.0,30772.0,
4831.911185803,1777949392.191866,NVIDIA A100-SXM4-40GB,50.88,4.0,30772.0,
4832.138263285,1777949392.4189432,NVIDIA A100-SXM4-40GB,51.42,3.0,30772.0,
4832.36506232,1777949392.645743,NVIDIA A100-SXM4-40GB,51.47,4.0,30772.0,
4832.592776317,1777949392.8734567,NVIDIA A100-SXM4-40GB,51.47,4.0,30772.0,
4832.819871446,1777949393.1005516,NVIDIA A100-SXM4-40GB,51.42,4.0,30772.0,
4833.046371893,1777949393.327052,NVIDIA A100-SXM4-40GB,51.42,4.0,30772.0,
4833.273468514,1777949393.5541487,NVIDIA A100-SXM4-40GB,51.42,4.0,30772.0,
4833.500237984,1777949393.7809176,NVIDIA A100-SXM4-40GB,51.42,4.0,30772.0,
4833.727175302,1777949394.0078552,NVIDIA A100-SXM4-40GB,51.42,4.0,30772.0,
4833.954450303,1777949394.2351303,NVIDIA A100-SXM4-40GB,51.42,4.0,30772.0,
4834.181356287,1777949394.4620361,NVIDIA A100-SXM4-40GB,51.2,4.0,30772.0,
4834.408099641,1777949394.6887796,NVIDIA A100-SXM4-40GB,51.47,4.0,30772.0,
4834.634315335,1777949394.9149957,NVIDIA A100-SXM4-40GB,51.42,3.0,30772.0,
4834.861133447,1777949395.1418138,NVIDIA A100-SXM4-40GB,51.47,3.0,30772.0,
4835.088791896,1777949395.3694723,NVIDIA A100-SXM4-40GB,51.47,4.0,30772.0,
4835.315165536,1777949395.5958455,NVIDIA A100-SXM4-40GB,51.42,3.0,30772.0,
4835.542565324,1777949395.8232453,NVIDIA A100-SXM4-40GB,51.2,3.0,30772.0,
4835.770724409,1777949396.0514042,NVIDIA A100-SXM4-40GB,51.47,3.0,30772.0,
4835.99754956,1777949396.2782295,NVIDIA A100-SXM4-40GB,51.2,3.0,30772.0,
4836.225287868,1777949396.5059679,NVIDIA A100-SXM4-40GB,51.47,3.0,30772.0,
4836.452639572,1777949396.7333195,NVIDIA A100-SXM4-40GB,51.47,3.0,30772.0,
4836.680643358,1777949396.9613235,NVIDIA A100-SXM4-40GB,51.47,3.0,30772.0,
4836.907514859,1777949397.1881948,NVIDIA A100-SXM4-40GB,51.47,3.0,30772.0,
4837.134387064,1777949397.4150674,NVIDIA A100-SXM4-40GB,51.42,4.0,30772.0,
4837.3609729,1777949397.641653,NVIDIA A100-SXM4-40GB,51.47,4.0,30772.0,
4837.588175115,1777949397.868855,NVIDIA A100-SXM4-40GB,51.47,4.0,30772.0,
4837.815031285,1777949398.0957115,NVIDIA A100-SXM4-40GB,51.47,4.0,30772.0,
4838.043787717,1777949398.3244677,NVIDIA A100-SXM4-40GB,51.42,4.0,30772.0,
4838.271032203,1777949398.5517125,NVIDIA A100-SXM4-40GB,51.47,3.0,30772.0,
4838.497926295,1777949398.7786067,NVIDIA A100-SXM4-40GB,51.47,3.0,30772.0,
4838.725220308,1777949399.0059004,NVIDIA A100-SXM4-40GB,51.47,3.0,30772.0,
4838.952348513,1777949399.2330287,NVIDIA A100-SXM4-40GB,51.47,4.0,30772.0,
4839.178804037,1777949399.459484,NVIDIA A100-SXM4-40GB,51.47,4.0,30772.0,
4839.406244068,1777949399.6869245,NVIDIA A100-SXM4-40GB,51.47,4.0,30772.0,
4839.633051281,1777949399.9137316,NVIDIA A100-SXM4-40GB,51.47,4.0,30772.0,
4839.859750829,1777949400.140431,NVIDIA A100-SXM4-40GB,51.47,4.0,30772.0,
4840.086620731,1777949400.3673012,NVIDIA A100-SXM4-40GB,51.47,4.0,30772.0,
4840.313600818,1777949400.594281,NVIDIA A100-SXM4-40GB,51.47,4.0,30772.0,
4840.540126945,1777949400.820807,NVIDIA A100-SXM4-40GB,51.42,4.0,30772.0,
4840.766521354,1777949401.0472016,NVIDIA A100-SXM4-40GB,51.47,3.0,30772.0,
4840.993500072,1777949401.2741804,NVIDIA A100-SXM4-40GB,51.42,3.0,30772.0,
4841.222445959,1777949401.5031269,NVIDIA A100-SXM4-40GB,51.47,4.0,30772.0,
4841.449626322,1777949401.7303064,NVIDIA A100-SXM4-40GB,51.47,3.0,30772.0,
4841.677045241,1777949401.9577255,NVIDIA A100-SXM4-40GB,51.47,3.0,30772.0,
4841.90433127,1777949402.1850114,NVIDIA A100-SXM4-40GB,51.47,3.0,30772.0,
4842.132268144,1777949402.4129481,NVIDIA A100-SXM4-40GB,51.47,3.0,30772.0,
4842.359749401,1777949402.6404295,NVIDIA A100-SXM4-40GB,51.42,4.0,30772.0,
4842.587256942,1777949402.8679368,NVIDIA A100-SXM4-40GB,51.47,4.0,30772.0,
4842.814140558,1777949403.0948205,NVIDIA A100-SXM4-40GB,51.47,4.0,30772.0,
4843.042317127,1777949403.3229973,NVIDIA A100-SXM4-40GB,51.2,4.0,30772.0,
4843.27145545,1777949403.552136,NVIDIA A100-SXM4-40GB,51.47,4.0,30772.0,
4843.498246247,1777949403.7789264,NVIDIA A100-SXM4-40GB,51.2,4.0,30772.0,
4843.72547292,1777949404.006153,NVIDIA A100-SXM4-40GB,51.47,4.0,30772.0,
4843.954851265,1777949404.2355313,NVIDIA A100-SXM4-40GB,51.2,4.0,30772.0,
4844.181583709,1777949404.4622638,NVIDIA A100-SXM4-40GB,51.2,3.0,30772.0,
4844.408336602,1777949404.689017,NVIDIA A100-SXM4-40GB,51.47,4.0,30772.0,
4844.635044331,1777949404.9157243,NVIDIA A100-SXM4-40GB,51.2,4.0,30772.0,
4844.862979172,1777949405.1436598,NVIDIA A100-SXM4-40GB,51.2,4.0,30772.0,
4845.090211702,1777949405.370892,NVIDIA A100-SXM4-40GB,51.2,4.0,30772.0,
4845.317425495,1777949405.5981054,NVIDIA A100-SXM4-40GB,51.2,3.0,30772.0,
4845.5446227,1777949405.8253026,NVIDIA A100-SXM4-40GB,51.15,4.0,30772.0,
4845.771519327,1777949406.052204,NVIDIA A100-SXM4-40GB,51.2,4.0,30772.0,
4845.998461105,1777949406.2791412,NVIDIA A100-SXM4-40GB,51.2,4.0,30772.0,
4846.227034252,1777949406.507714,NVIDIA A100-SXM4-40GB,51.2,4.0,30772.0,
4846.45342837,1777949406.7341082,NVIDIA A100-SXM4-40GB,51.2,3.0,30772.0,
4846.680831362,1777949406.9615114,NVIDIA A100-SXM4-40GB,51.47,4.0,30772.0,
4846.908062205,1777949407.1887424,NVIDIA A100-SXM4-40GB,51.2,4.0,30772.0,
4847.1346813,1777949407.4153612,NVIDIA A100-SXM4-40GB,51.2,4.0,30772.0,
4847.361518116,1777949407.6421988,NVIDIA A100-SXM4-40GB,51.2,4.0,30772.0,
4847.588539773,1777949407.8692195,NVIDIA A100-SXM4-40GB,51.2,4.0,30772.0,
4847.815795431,1777949408.0964754,NVIDIA A100-SXM4-40GB,51.2,3.0,30772.0,
4848.043378386,1777949408.3240583,NVIDIA A100-SXM4-40GB,51.2,3.0,30772.0,
4848.271012961,1777949408.551693,NVIDIA A100-SXM4-40GB,51.2,3.0,30772.0,
4848.498628105,1777949408.779308,NVIDIA A100-SXM4-40GB,51.2,3.0,30772.0,
4848.726246444,1777949409.0069263,NVIDIA A100-SXM4-40GB,51.2,3.0,30772.0,
4848.954131318,1777949409.234811,NVIDIA A100-SXM4-40GB,51.15,3.0,30772.0,
4849.182317681,1777949409.4629974,NVIDIA A100-SXM4-40GB,51.2,3.0,30772.0,
4849.409190718,1777949409.6898708,NVIDIA A100-SXM4-40GB,51.2,3.0,30772.0,
4849.637108423,1777949409.9177885,NVIDIA A100-SXM4-40GB,51.47,3.0,30772.0,
4849.863925838,1777949410.1446064,NVIDIA A100-SXM4-40GB,51.15,3.0,30772.0,
4850.090947664,1777949410.3716276,NVIDIA A100-SXM4-40GB,51.2,3.0,30772.0,
4850.318543882,1777949410.5992239,NVIDIA A100-SXM4-40GB,51.2,4.0,30772.0,
4850.546048445,1777949410.8267288,NVIDIA A100-SXM4-40GB,51.42,4.0,30772.0,
4850.773240947,1777949411.053921,NVIDIA A100-SXM4-40GB,51.2,3.0,30772.0,
4851.000630689,1777949411.281311,NVIDIA A100-SXM4-40GB,51.2,3.0,30772.0,
4851.227760501,1777949411.5084405,NVIDIA A100-SXM4-40GB,51.2,4.0,30772.0,
4851.456499554,1777949411.73718,NVIDIA A100-SXM4-40GB,50.88,3.0,30772.0,
4851.683851952,1777949411.964532,NVIDIA A100-SXM4-40GB,51.2,3.0,30772.0,
4851.91106477,1777949412.1917448,NVIDIA A100-SXM4-40GB,51.2,3.0,30772.0,
4852.13796801,1777949412.4186485,NVIDIA A100-SXM4-40GB,51.2,3.0,30772.0,
4852.365126821,1777949412.6458068,NVIDIA A100-SXM4-40GB,51.2,3.0,30772.0,
4852.591335151,1777949412.872015,NVIDIA A100-SXM4-40GB,51.2,3.0,30772.0,
4852.819095952,1777949413.099776,NVIDIA A100-SXM4-40GB,51.2,3.0,30772.0,
4853.0467896,1777949413.3274698,NVIDIA A100-SXM4-40GB,51.2,3.0,30772.0,
4853.274938951,1777949413.5556192,NVIDIA A100-SXM4-40GB,51.2,3.0,30772.0,
4853.504034379,1777949413.7847145,NVIDIA A100-SXM4-40GB,51.2,3.0,30772.0,
4853.731455453,1777949414.0121357,NVIDIA A100-SXM4-40GB,51.15,3.0,30772.0,
4853.959114104,1777949414.2397943,NVIDIA A100-SXM4-40GB,51.15,3.0,30772.0,
4854.185876418,1777949414.4665563,NVIDIA A100-SXM4-40GB,51.2,3.0,30772.0,
4854.413115798,1777949414.693796,NVIDIA A100-SXM4-40GB,51.2,3.0,30772.0,
4854.639657,1777949414.920337,NVIDIA A100-SXM4-40GB,51.2,3.0,30772.0,
4854.866209143,1777949415.1468892,NVIDIA A100-SXM4-40GB,51.2,3.0,30772.0,
4855.094640908,1777949415.375321,NVIDIA A100-SXM4-40GB,51.2,3.0,30772.0,
4855.32163761,1777949415.6023178,NVIDIA A100-SXM4-40GB,51.15,3.0,30772.0,
4855.548273587,1777949415.8289542,NVIDIA A100-SXM4-40GB,51.15,3.0,30772.0,
4855.775565435,1777949416.056246,NVIDIA A100-SXM4-40GB,51.2,3.0,30772.0,
4856.002781009,1777949416.2834609,NVIDIA A100-SXM4-40GB,51.2,3.0,30772.0,
4856.229832484,1777949416.5105124,NVIDIA A100-SXM4-40GB,51.15,3.0,30772.0,
4856.456580447,1777949416.7372608,NVIDIA A100-SXM4-40GB,51.2,3.0,30772.0,
4856.683669721,1777949416.96435,NVIDIA A100-SXM4-40GB,51.47,3.0,30772.0,
4856.910544449,1777949417.1912246,NVIDIA A100-SXM4-40GB,51.15,4.0,30772.0,
4857.138361889,1777949417.4190419,NVIDIA A100-SXM4-40GB,51.2,4.0,30772.0,
4857.368078683,1777949417.6487584,NVIDIA A100-SXM4-40GB,51.47,4.0,30772.0,
4857.596391224,1777949417.8770711,NVIDIA A100-SXM4-40GB,51.15,4.0,30772.0,
4857.823707999,1777949418.1043878,NVIDIA A100-SXM4-40GB,51.2,4.0,30772.0,
4858.05191643,1777949418.3325965,NVIDIA A100-SXM4-40GB,51.2,4.0,30772.0,
4858.279852661,1777949418.5605328,NVIDIA A100-SXM4-40GB,51.42,4.0,30772.0,
4858.507654789,1777949418.788341,NVIDIA A100-SXM4-40GB,51.15,3.0,30772.0,
4858.735031481,1777949419.0157115,NVIDIA A100-SXM4-40GB,51.15,3.0,30772.0,
4858.96188124,1777949419.2425618,NVIDIA A100-SXM4-40GB,51.2,4.0,30772.0,
4859.189072656,1777949419.4697528,NVIDIA A100-SXM4-40GB,51.47,3.0,30772.0,
4859.41776361,1777949419.698444,NVIDIA A100-SXM4-40GB,51.15,3.0,30772.0,
4859.644525061,1777949419.9252052,NVIDIA A100-SXM4-40GB,51.2,3.0,30772.0,
4859.871678566,1777949420.152359,NVIDIA A100-SXM4-40GB,51.2,3.0,30772.0,
4860.099937014,1777949420.380617,NVIDIA A100-SXM4-40GB,51.15,3.0,30772.0,
4860.327379093,1777949420.608059,NVIDIA A100-SXM4-40GB,51.2,3.0,30772.0,
4860.553977398,1777949420.8346574,NVIDIA A100-SXM4-40GB,51.15,3.0,30772.0,
4860.782701032,1777949421.0633812,NVIDIA A100-SXM4-40GB,51.2,3.0,30772.0,
4861.009902311,1777949421.2905822,NVIDIA A100-SXM4-40GB,51.2,3.0,30772.0,
4861.236468096,1777949421.5171483,NVIDIA A100-SXM4-40GB,51.2,4.0,30772.0,
4861.463547428,1777949421.7442276,NVIDIA A100-SXM4-40GB,51.2,4.0,30772.0,
4861.691310651,1777949421.971991,NVIDIA A100-SXM4-40GB,51.47,3.0,30772.0,
4861.918157575,1777949422.1988375,NVIDIA A100-SXM4-40GB,51.47,3.0,30772.0,
4862.146616349,1777949422.4272964,NVIDIA A100-SXM4-40GB,51.2,4.0,30772.0,
4862.374799431,1777949422.6554797,NVIDIA A100-SXM4-40GB,51.47,3.0,30772.0,
4862.601931639,1777949422.8826118,NVIDIA A100-SXM4-40GB,51.2,3.0,30772.0,
4862.829521834,1777949423.1102018,NVIDIA A100-SXM4-40GB,51.47,4.0,30772.0,
4863.058327682,1777949423.339008,NVIDIA A100-SXM4-40GB,51.2,4.0,30772.0,
4863.285146997,1777949423.565827,NVIDIA A100-SXM4-40GB,51.47,4.0,30772.0,
4863.512343656,1777949423.793024,NVIDIA A100-SXM4-40GB,51.47,4.0,30772.0,
4863.739369163,1777949424.0200493,NVIDIA A100-SXM4-40GB,51.2,4.0,30772.0,
4863.967122718,1777949424.247803,NVIDIA A100-SXM4-40GB,51.2,3.0,30772.0,
4864.195358492,1777949424.4760387,NVIDIA A100-SXM4-40GB,51.2,4.0,30772.0,
4864.422423398,1777949424.703104,NVIDIA A100-SXM4-40GB,51.15,4.0,30772.0,
4864.648589794,1777949424.9292698,NVIDIA A100-SXM4-40GB,51.42,3.0,30772.0,
4864.874703376,1777949425.1553836,NVIDIA A100-SXM4-40GB,51.2,4.0,30772.0,
4865.101986319,1777949425.3826666,NVIDIA A100-SXM4-40GB,51.2,3.0,30772.0,
4865.32929707,1777949425.609977,NVIDIA A100-SXM4-40GB,51.2,3.0,30772.0,
4865.556043071,1777949425.836723,NVIDIA A100-SXM4-40GB,51.47,3.0,30772.0,
4865.783161679,1777949426.0638418,NVIDIA A100-SXM4-40GB,51.47,4.0,30772.0,
4866.010973695,1777949426.2916536,NVIDIA A100-SXM4-40GB,51.15,4.0,30772.0,
4866.237897699,1777949426.5185778,NVIDIA A100-SXM4-40GB,51.15,3.0,30772.0,
4866.465038061,1777949426.745718,NVIDIA A100-SXM4-40GB,51.2,4.0,30772.0,
4866.692183374,1777949426.9728632,NVIDIA A100-SXM4-40GB,51.15,4.0,30772.0,
4866.919119376,1777949427.1997993,NVIDIA A100-SXM4-40GB,51.2,4.0,30772.0,
4867.147033067,1777949427.4277134,NVIDIA A100-SXM4-40GB,51.15,4.0,30772.0,
4867.37368744,1777949427.6543674,NVIDIA A100-SXM4-40GB,51.47,4.0,30772.0,
4867.604137927,1777949427.884818,NVIDIA A100-SXM4-40GB,51.15,4.0,30772.0,
4867.831729337,1777949428.1124098,NVIDIA A100-SXM4-40GB,51.47,4.0,30772.0,
4868.058778382,1777949428.3394642,NVIDIA A100-SXM4-40GB,51.2,3.0,30772.0,
4868.285871541,1777949428.5665514,NVIDIA A100-SXM4-40GB,51.47,3.0,30772.0,
4868.513360106,1777949428.79404,NVIDIA A100-SXM4-40GB,51.2,4.0,30772.0,
4868.740779557,1777949429.0214598,NVIDIA A100-SXM4-40GB,51.42,4.0,30772.0,
4868.969288236,1777949429.2499683,NVIDIA A100-SXM4-40GB,51.2,4.0,30772.0,
4869.195915095,1777949429.476595,NVIDIA A100-SXM4-40GB,51.47,4.0,30772.0,
4869.422881401,1777949429.7035615,NVIDIA A100-SXM4-40GB,51.47,4.0,30772.0,
4869.650809174,1777949429.931489,NVIDIA A100-SXM4-40GB,51.47,4.0,30772.0,
4869.87745006,1777949430.1581304,NVIDIA A100-SXM4-40GB,51.47,4.0,30772.0,
4870.104222979,1777949430.384903,NVIDIA A100-SXM4-40GB,51.2,4.0,30772.0,
4870.331661047,1777949430.6123412,NVIDIA A100-SXM4-40GB,51.2,4.0,30772.0,
4870.559173681,1777949430.8398535,NVIDIA A100-SXM4-40GB,51.2,3.0,30772.0,
4870.785621526,1777949431.0663016,NVIDIA A100-SXM4-40GB,51.2,3.0,30772.0,
4871.013175319,1777949431.2938554,NVIDIA A100-SXM4-40GB,51.2,4.0,30772.0,
4871.241775189,1777949431.522455,NVIDIA A100-SXM4-40GB,51.2,4.0,30772.0,
4871.471428665,1777949431.7521088,NVIDIA A100-SXM4-40GB,51.47,4.0,30772.0,
4871.697954289,1777949431.9786344,NVIDIA A100-SXM4-40GB,51.47,4.0,30772.0,
4871.925219801,1777949432.2059,NVIDIA A100-SXM4-40GB,51.2,4.0,30772.0,
4872.151832667,1777949432.4325128,NVIDIA A100-SXM4-40GB,51.47,4.0,30772.0,
4872.378875493,1777949432.659556,NVIDIA A100-SXM4-40GB,51.47,4.0,30772.0,
4872.606092861,1777949432.8867733,NVIDIA A100-SXM4-40GB,51.2,4.0,30772.0,
4872.833013844,1777949433.1136942,NVIDIA A100-SXM4-40GB,51.47,4.0,30772.0,
4873.060108016,1777949433.3407881,NVIDIA A100-SXM4-40GB,51.42,4.0,30772.0,
4873.286621015,1777949433.567301,NVIDIA A100-SXM4-40GB,51.2,4.0,30772.0,
4873.513909864,1777949433.79459,NVIDIA A100-SXM4-40GB,51.2,4.0,30772.0,
4873.740575536,1777949434.0212555,NVIDIA A100-SXM4-40GB,51.2,3.0,30772.0,
4873.967651091,1777949434.2483313,NVIDIA A100-SXM4-40GB,51.15,3.0,30772.0,
4874.194768354,1777949434.4754484,NVIDIA A100-SXM4-40GB,51.2,4.0,30772.0,
4874.422640594,1777949434.7033207,NVIDIA A100-SXM4-40GB,51.47,4.0,30772.0,
4874.649321097,1777949434.9300008,NVIDIA A100-SXM4-40GB,51.2,4.0,30772.0,
4874.875717556,1777949435.1563978,NVIDIA A100-SXM4-40GB,51.2,4.0,30772.0,
4875.102547915,1777949435.3832278,NVIDIA A100-SXM4-40GB,51.47,4.0,30772.0,
4875.329164544,1777949435.6098447,NVIDIA A100-SXM4-40GB,51.47,4.0,30772.0,
4875.55717704,1777949435.837857,NVIDIA A100-SXM4-40GB,51.15,3.0,30772.0,
4875.785110988,1777949436.0657911,NVIDIA A100-SXM4-40GB,51.2,3.0,30772.0,
4876.011474204,1777949436.2921543,NVIDIA A100-SXM4-40GB,51.2,4.0,30772.0,
4876.238648455,1777949436.5193286,NVIDIA A100-SXM4-40GB,51.2,3.0,30772.0,
4876.46583121,1777949436.7465115,NVIDIA A100-SXM4-40GB,51.47,3.0,30772.0,
4876.692932124,1777949436.9736123,NVIDIA A100-SXM4-40GB,51.2,3.0,30772.0,
4876.919803627,1777949437.2004836,NVIDIA A100-SXM4-40GB,51.2,3.0,30772.0,
4877.146488656,1777949437.4271688,NVIDIA A100-SXM4-40GB,51.2,3.0,30772.0,
4877.374966683,1777949437.655647,NVIDIA A100-SXM4-40GB,51.42,4.0,30772.0,
4877.602709949,1777949437.8833897,NVIDIA A100-SXM4-40GB,51.47,4.0,30772.0,
4877.837186408,1777949438.1178668,NVIDIA A100-SXM4-40GB,51.2,4.0,30772.0,
4878.064043329,1777949438.3447237,NVIDIA A100-SXM4-40GB,51.47,4.0,30772.0,
4878.290924138,1777949438.571604,NVIDIA A100-SXM4-40GB,51.47,4.0,30772.0,
4878.518242663,1777949438.7989225,NVIDIA A100-SXM4-40GB,51.2,4.0,30772.0,
4878.74473406,1777949439.0254142,NVIDIA A100-SXM4-40GB,51.47,4.0,30772.0,
4878.972802627,1777949439.2534826,NVIDIA A100-SXM4-40GB,51.42,4.0,30772.0,
4879.20378938,1777949439.4844694,NVIDIA A100-SXM4-40GB,51.42,4.0,30772.0,
4879.431217954,1777949439.711898,NVIDIA A100-SXM4-40GB,51.2,4.0,30772.0,
4879.65850912,1777949439.939189,NVIDIA A100-SXM4-40GB,51.2,4.0,30772.0,
4879.887230832,1777949440.1679108,NVIDIA A100-SXM4-40GB,51.47,4.0,30772.0,
4880.114622497,1777949440.3953023,NVIDIA A100-SXM4-40GB,51.42,3.0,30772.0,
4880.342878196,1777949440.623558,NVIDIA A100-SXM4-40GB,51.2,4.0,30772.0,
4880.570878753,1777949440.8515587,NVIDIA A100-SXM4-40GB,51.2,4.0,30772.0,
4880.79910721,1777949441.0797873,NVIDIA A100-SXM4-40GB,51.47,4.0,30772.0,
4881.025756765,1777949441.3064368,NVIDIA A100-SXM4-40GB,51.2,4.0,30772.0,
4881.25274463,1777949441.5334249,NVIDIA A100-SXM4-40GB,51.2,3.0,30772.0,
4881.480361572,1777949441.7610414,NVIDIA A100-SXM4-40GB,51.47,4.0,30772.0,
4881.708477211,1777949441.9891572,NVIDIA A100-SXM4-40GB,51.2,4.0,30772.0,
4881.936660396,1777949442.2173405,NVIDIA A100-SXM4-40GB,51.2,4.0,30772.0,
4882.163628192,1777949442.4443085,NVIDIA A100-SXM4-40GB,51.47,4.0,30772.0,
4882.391080494,1777949442.6717606,NVIDIA A100-SXM4-40GB,51.2,4.0,30772.0,
4882.619089531,1777949442.8997693,NVIDIA A100-SXM4-40GB,51.2,4.0,30772.0,
4882.845887383,1777949443.1265678,NVIDIA A100-SXM4-40GB,51.2,4.0,30772.0,
4883.073579895,1777949443.3542597,NVIDIA A100-SXM4-40GB,51.2,4.0,30772.0,
4883.301882895,1777949443.582563,NVIDIA A100-SXM4-40GB,51.2,4.0,30772.0,
4883.529271439,1777949443.8099513,NVIDIA A100-SXM4-40GB,51.2,4.0,30772.0,
4883.755574841,1777949444.036255,NVIDIA A100-SXM4-40GB,51.47,3.0,30772.0,
4883.982207538,1777949444.2628877,NVIDIA A100-SXM4-40GB,51.47,4.0,30772.0,
4884.210677585,1777949444.4913578,NVIDIA A100-SXM4-40GB,51.47,4.0,30772.0,
4884.438052204,1777949444.718732,NVIDIA A100-SXM4-40GB,51.47,3.0,30772.0,
4884.665432697,1777949444.946113,NVIDIA A100-SXM4-40GB,51.15,3.0,30772.0,
4884.894591953,1777949445.1752722,NVIDIA A100-SXM4-40GB,51.47,4.0,30772.0,
4885.121484015,1777949445.402164,NVIDIA A100-SXM4-40GB,51.47,4.0,30772.0,
4885.348098241,1777949445.6287782,NVIDIA A100-SXM4-40GB,51.47,3.0,30772.0,
4885.576756072,1777949445.8574364,NVIDIA A100-SXM4-40GB,51.2,3.0,30772.0,
4885.803860906,1777949446.084541,NVIDIA A100-SXM4-40GB,51.47,4.0,30772.0,
4886.030142666,1777949446.3108227,NVIDIA A100-SXM4-40GB,51.47,4.0,30772.0,
4886.257436517,1777949446.5381165,NVIDIA A100-SXM4-40GB,51.47,4.0,30772.0,
4886.483979624,1777949446.7646594,NVIDIA A100-SXM4-40GB,51.47,4.0,30772.0,
4886.711080706,1777949446.991761,NVIDIA A100-SXM4-40GB,51.42,4.0,30772.0,
4886.938968087,1777949447.2196484,NVIDIA A100-SXM4-40GB,51.47,3.0,30772.0,
4887.166617034,1777949447.447297,NVIDIA A100-SXM4-40GB,51.2,4.0,30772.0,
4887.394801329,1777949447.6754816,NVIDIA A100-SXM4-40GB,51.2,3.0,30772.0,
4887.621906982,1777949447.902587,NVIDIA A100-SXM4-40GB,51.2,3.0,30772.0,
4887.848626811,1777949448.1293066,NVIDIA A100-SXM4-40GB,52.02,4.0,30772.0,
4888.07493351,1777949448.355614,NVIDIA A100-SXM4-40GB,51.42,3.0,30772.0,
4888.301594892,1777949448.5822752,NVIDIA A100-SXM4-40GB,51.15,4.0,30772.0,
4888.528215588,1777949448.8088958,NVIDIA A100-SXM4-40GB,51.42,3.0,30772.0,
4888.755220966,1777949449.0359015,NVIDIA A100-SXM4-40GB,51.47,3.0,30772.0,
4888.982441475,1777949449.2631214,NVIDIA A100-SXM4-40GB,51.47,3.0,30772.0,
4889.210714655,1777949449.4913952,NVIDIA A100-SXM4-40GB,51.47,4.0,30772.0,
4889.437525874,1777949449.7182057,NVIDIA A100-SXM4-40GB,51.74,4.0,30772.0,
4889.6643173,1777949449.944997,NVIDIA A100-SXM4-40GB,51.42,4.0,30772.0,
4889.891458764,1777949450.172139,NVIDIA A100-SXM4-40GB,51.47,4.0,30772.0,
4890.119152296,1777949450.399832,NVIDIA A100-SXM4-40GB,51.2,4.0,30772.0,
4890.345794672,1777949450.6264744,NVIDIA A100-SXM4-40GB,51.2,3.0,30772.0,
4890.572621724,1777949450.8533018,NVIDIA A100-SXM4-40GB,51.47,3.0,30772.0,
4890.801159054,1777949451.0818393,NVIDIA A100-SXM4-40GB,51.42,4.0,30772.0,
4891.027614697,1777949451.308295,NVIDIA A100-SXM4-40GB,51.47,3.0,30772.0,
4891.25426957,1777949451.5349495,NVIDIA A100-SXM4-40GB,51.47,4.0,30772.0,
4891.481184037,1777949451.761864,NVIDIA A100-SXM4-40GB,51.47,4.0,30772.0,
4891.708802854,1777949451.9894826,NVIDIA A100-SXM4-40GB,51.2,3.0,30772.0,
4891.936182022,1777949452.2168622,NVIDIA A100-SXM4-40GB,51.47,3.0,30772.0,
4892.163356175,1777949452.444036,NVIDIA A100-SXM4-40GB,51.42,3.0,30772.0,
4892.390647644,1777949452.6713276,NVIDIA A100-SXM4-40GB,51.47,3.0,30772.0,
4892.617355125,1777949452.8980353,NVIDIA A100-SXM4-40GB,51.47,3.0,30772.0,
4892.84405005,1777949453.1247303,NVIDIA A100-SXM4-40GB,51.47,4.0,30772.0,
4893.074887076,1777949453.3555672,NVIDIA A100-SXM4-40GB,51.47,4.0,30772.0,
4893.301379347,1777949453.5820591,NVIDIA A100-SXM4-40GB,51.2,3.0,30772.0,
4893.528836501,1777949453.8095164,NVIDIA A100-SXM4-40GB,51.47,3.0,30772.0,
4893.755319347,1777949454.0359995,NVIDIA A100-SXM4-40GB,51.47,4.0,30772.0,
4893.982274071,1777949454.262954,NVIDIA A100-SXM4-40GB,51.47,4.0,30772.0,
4894.20897336,1777949454.4896536,NVIDIA A100-SXM4-40GB,51.47,4.0,30772.0,
4894.43605136,1777949454.7167315,NVIDIA A100-SXM4-40GB,51.2,4.0,30772.0,
4894.663886282,1777949454.9445665,NVIDIA A100-SXM4-40GB,51.47,3.0,30772.0,
4894.891042407,1777949455.1717224,NVIDIA A100-SXM4-40GB,51.47,3.0,30772.0,
4895.117603081,1777949455.398283,NVIDIA A100-SXM4-40GB,51.47,3.0,30772.0,
4895.345355449,1777949455.626036,NVIDIA A100-SXM4-40GB,51.47,3.0,30772.0,
4895.571936822,1777949455.8526168,NVIDIA A100-SXM4-40GB,51.47,3.0,30772.0,
4895.798859093,1777949456.0795395,NVIDIA A100-SXM4-40GB,51.47,3.0,30772.0,
4896.025362589,1777949456.3060427,NVIDIA A100-SXM4-40GB,51.47,3.0,30772.0,
4896.253782892,1777949456.5344632,NVIDIA A100-SXM4-40GB,51.47,3.0,30772.0,
4896.480043828,1777949456.7607238,NVIDIA A100-SXM4-40GB,51.47,4.0,30772.0,
4896.706126427,1777949456.9868062,NVIDIA A100-SXM4-40GB,51.42,3.0,30772.0,
4896.933324942,1777949457.2140048,NVIDIA A100-SXM4-40GB,51.47,3.0,30772.0,
4897.160157899,1777949457.4408379,NVIDIA A100-SXM4-40GB,51.2,3.0,30772.0,
4897.38698979,1777949457.66767,NVIDIA A100-SXM4-40GB,51.47,4.0,30772.0,
4897.615323647,1777949457.8960037,NVIDIA A100-SXM4-40GB,51.47,4.0,30772.0,
4897.842363407,1777949458.1230435,NVIDIA A100-SXM4-40GB,51.47,3.0,30772.0,
4898.072546818,1777949458.3532267,NVIDIA A100-SXM4-40GB,51.47,3.0,30772.0,
4898.299281041,1777949458.579961,NVIDIA A100-SXM4-40GB,51.2,3.0,30772.0,
4898.52661119,1777949458.807291,NVIDIA A100-SXM4-40GB,51.47,3.0,30772.0,
4898.753562075,1777949459.0342424,NVIDIA A100-SXM4-40GB,51.47,4.0,30772.0,
4898.980643451,1777949459.2613237,NVIDIA A100-SXM4-40GB,51.47,4.0,30772.0,
4899.207968795,1777949459.4886487,NVIDIA A100-SXM4-40GB,51.47,3.0,30772.0,
4899.435034482,1777949459.7157145,NVIDIA A100-SXM4-40GB,51.47,4.0,30772.0,
4899.662121242,1777949459.9428015,NVIDIA A100-SXM4-40GB,51.47,4.0,30772.0,
4899.888630758,1777949460.169311,NVIDIA A100-SXM4-40GB,51.47,4.0,30772.0,
4900.115941326,1777949460.3966215,NVIDIA A100-SXM4-40GB,51.47,3.0,30772.0,
4900.342835127,1777949460.6235151,NVIDIA A100-SXM4-40GB,51.47,3.0,30772.0,
4900.569165559,1777949460.8498456,NVIDIA A100-SXM4-40GB,51.47,3.0,30772.0,
4900.796500454,1777949461.0771806,NVIDIA A100-SXM4-40GB,51.47,4.0,30772.0,
4901.027503937,1777949461.3081841,NVIDIA A100-SXM4-40GB,51.47,4.0,30772.0,
4901.254846121,1777949461.5355265,NVIDIA A100-SXM4-40GB,51.42,4.0,30772.0,
4901.482243191,1777949461.762923,NVIDIA A100-SXM4-40GB,51.47,4.0,30772.0,
4901.709778116,1777949461.9904578,NVIDIA A100-SXM4-40GB,51.47,4.0,30772.0,
4901.936838532,1777949462.2175186,NVIDIA A100-SXM4-40GB,51.47,4.0,30772.0,
4902.165303407,1777949462.4459832,NVIDIA A100-SXM4-40GB,51.47,4.0,30772.0,
4902.392126976,1777949462.672807,NVIDIA A100-SXM4-40GB,51.47,4.0,30772.0,
4902.619463985,1777949462.900144,NVIDIA A100-SXM4-40GB,51.47,4.0,30772.0,
4902.846038393,1777949463.1267185,NVIDIA A100-SXM4-40GB,51.47,4.0,30772.0,
4903.07403328,1777949463.354714,NVIDIA A100-SXM4-40GB,51.47,4.0,30772.0,
4903.30144522,1777949463.5821257,NVIDIA A100-SXM4-40GB,51.47,4.0,30772.0,
4903.528831747,1777949463.8095124,NVIDIA A100-SXM4-40GB,51.47,4.0,30772.0,
4903.75561183,1777949464.0362918,NVIDIA A100-SXM4-40GB,51.47,4.0,30772.0,
4903.984274377,1777949464.2649543,NVIDIA A100-SXM4-40GB,51.2,4.0,30772.0,
4904.211266459,1777949464.4919467,NVIDIA A100-SXM4-40GB,51.74,3.0,30772.0,
4904.438694089,1777949464.719374,NVIDIA A100-SXM4-40GB,51.47,3.0,30772.0,
4904.665419444,1777949464.9460995,NVIDIA A100-SXM4-40GB,51.47,4.0,30772.0,
4904.892212303,1777949465.172892,NVIDIA A100-SXM4-40GB,51.47,4.0,30772.0,
4905.121615307,1777949465.4022958,NVIDIA A100-SXM4-40GB,51.47,4.0,30772.0,
4905.348192332,1777949465.6288722,NVIDIA A100-SXM4-40GB,51.42,4.0,30772.0,
4905.574797931,1777949465.855478,NVIDIA A100-SXM4-40GB,51.47,4.0,30772.0,
4905.803392777,1777949466.084073,NVIDIA A100-SXM4-40GB,51.47,4.0,30772.0,
4906.029668769,1777949466.310349,NVIDIA A100-SXM4-40GB,51.47,4.0,30772.0,
4906.25593117,1777949466.5366113,NVIDIA A100-SXM4-40GB,51.47,4.0,30772.0,
4906.482624363,1777949466.7633045,NVIDIA A100-SXM4-40GB,51.42,4.0,30772.0,
4906.709770253,1777949466.9904504,NVIDIA A100-SXM4-40GB,51.47,4.0,30772.0,
4906.937066197,1777949467.2177465,NVIDIA A100-SXM4-40GB,51.47,4.0,30772.0,
4907.165363054,1777949467.4460433,NVIDIA A100-SXM4-40GB,51.47,4.0,30772.0,
4907.393194615,1777949467.6738749,NVIDIA A100-SXM4-40GB,51.47,4.0,30772.0,
4907.621061939,1777949467.9017422,NVIDIA A100-SXM4-40GB,51.47,4.0,30772.0,
4907.848956456,1777949468.1296365,NVIDIA A100-SXM4-40GB,51.47,4.0,30772.0,
4908.076709259,1777949468.3573892,NVIDIA A100-SXM4-40GB,51.47,4.0,30772.0,
4908.303030153,1777949468.58371,NVIDIA A100-SXM4-40GB,51.47,4.0,30772.0,
4908.528459321,1777949468.8091393,NVIDIA A100-SXM4-40GB,51.47,3.0,30772.0,
4908.754873796,1777949469.0355537,NVIDIA A100-SXM4-40GB,51.42,4.0,30772.0,
4908.982261321,1777949469.2629414,NVIDIA A100-SXM4-40GB,51.42,4.0,30772.0,
4909.209549952,1777949469.4902298,NVIDIA A100-SXM4-40GB,51.42,4.0,30772.0,
4909.436246065,1777949469.716926,NVIDIA A100-SXM4-40GB,52.07,4.0,30772.0,
4909.666151781,1777949469.9468322,NVIDIA A100-SXM4-40GB,51.47,4.0,30772.0,
4909.892766091,1777949470.173446,NVIDIA A100-SXM4-40GB,51.15,4.0,30772.0,
4910.120788884,1777949470.4014688,NVIDIA A100-SXM4-40GB,51.2,4.0,30772.0,
4910.348195364,1777949470.6288753,NVIDIA A100-SXM4-40GB,51.47,4.0,30772.0,
4910.574683882,1777949470.8553638,NVIDIA A100-SXM4-40GB,51.2,4.0,30772.0,
4910.803762451,1777949471.0844426,NVIDIA A100-SXM4-40GB,51.2,3.0,30772.0,
4911.031946125,1777949471.3126261,NVIDIA A100-SXM4-40GB,51.2,3.0,30772.0,
4911.259368229,1777949471.5400484,NVIDIA A100-SXM4-40GB,51.2,3.0,30772.0,
4911.485597712,1777949471.7662776,NVIDIA A100-SXM4-40GB,51.15,4.0,30772.0,
4911.71285289,1777949471.9935331,NVIDIA A100-SXM4-40GB,51.2,3.0,30772.0,
4911.940861876,1777949472.2215421,NVIDIA A100-SXM4-40GB,51.15,3.0,30772.0,
4912.167889249,1777949472.4485693,NVIDIA A100-SXM4-40GB,51.15,3.0,30772.0,
4912.397677357,1777949472.6783576,NVIDIA A100-SXM4-40GB,51.15,4.0,30772.0,
4912.624688886,1777949472.905369,NVIDIA A100-SXM4-40GB,51.2,4.0,30772.0,
4912.851242748,1777949473.1319227,NVIDIA A100-SXM4-40GB,51.15,4.0,30772.0,
4913.078739264,1777949473.3594193,NVIDIA A100-SXM4-40GB,51.2,4.0,30772.0,
4913.305291971,1777949473.585972,NVIDIA A100-SXM4-40GB,51.2,4.0,30772.0,
4913.532326267,1777949473.8130062,NVIDIA A100-SXM4-40GB,51.15,3.0,30772.0,
4913.760410829,1777949474.041091,NVIDIA A100-SXM4-40GB,51.47,4.0,30772.0,
4913.98766046,1777949474.2683408,NVIDIA A100-SXM4-40GB,51.47,4.0,30772.0,
4914.215014954,1777949474.495695,NVIDIA A100-SXM4-40GB,51.2,4.0,30772.0,
4914.441729005,1777949474.722409,NVIDIA A100-SXM4-40GB,51.2,3.0,30772.0,
4914.669081394,1777949474.9497614,NVIDIA A100-SXM4-40GB,51.42,4.0,30772.0,
4914.895950617,1777949475.1766307,NVIDIA A100-SXM4-40GB,51.2,4.0,30772.0,
4915.122965432,1777949475.4036455,NVIDIA A100-SXM4-40GB,51.2,3.0,30772.0,
4915.35012478,1777949475.6308048,NVIDIA A100-SXM4-40GB,51.2,4.0,30772.0,
4915.576955402,1777949475.8576353,NVIDIA A100-SXM4-40GB,51.2,4.0,30772.0,
4915.805334094,1777949476.0860145,NVIDIA A100-SXM4-40GB,51.2,4.0,30772.0,
4916.031829407,1777949476.3125098,NVIDIA A100-SXM4-40GB,51.2,3.0,30772.0,
4916.259251798,1777949476.5399315,NVIDIA A100-SXM4-40GB,51.2,4.0,30772.0,
4916.48585477,1777949476.7665346,NVIDIA A100-SXM4-40GB,51.2,4.0,30772.0,
4916.712461211,1777949476.9931412,NVIDIA A100-SXM4-40GB,51.2,4.0,30772.0,
4916.939993801,1777949477.2206738,NVIDIA A100-SXM4-40GB,51.2,4.0,30772.0,
4917.167107806,1777949477.447788,NVIDIA A100-SXM4-40GB,51.2,4.0,30772.0,
4917.39405451,1777949477.6747348,NVIDIA A100-SXM4-40GB,51.47,3.0,30772.0,
4917.621445409,1777949477.9021254,NVIDIA A100-SXM4-40GB,51.47,4.0,30772.0,
4917.848034027,1777949478.1287143,NVIDIA A100-SXM4-40GB,51.2,4.0,30772.0,
4918.074717438,1777949478.3553975,NVIDIA A100-SXM4-40GB,51.2,4.0,30772.0,
4918.301366212,1777949478.5820463,NVIDIA A100-SXM4-40GB,51.47,3.0,30772.0,
4918.528180301,1777949478.80886,NVIDIA A100-SXM4-40GB,51.2,3.0,30772.0,
4918.753515615,1777949479.0341961,NVIDIA A100-SXM4-40GB,51.2,3.0,30772.0,
4918.980872997,1777949479.2615528,NVIDIA A100-SXM4-40GB,51.2,3.0,30772.0,
4919.207638252,1777949479.4883182,NVIDIA A100-SXM4-40GB,51.42,4.0,30772.0,
4919.435034393,1777949479.7157142,NVIDIA A100-SXM4-40GB,51.2,4.0,30772.0,
4919.661852808,1777949479.9425328,NVIDIA A100-SXM4-40GB,51.15,3.0,30772.0,
4919.888349943,1777949480.1690302,NVIDIA A100-SXM4-40GB,51.47,3.0,30772.0,
4920.115256164,1777949480.3959363,NVIDIA A100-SXM4-40GB,51.15,4.0,30772.0,
4920.341705527,1777949480.6223857,NVIDIA A100-SXM4-40GB,51.2,4.0,30772.0,
4920.568328782,1777949480.8490086,NVIDIA A100-SXM4-40GB,51.2,4.0,30772.0,
4920.79564103,1777949481.076321,NVIDIA A100-SXM4-40GB,51.47,4.0,30772.0,
4921.022442152,1777949481.3031228,NVIDIA A100-SXM4-40GB,51.2,3.0,30772.0,
4921.249532862,1777949481.5302129,NVIDIA A100-SXM4-40GB,51.42,4.0,30772.0,
4921.477283295,1777949481.7579632,NVIDIA A100-SXM4-40GB,51.2,4.0,30772.0,
4921.706681047,1777949481.987361,NVIDIA A100-SXM4-40GB,51.47,4.0,30772.0,
4921.933537448,1777949482.2142174,NVIDIA A100-SXM4-40GB,51.47,4.0,30772.0,
4922.160289506,1777949482.4409695,NVIDIA A100-SXM4-40GB,51.15,4.0,30772.0,
4922.389377385,1777949482.6700575,NVIDIA A100-SXM4-40GB,51.15,3.0,30772.0,
4922.616442294,1777949482.8971221,NVIDIA A100-SXM4-40GB,51.2,3.0,30772.0,
4922.842555451,1777949483.123236,NVIDIA A100-SXM4-40GB,51.42,3.0,30772.0,
4923.069612279,1777949483.3502922,NVIDIA A100-SXM4-40GB,51.2,4.0,30772.0,
4923.297605394,1777949483.5782852,NVIDIA A100-SXM4-40GB,51.47,3.0,30772.0,
4923.524824179,1777949483.8055043,NVIDIA A100-SXM4-40GB,51.2,4.0,30772.0,
4923.751236131,1777949484.0319164,NVIDIA A100-SXM4-40GB,51.47,3.0,30772.0,
4923.978936143,1777949484.2596164,NVIDIA A100-SXM4-40GB,51.2,3.0,30772.0,
4924.207276514,1777949484.4879565,NVIDIA A100-SXM4-40GB,51.2,4.0,30772.0,
4924.434603698,1777949484.7152839,NVIDIA A100-SXM4-40GB,51.2,4.0,30772.0,
4924.661756038,1777949484.942436,NVIDIA A100-SXM4-40GB,51.2,3.0,30772.0,
4924.88828494,1777949485.1689649,NVIDIA A100-SXM4-40GB,51.2,3.0,30772.0,
4925.11604892,1777949485.396729,NVIDIA A100-SXM4-40GB,51.47,4.0,30772.0,
4925.345833683,1777949485.6265137,NVIDIA A100-SXM4-40GB,51.2,4.0,30772.0,
4925.572524426,1777949485.8532047,NVIDIA A100-SXM4-40GB,51.2,4.0,30772.0,
4925.799038934,1777949486.0797188,NVIDIA A100-SXM4-40GB,51.2,4.0,30772.0,
4926.026542902,1777949486.3072233,NVIDIA A100-SXM4-40GB,51.47,4.0,30772.0,
4926.253178371,1777949486.5338583,NVIDIA A100-SXM4-40GB,51.2,4.0,30772.0,
4926.480220495,1777949486.7609003,NVIDIA A100-SXM4-40GB,51.2,4.0,30772.0,
4926.707631194,1777949486.9883113,NVIDIA A100-SXM4-40GB,51.47,4.0,30772.0,
4926.935180332,1777949487.2158604,NVIDIA A100-SXM4-40GB,51.2,4.0,30772.0,
4927.162098675,1777949487.4427788,NVIDIA A100-SXM4-40GB,51.2,4.0,30772.0,
4927.38911512,1777949487.6697953,NVIDIA A100-SXM4-40GB,51.47,4.0,30772.0,
4927.61660741,1777949487.8972874,NVIDIA A100-SXM4-40GB,51.2,3.0,30772.0,
4927.843229875,1777949488.12391,NVIDIA A100-SXM4-40GB,51.42,4.0,30772.0,
4928.070369348,1777949488.35105,NVIDIA A100-SXM4-40GB,51.42,4.0,30772.0,
4928.297752734,1777949488.578433,NVIDIA A100-SXM4-40GB,51.2,3.0,30772.0,
4928.524982798,1777949488.8056626,NVIDIA A100-SXM4-40GB,51.47,4.0,30772.0,
4928.753033836,1777949489.0337136,NVIDIA A100-SXM4-40GB,51.47,4.0,30772.0,
4928.979952425,1777949489.2606325,NVIDIA A100-SXM4-40GB,51.2,4.0,30772.0,
4929.207689706,1777949489.4883697,NVIDIA A100-SXM4-40GB,51.42,4.0,30772.0,
4929.435190565,1777949489.7158704,NVIDIA A100-SXM4-40GB,51.69,3.0,30772.0,
4929.663773542,1777949489.9444535,NVIDIA A100-SXM4-40GB,51.2,3.0,30772.0,
4929.891153008,1777949490.1718328,NVIDIA A100-SXM4-40GB,51.2,4.0,30772.0,
4930.118877043,1777949490.399557,NVIDIA A100-SXM4-40GB,51.2,4.0,30772.0,
4930.345311162,1777949490.625991,NVIDIA A100-SXM4-40GB,51.47,4.0,30772.0,
4930.57410153,1777949490.8547814,NVIDIA A100-SXM4-40GB,51.2,4.0,30772.0,
4930.802350505,1777949491.0830307,NVIDIA A100-SXM4-40GB,51.2,3.0,30772.0,
4931.029034129,1777949491.3097143,NVIDIA A100-SXM4-40GB,51.47,4.0,30772.0,
4931.258211395,1777949491.5388918,NVIDIA A100-SXM4-40GB,51.2,4.0,30772.0,
4931.485583467,1777949491.7662635,NVIDIA A100-SXM4-40GB,51.2,4.0,30772.0,
4931.712258189,1777949491.9929383,NVIDIA A100-SXM4-40GB,51.2,3.0,30772.0,
4931.939349653,1777949492.2200303,NVIDIA A100-SXM4-40GB,51.15,4.0,30772.0,
4932.166168636,1777949492.4468486,NVIDIA A100-SXM4-40GB,51.15,4.0,30772.0,
4932.393076569,1777949492.6737566,NVIDIA A100-SXM4-40GB,51.2,4.0,30772.0,
4932.619866284,1777949492.9005466,NVIDIA A100-SXM4-40GB,51.15,4.0,30772.0,
4932.847068457,1777949493.1277483,NVIDIA A100-SXM4-40GB,51.47,4.0,30772.0,
4933.074197545,1777949493.3548775,NVIDIA A100-SXM4-40GB,51.2,3.0,30772.0,
4933.301579764,1777949493.58226,NVIDIA A100-SXM4-40GB,51.15,4.0,30772.0,
4933.529513686,1777949493.8101938,NVIDIA A100-SXM4-40GB,51.2,4.0,30772.0,
4933.756336989,1777949494.0370169,NVIDIA A100-SXM4-40GB,51.42,4.0,30772.0,
4933.984066096,1777949494.2647462,NVIDIA A100-SXM4-40GB,51.2,3.0,30772.0,
4934.213244909,1777949494.4939253,NVIDIA A100-SXM4-40GB,51.15,4.0,30772.0,
4934.440203972,1777949494.720884,NVIDIA A100-SXM4-40GB,51.2,3.0,30772.0,
4934.666669956,1777949494.94735,NVIDIA A100-SXM4-40GB,51.47,3.0,30772.0,
4934.893544139,1777949495.1742244,NVIDIA A100-SXM4-40GB,51.47,4.0,30772.0,
4935.120749092,1777949495.4014292,NVIDIA A100-SXM4-40GB,51.2,3.0,30772.0,
4935.348516108,1777949495.6291964,NVIDIA A100-SXM4-40GB,51.2,3.0,30772.0,
4935.575423893,1777949495.8561044,NVIDIA A100-SXM4-40GB,51.15,3.0,30772.0,
4935.803578515,1777949496.0842586,NVIDIA A100-SXM4-40GB,51.2,3.0,30772.0,
4936.029973524,1777949496.3106537,NVIDIA A100-SXM4-40GB,51.2,4.0,30772.0,
4936.2573019,1777949496.5379822,NVIDIA A100-SXM4-40GB,51.2,4.0,30772.0,
4936.484500861,1777949496.7651808,NVIDIA A100-SXM4-40GB,51.42,4.0,30772.0,
4936.711693027,1777949496.9923732,NVIDIA A100-SXM4-40GB,51.15,3.0,30772.0,
4936.939040604,1777949497.219721,NVIDIA A100-SXM4-40GB,51.15,4.0,30772.0,
4937.166639705,1777949497.44732,NVIDIA A100-SXM4-40GB,51.2,4.0,30772.0,
4937.393834961,1777949497.674515,NVIDIA A100-SXM4-40GB,51.47,4.0,30772.0,
4937.62085875,1777949497.9015386,NVIDIA A100-SXM4-40GB,51.2,4.0,30772.0,
4937.848199036,1777949498.128879,NVIDIA A100-SXM4-40GB,51.2,3.0,30772.0,
4938.07570747,1777949498.3563879,NVIDIA A100-SXM4-40GB,51.2,4.0,30772.0,
4938.303189333,1777949498.5838692,NVIDIA A100-SXM4-40GB,51.47,4.0,30772.0,
4938.52977529,1777949498.810455,NVIDIA A100-SXM4-40GB,51.42,4.0,30772.0,
4938.757700993,1777949499.038381,NVIDIA A100-SXM4-40GB,51.2,4.0,30772.0,
4938.984745586,1777949499.265426,NVIDIA A100-SXM4-40GB,51.47,4.0,30772.0,
4939.211746956,1777949499.4924273,NVIDIA A100-SXM4-40GB,51.2,3.0,30772.0,
4939.44011932,1777949499.7207994,NVIDIA A100-SXM4-40GB,51.47,4.0,30772.0,
4939.667244119,1777949499.947924,NVIDIA A100-SXM4-40GB,51.15,4.0,30772.0,
4939.894430274,1777949500.1751103,NVIDIA A100-SXM4-40GB,51.47,3.0,30772.0,
4940.121609812,1777949500.4022896,NVIDIA A100-SXM4-40GB,51.42,4.0,30772.0,
4940.348387536,1777949500.6290674,NVIDIA A100-SXM4-40GB,51.2,4.0,30772.0,
4940.575394056,1777949500.856074,NVIDIA A100-SXM4-40GB,51.2,4.0,30772.0,
4940.802395258,1777949501.0830755,NVIDIA A100-SXM4-40GB,51.47,4.0,30772.0,
4941.030180607,1777949501.3108609,NVIDIA A100-SXM4-40GB,51.2,4.0,30772.0,
4941.258482456,1777949501.5391624,NVIDIA A100-SXM4-40GB,51.2,4.0,30772.0,
4941.485006784,1777949501.7656868,NVIDIA A100-SXM4-40GB,51.42,4.0,30772.0,
4941.713107709,1777949501.993788,NVIDIA A100-SXM4-40GB,51.42,4.0,30772.0,
4941.939871126,1777949502.2205515,NVIDIA A100-SXM4-40GB,51.2,4.0,30772.0,
4942.166303351,1777949502.4469836,NVIDIA A100-SXM4-40GB,51.15,3.0,30772.0,
4942.39413361,1777949502.6748137,NVIDIA A100-SXM4-40GB,51.47,4.0,30772.0,
4942.621460275,1777949502.9021401,NVIDIA A100-SXM4-40GB,51.47,4.0,30772.0,
4942.848403451,1777949503.1290836,NVIDIA A100-SXM4-40GB,51.2,4.0,30772.0,
4943.075598576,1777949503.3562784,NVIDIA A100-SXM4-40GB,51.47,4.0,30772.0,
4943.302491538,1777949503.5831714,NVIDIA A100-SXM4-40GB,51.2,4.0,30772.0,
4943.529424044,1777949503.8101044,NVIDIA A100-SXM4-40GB,51.2,4.0,30772.0,
4943.755678618,1777949504.0363588,NVIDIA A100-SXM4-40GB,51.47,4.0,30772.0,
4943.982557218,1777949504.2632375,NVIDIA A100-SXM4-40GB,51.47,4.0,30772.0,
4944.209632836,1777949504.4903128,NVIDIA A100-SXM4-40GB,51.74,4.0,30772.0,
4944.437361008,1777949504.7180412,NVIDIA A100-SXM4-40GB,51.42,4.0,30772.0,
4944.663953044,1777949504.9446332,NVIDIA A100-SXM4-40GB,51.2,4.0,30772.0,
4944.891100795,1777949505.171781,NVIDIA A100-SXM4-40GB,51.2,4.0,30772.0,
4945.117823169,1777949505.3985028,NVIDIA A100-SXM4-40GB,51.47,4.0,30772.0,
4945.34428125,1777949505.6249616,NVIDIA A100-SXM4-40GB,51.2,4.0,30772.0,
4945.571221763,1777949505.851902,NVIDIA A100-SXM4-40GB,51.2,4.0,30772.0,
4945.798065341,1777949506.0787458,NVIDIA A100-SXM4-40GB,51.15,4.0,30772.0,
4946.025889524,1777949506.3065698,NVIDIA A100-SXM4-40GB,51.2,3.0,30772.0,
4946.252630281,1777949506.5333104,NVIDIA A100-SXM4-40GB,51.2,4.0,30772.0,
4946.479339251,1777949506.7600193,NVIDIA A100-SXM4-40GB,51.2,3.0,30772.0,
4946.705784354,1777949506.9864645,NVIDIA A100-SXM4-40GB,51.2,3.0,30772.0,
4946.93316195,1777949507.213842,NVIDIA A100-SXM4-40GB,51.47,3.0,30772.0,
4947.162464659,1777949507.443145,NVIDIA A100-SXM4-40GB,51.2,3.0,30772.0,
4947.389456445,1777949507.6701367,NVIDIA A100-SXM4-40GB,51.2,3.0,30772.0,
4947.616352393,1777949507.8970323,NVIDIA A100-SXM4-40GB,51.42,3.0,30772.0,
4947.843335448,1777949508.1240158,NVIDIA A100-SXM4-40GB,51.2,3.0,30772.0,
4948.070587319,1777949508.3512673,NVIDIA A100-SXM4-40GB,51.2,4.0,30772.0,
4948.297380853,1777949508.578061,NVIDIA A100-SXM4-40GB,51.47,4.0,30772.0,
4948.524122211,1777949508.804802,NVIDIA A100-SXM4-40GB,51.2,4.0,30772.0,
4948.750738328,1777949509.0314183,NVIDIA A100-SXM4-40GB,51.2,4.0,30772.0,
4948.977201008,1777949509.2578814,NVIDIA A100-SXM4-40GB,51.42,4.0,30772.0,
4949.204317424,1777949509.4849973,NVIDIA A100-SXM4-40GB,51.47,4.0,30772.0,
4949.431547191,1777949509.7122273,NVIDIA A100-SXM4-40GB,51.47,4.0,30772.0,
4949.658464551,1777949509.9391444,NVIDIA A100-SXM4-40GB,51.47,4.0,30772.0,
4949.887096319,1777949510.1677766,NVIDIA A100-SXM4-40GB,51.47,4.0,30772.0,
4950.114194001,1777949510.3948739,NVIDIA A100-SXM4-40GB,51.2,3.0,30772.0,
4950.341680283,1777949510.6223605,NVIDIA A100-SXM4-40GB,51.47,4.0,30772.0,
4950.569245922,1777949510.849926,NVIDIA A100-SXM4-40GB,51.2,4.0,30772.0,
4950.796588047,1777949511.0772681,NVIDIA A100-SXM4-40GB,51.2,4.0,30772.0,
4951.023400289,1777949511.3040807,NVIDIA A100-SXM4-40GB,51.47,4.0,30772.0,
4951.25073524,1777949511.5314152,NVIDIA A100-SXM4-40GB,51.42,4.0,30772.0,
4951.477178943,1777949511.7578588,NVIDIA A100-SXM4-40GB,51.47,4.0,30772.0,
4951.704260786,1777949511.9849408,NVIDIA A100-SXM4-40GB,51.47,4.0,30772.0,
4951.93156815,1777949512.2122483,NVIDIA A100-SXM4-40GB,51.47,4.0,30772.0,
4952.158279103,1777949512.4389594,NVIDIA A100-SXM4-40GB,51.47,4.0,30772.0,
4952.385145337,1777949512.6658254,NVIDIA A100-SXM4-40GB,51.47,4.0,30772.0,
4952.611851351,1777949512.8925312,NVIDIA A100-SXM4-40GB,51.47,4.0,30772.0,
4952.83858513,1777949513.1192653,NVIDIA A100-SXM4-40GB,51.47,4.0,30772.0,
4953.065539971,1777949513.3462203,NVIDIA A100-SXM4-40GB,51.47,4.0,30772.0,
4953.295109392,1777949513.5757892,NVIDIA A100-SXM4-40GB,51.47,4.0,30772.0,
4953.521712451,1777949513.8023922,NVIDIA A100-SXM4-40GB,51.2,4.0,30772.0,
4953.748199551,1777949514.0288794,NVIDIA A100-SXM4-40GB,51.2,4.0,30772.0,
4953.976041836,1777949514.2567222,NVIDIA A100-SXM4-40GB,51.47,4.0,30772.0,
4954.202930636,1777949514.4836106,NVIDIA A100-SXM4-40GB,51.42,3.0,30772.0,
4954.429818937,1777949514.710499,NVIDIA A100-SXM4-40GB,51.47,3.0,30772.0,
4954.657293239,1777949514.9379733,NVIDIA A100-SXM4-40GB,51.47,4.0,30772.0,
4954.884684107,1777949515.165364,NVIDIA A100-SXM4-40GB,51.15,4.0,30772.0,
4955.111539217,1777949515.392219,NVIDIA A100-SXM4-40GB,51.47,4.0,30772.0,
4955.33856606,1777949515.619246,NVIDIA A100-SXM4-40GB,51.47,4.0,30772.0,
4955.566252816,1777949515.8469326,NVIDIA A100-SXM4-40GB,51.47,4.0,30772.0,
4955.793143335,1777949516.0738235,NVIDIA A100-SXM4-40GB,51.2,4.0,30772.0,
4956.020127945,1777949516.300808,NVIDIA A100-SXM4-40GB,51.42,4.0,30772.0,
4956.24752241,1777949516.5282023,NVIDIA A100-SXM4-40GB,51.47,4.0,30772.0,
4956.474731271,1777949516.7554111,NVIDIA A100-SXM4-40GB,51.42,3.0,30772.0,
4956.701563719,1777949516.9822435,NVIDIA A100-SXM4-40GB,51.42,3.0,30772.0,
4956.928306142,1777949517.208986,NVIDIA A100-SXM4-40GB,51.47,3.0,30772.0,
4957.154955225,1777949517.4356356,NVIDIA A100-SXM4-40GB,51.47,3.0,30772.0,
4957.381769402,1777949517.6624496,NVIDIA A100-SXM4-40GB,51.2,3.0,30772.0,
4957.609501254,1777949517.8901815,NVIDIA A100-SXM4-40GB,51.47,3.0,30772.0,
4957.839194684,1777949518.1198747,NVIDIA A100-SXM4-40GB,51.47,3.0,30772.0,
4958.066656171,1777949518.3473365,NVIDIA A100-SXM4-40GB,51.2,3.0,30772.0,
4958.292877087,1777949518.573557,NVIDIA A100-SXM4-40GB,51.47,3.0,30772.0,
4958.522942675,1777949518.803623,NVIDIA A100-SXM4-40GB,51.47,4.0,30772.0,
4958.749667177,1777949519.0303473,NVIDIA A100-SXM4-40GB,51.2,3.0,30772.0,
4958.976859253,1777949519.2575393,NVIDIA A100-SXM4-40GB,51.47,3.0,30772.0,
4959.20565713,1777949519.4863374,NVIDIA A100-SXM4-40GB,51.47,4.0,30772.0,
4959.433750534,1777949519.7144308,NVIDIA A100-SXM4-40GB,51.47,4.0,30772.0,
4959.660830179,1777949519.9415104,NVIDIA A100-SXM4-40GB,51.47,4.0,30772.0,
4959.888802639,1777949520.1694827,NVIDIA A100-SXM4-40GB,51.47,3.0,30772.0,
4960.11588578,1777949520.3965657,NVIDIA A100-SXM4-40GB,51.47,3.0,30772.0,
4960.342910718,1777949520.623591,NVIDIA A100-SXM4-40GB,51.47,4.0,30772.0,
4960.570577163,1777949520.8512573,NVIDIA A100-SXM4-40GB,51.47,3.0,30772.0,
4960.797368161,1777949521.0780485,NVIDIA A100-SXM4-40GB,51.47,4.0,30772.0,
4961.024282312,1777949521.3049626,NVIDIA A100-SXM4-40GB,51.2,3.0,30772.0,
4961.252832079,1777949521.533512,NVIDIA A100-SXM4-40GB,51.42,3.0,30772.0,
4961.482476288,1777949521.7631562,NVIDIA A100-SXM4-40GB,51.47,4.0,30772.0,
4961.708721477,1777949521.9894016,NVIDIA A100-SXM4-40GB,51.47,3.0,30772.0,
4961.935798805,1777949522.216479,NVIDIA A100-SXM4-40GB,51.42,3.0,30772.0,
4962.162750919,1777949522.443431,NVIDIA A100-SXM4-40GB,51.47,4.0,30772.0,
4962.389984745,1777949522.6706655,NVIDIA A100-SXM4-40GB,51.42,4.0,30772.0,
4962.616480699,1777949522.897161,NVIDIA A100-SXM4-40GB,51.47,4.0,30772.0,
4962.843859683,1777949523.1245396,NVIDIA A100-SXM4-40GB,51.47,4.0,30772.0,
4963.070611589,1777949523.3512914,NVIDIA A100-SXM4-40GB,51.47,4.0,30772.0,
4963.29718028,1777949523.5778606,NVIDIA A100-SXM4-40GB,51.15,4.0,30772.0,
4963.524123739,1777949523.804804,NVIDIA A100-SXM4-40GB,51.42,4.0,30772.0,
4963.75055149,1777949524.0312316,NVIDIA A100-SXM4-40GB,51.47,4.0,30772.0,
4963.976987968,1777949524.2576683,NVIDIA A100-SXM4-40GB,51.42,4.0,30772.0,
4964.204404065,1777949524.485084,NVIDIA A100-SXM4-40GB,51.47,4.0,30772.0,
4964.432808781,1777949524.713489,NVIDIA A100-SXM4-40GB,51.47,3.0,30772.0,
4964.659879449,1777949524.9405596,NVIDIA A100-SXM4-40GB,51.42,3.0,30772.0,
4964.887181378,1777949525.1678617,NVIDIA A100-SXM4-40GB,51.47,4.0,30772.0,
4965.114402905,1777949525.3950832,NVIDIA A100-SXM4-40GB,51.47,4.0,30772.0,
4965.341964895,1777949525.6226447,NVIDIA A100-SXM4-40GB,51.42,4.0,30772.0,
4965.568339412,1777949525.8490193,NVIDIA A100-SXM4-40GB,51.47,4.0,30772.0,
4965.794878733,1777949526.0755587,NVIDIA A100-SXM4-40GB,51.47,4.0,30772.0,
4966.021659933,1777949526.3023398,NVIDIA A100-SXM4-40GB,51.42,4.0,30772.0,
4966.249219035,1777949526.5298994,NVIDIA A100-SXM4-40GB,51.42,4.0,30772.0,
4966.47578949,1777949526.7564692,NVIDIA A100-SXM4-40GB,51.47,4.0,30772.0,
4966.703932424,1777949526.9846125,NVIDIA A100-SXM4-40GB,51.47,4.0,30772.0,
4966.930683248,1777949527.211363,NVIDIA A100-SXM4-40GB,51.47,3.0,30772.0,
4967.157890797,1777949527.4385707,NVIDIA A100-SXM4-40GB,51.42,4.0,30772.0,
4967.384741769,1777949527.665422,NVIDIA A100-SXM4-40GB,51.42,4.0,30772.0,
4967.611911748,1777949527.8925917,NVIDIA A100-SXM4-40GB,51.42,4.0,30772.0,
4967.838822666,1777949528.1195028,NVIDIA A100-SXM4-40GB,51.47,4.0,30772.0,
4968.066129634,1777949528.3468096,NVIDIA A100-SXM4-40GB,51.15,3.0,30772.0,
4968.29324089,1777949528.5739207,NVIDIA A100-SXM4-40GB,51.47,3.0,30772.0,
4968.520523769,1777949528.8012037,NVIDIA A100-SXM4-40GB,51.47,3.0,30772.0,
4968.747388447,1777949529.0280683,NVIDIA A100-SXM4-40GB,51.47,4.0,30772.0,
4968.97645703,1777949529.2571378,NVIDIA A100-SXM4-40GB,51.47,4.0,30772.0,
4969.203925418,1777949529.4846058,NVIDIA A100-SXM4-40GB,51.47,3.0,30772.0,
4969.43042826,1777949529.7111087,NVIDIA A100-SXM4-40GB,51.47,4.0,30772.0,
4969.657635828,1777949529.938316,NVIDIA A100-SXM4-40GB,51.47,3.0,30772.0,
4969.884395565,1777949530.165076,NVIDIA A100-SXM4-40GB,51.47,4.0,30772.0,
4970.110757986,1777949530.391438,NVIDIA A100-SXM4-40GB,51.47,4.0,30772.0,
4970.337928465,1777949530.6186087,NVIDIA A100-SXM4-40GB,51.42,3.0,30772.0,
4970.56485309,1777949530.8455334,NVIDIA A100-SXM4-40GB,51.47,3.0,30772.0,
4970.791716872,1777949531.072397,NVIDIA A100-SXM4-40GB,51.47,3.0,30772.0,
4971.019767187,1777949531.3004472,NVIDIA A100-SXM4-40GB,51.47,3.0,30772.0,
4971.248589999,1777949531.52927,NVIDIA A100-SXM4-40GB,51.47,4.0,30772.0,
4971.476212321,1777949531.7568924,NVIDIA A100-SXM4-40GB,51.47,4.0,30772.0,
4971.702727493,1777949531.9834073,NVIDIA A100-SXM4-40GB,51.47,4.0,30772.0,
4971.929837336,1777949532.2105181,NVIDIA A100-SXM4-40GB,51.47,4.0,30772.0,
4972.157374622,1777949532.4380548,NVIDIA A100-SXM4-40GB,51.47,4.0,30772.0,
4972.38468414,1777949532.665364,NVIDIA A100-SXM4-40GB,51.47,3.0,30772.0,
4972.611377071,1777949532.8920574,NVIDIA A100-SXM4-40GB,51.47,4.0,30772.0,
4972.838629856,1777949533.11931,NVIDIA A100-SXM4-40GB,51.47,4.0,30772.0,
4973.065703465,1777949533.3463833,NVIDIA A100-SXM4-40GB,51.47,4.0,30772.0,
4973.292077627,1777949533.5727575,NVIDIA A100-SXM4-40GB,51.47,4.0,30772.0,
4973.520023097,1777949533.800703,NVIDIA A100-SXM4-40GB,51.47,4.0,30772.0,
4973.746342018,1777949534.0270221,NVIDIA A100-SXM4-40GB,51.47,4.0,30772.0,
4973.973623498,1777949534.2543035,NVIDIA A100-SXM4-40GB,51.47,4.0,30772.0,
4974.20035011,1777949534.48103,NVIDIA A100-SXM4-40GB,51.47,4.0,30772.0,
4974.427259684,1777949534.7079396,NVIDIA A100-SXM4-40GB,51.47,4.0,30772.0,
4974.654108186,1777949534.934788,NVIDIA A100-SXM4-40GB,51.47,3.0,30772.0,
4974.880384712,1777949535.1610646,NVIDIA A100-SXM4-40GB,51.47,4.0,30772.0,
4975.110555456,1777949535.3912354,NVIDIA A100-SXM4-40GB,51.42,4.0,30772.0,
4975.337212604,1777949535.6178925,NVIDIA A100-SXM4-40GB,51.47,4.0,30772.0,
4975.564115702,1777949535.8447955,NVIDIA A100-SXM4-40GB,51.42,4.0,30772.0,
4975.791576216,1777949536.0722563,NVIDIA A100-SXM4-40GB,51.2,3.0,30772.0,
4976.018819324,1777949536.2994995,NVIDIA A100-SXM4-40GB,51.47,3.0,30772.0,
4976.245671163,1777949536.5263517,NVIDIA A100-SXM4-40GB,51.47,4.0,30772.0,
4976.47235278,1777949536.7530327,NVIDIA A100-SXM4-40GB,51.47,3.0,30772.0,
4976.698739989,1777949536.97942,NVIDIA A100-SXM4-40GB,51.47,3.0,30772.0,
4976.925822191,1777949537.2065022,NVIDIA A100-SXM4-40GB,51.47,3.0,30772.0,
4977.153348837,1777949537.434029,NVIDIA A100-SXM4-40GB,51.15,4.0,30772.0,
4977.381992331,1777949537.6626723,NVIDIA A100-SXM4-40GB,51.2,4.0,30772.0,
4977.608826443,1777949537.8895063,NVIDIA A100-SXM4-40GB,51.2,4.0,30772.0,
4977.835120053,1777949538.1158,NVIDIA A100-SXM4-40GB,51.2,3.0,30772.0,
4978.063255297,1777949538.3439355,NVIDIA A100-SXM4-40GB,51.47,3.0,30772.0,
4978.289987393,1777949538.5706673,NVIDIA A100-SXM4-40GB,51.2,4.0,30772.0,
4978.516479079,1777949538.7971592,NVIDIA A100-SXM4-40GB,51.2,4.0,30772.0,
4978.742826422,1777949539.0235066,NVIDIA A100-SXM4-40GB,51.47,4.0,30772.0,
4978.970072927,1777949539.250753,NVIDIA A100-SXM4-40GB,51.15,4.0,30772.0,
4979.196239241,1777949539.4769194,NVIDIA A100-SXM4-40GB,51.2,3.0,30772.0,
4979.422770679,1777949539.703451,NVIDIA A100-SXM4-40GB,51.2,4.0,30772.0,
4979.65001333,1777949539.9306934,NVIDIA A100-SXM4-40GB,51.2,3.0,30772.0,
4979.877207738,1777949540.157888,NVIDIA A100-SXM4-40GB,51.2,3.0,30772.0,
4980.104271303,1777949540.3849514,NVIDIA A100-SXM4-40GB,51.2,4.0,30772.0,
4980.331615376,1777949540.6122959,NVIDIA A100-SXM4-40GB,51.2,4.0,30772.0,
4980.558718782,1777949540.8393986,NVIDIA A100-SXM4-40GB,51.47,4.0,30772.0,
4980.785036247,1777949541.0657165,NVIDIA A100-SXM4-40GB,51.47,4.0,30772.0,
4981.013059433,1777949541.2937396,NVIDIA A100-SXM4-40GB,51.2,4.0,30772.0,
4981.240190244,1777949541.5208704,NVIDIA A100-SXM4-40GB,51.2,3.0,30772.0,
4981.466695683,1777949541.747376,NVIDIA A100-SXM4-40GB,51.2,3.0,30772.0,
4981.692601375,1777949541.9732816,NVIDIA A100-SXM4-40GB,51.2,4.0,30772.0,
4981.919486384,1777949542.2001665,NVIDIA A100-SXM4-40GB,51.2,4.0,30772.0,
4982.145354014,1777949542.426034,NVIDIA A100-SXM4-40GB,51.2,3.0,30772.0,
4982.372930137,1777949542.6536105,NVIDIA A100-SXM4-40GB,51.2,3.0,30772.0,
4982.601691868,1777949542.8823721,NVIDIA A100-SXM4-40GB,51.47,3.0,30772.0,
4982.829663047,1777949543.1103435,NVIDIA A100-SXM4-40GB,51.2,3.0,30772.0,
4983.056775563,1777949543.3374562,NVIDIA A100-SXM4-40GB,51.2,4.0,30772.0,
4983.283920742,1777949543.5646005,NVIDIA A100-SXM4-40GB,51.47,4.0,30772.0,
4983.511319368,1777949543.7919996,NVIDIA A100-SXM4-40GB,51.47,4.0,30772.0,
4983.737451032,1777949544.018131,NVIDIA A100-SXM4-40GB,51.47,4.0,30772.0,
4983.963781709,1777949544.2444615,NVIDIA A100-SXM4-40GB,51.2,4.0,30772.0,
4984.189929996,1777949544.47061,NVIDIA A100-SXM4-40GB,51.2,4.0,30772.0,
4984.416453865,1777949544.6971335,NVIDIA A100-SXM4-40GB,51.47,4.0,30772.0,
4984.642919685,1777949544.9235997,NVIDIA A100-SXM4-40GB,51.42,4.0,30772.0,
4984.869053572,1777949545.1497335,NVIDIA A100-SXM4-40GB,51.2,4.0,30772.0,
4985.095201227,1777949545.3758814,NVIDIA A100-SXM4-40GB,51.2,3.0,30772.0,
4985.321923345,1777949545.6026032,NVIDIA A100-SXM4-40GB,51.47,4.0,30772.0,
4985.547934334,1777949545.8286142,NVIDIA A100-SXM4-40GB,51.2,4.0,30772.0,
4985.774084908,1777949546.0547655,NVIDIA A100-SXM4-40GB,51.15,3.0,30772.0,
4986.000735057,1777949546.2814152,NVIDIA A100-SXM4-40GB,51.2,4.0,30772.0,
4986.228066844,1777949546.5087469,NVIDIA A100-SXM4-40GB,51.15,4.0,30772.0,
4986.454323811,1777949546.7350037,NVIDIA A100-SXM4-40GB,51.2,4.0,30772.0,
4986.681278332,1777949546.9619584,NVIDIA A100-SXM4-40GB,51.15,4.0,30772.0,
4986.907856794,1777949547.188537,NVIDIA A100-SXM4-40GB,51.15,3.0,30772.0,
4987.135114775,1777949547.4157948,NVIDIA A100-SXM4-40GB,51.2,3.0,30772.0,
4987.361477272,1777949547.6421573,NVIDIA A100-SXM4-40GB,51.42,3.0,30772.0,
4987.587963535,1777949547.8686438,NVIDIA A100-SXM4-40GB,51.2,4.0,30772.0,
4987.814702907,1777949548.0953827,NVIDIA A100-SXM4-40GB,51.2,4.0,30772.0,
4988.041917656,1777949548.3225977,NVIDIA A100-SXM4-40GB,51.15,4.0,30772.0,
4988.2687735,1777949548.5494535,NVIDIA A100-SXM4-40GB,51.15,4.0,30772.0,
4988.496033057,1777949548.7767131,NVIDIA A100-SXM4-40GB,51.2,3.0,30772.0,
4988.726364304,1777949549.0070443,NVIDIA A100-SXM4-40GB,51.2,4.0,30772.0,
4988.95366031,1777949549.2343404,NVIDIA A100-SXM4-40GB,51.2,4.0,30772.0,
4989.180690623,1777949549.4613707,NVIDIA A100-SXM4-40GB,51.15,4.0,30772.0,
4989.408451402,1777949549.6891315,NVIDIA A100-SXM4-40GB,51.2,4.0,30772.0,
4989.636478244,1777949549.9171584,NVIDIA A100-SXM4-40GB,51.42,4.0,30772.0,
4989.8635778,1777949550.144258,NVIDIA A100-SXM4-40GB,51.15,4.0,30772.0,
4990.093197381,1777949550.3738773,NVIDIA A100-SXM4-40GB,51.15,4.0,30772.0,
4990.322103252,1777949550.6027832,NVIDIA A100-SXM4-40GB,51.2,4.0,30772.0,
4990.549104619,1777949550.8297846,NVIDIA A100-SXM4-40GB,51.42,4.0,30772.0,
4990.77623506,1777949551.056915,NVIDIA A100-SXM4-40GB,51.42,4.0,30772.0,
4991.003313146,1777949551.2839932,NVIDIA A100-SXM4-40GB,51.2,4.0,30772.0,
4991.230220389,1777949551.5109005,NVIDIA A100-SXM4-40GB,51.47,4.0,30772.0,
4991.457090369,1777949551.7377703,NVIDIA A100-SXM4-40GB,51.47,4.0,30772.0,
4991.683279298,1777949551.9639597,NVIDIA A100-SXM4-40GB,51.2,3.0,30772.0,
4991.909653202,1777949552.1903331,NVIDIA A100-SXM4-40GB,51.47,3.0,30772.0,
4992.136115086,1777949552.4167953,NVIDIA A100-SXM4-40GB,51.2,3.0,30772.0,
4992.364384708,1777949552.6450646,NVIDIA A100-SXM4-40GB,51.2,3.0,30772.0,
4992.59105087,1777949552.871731,NVIDIA A100-SXM4-40GB,51.2,3.0,30772.0,
4992.818133444,1777949553.0988138,NVIDIA A100-SXM4-40GB,51.15,4.0,30772.0,
4993.044296362,1777949553.3249764,NVIDIA A100-SXM4-40GB,51.42,3.0,30772.0,
4993.271826276,1777949553.5525062,NVIDIA A100-SXM4-40GB,51.2,4.0,30772.0,
4993.498024412,1777949553.7787046,NVIDIA A100-SXM4-40GB,51.15,4.0,30772.0,
4993.725279351,1777949554.0059597,NVIDIA A100-SXM4-40GB,51.2,3.0,30772.0,
4993.955321416,1777949554.2360015,NVIDIA A100-SXM4-40GB,51.2,3.0,30772.0,
4994.182790267,1777949554.4634707,NVIDIA A100-SXM4-40GB,51.2,3.0,30772.0,
4994.410403896,1777949554.6910837,NVIDIA A100-SXM4-40GB,51.2,3.0,30772.0,
4994.63830505,1777949554.9189851,NVIDIA A100-SXM4-40GB,51.15,3.0,30772.0,
4994.864787842,1777949555.1454678,NVIDIA A100-SXM4-40GB,51.47,3.0,30772.0,
4995.092122013,1777949555.3728023,NVIDIA A100-SXM4-40GB,51.15,4.0,30772.0,
4995.319495835,1777949555.6001763,NVIDIA A100-SXM4-40GB,51.2,4.0,30772.0,
4995.546230807,1777949555.8269107,NVIDIA A100-SXM4-40GB,51.2,4.0,30772.0,
4995.773043367,1777949556.0537233,NVIDIA A100-SXM4-40GB,51.47,3.0,30772.0,
4996.001779389,1777949556.2824595,NVIDIA A100-SXM4-40GB,51.2,3.0,30772.0,
4996.22899268,1777949556.5096726,NVIDIA A100-SXM4-40GB,51.47,4.0,30772.0,
4996.456410325,1777949556.7370903,NVIDIA A100-SXM4-40GB,51.2,4.0,30772.0,
4996.68457386,1777949556.965254,NVIDIA A100-SXM4-40GB,51.2,4.0,30772.0,
4996.911570379,1777949557.1922503,NVIDIA A100-SXM4-40GB,51.47,4.0,30772.0,
4997.1389006,1777949557.4195807,NVIDIA A100-SXM4-40GB,51.42,4.0,30772.0,
4997.366139461,1777949557.6468194,NVIDIA A100-SXM4-40GB,51.47,4.0,30772.0,
4997.594225365,1777949557.8749053,NVIDIA A100-SXM4-40GB,51.2,3.0,30772.0,
4997.821530792,1777949558.1022108,NVIDIA A100-SXM4-40GB,51.15,4.0,30772.0,
4998.048391369,1777949558.3290718,NVIDIA A100-SXM4-40GB,51.2,3.0,30772.0,
4998.275887853,1777949558.556568,NVIDIA A100-SXM4-40GB,51.2,4.0,30772.0,
4998.502395173,1777949558.7830756,NVIDIA A100-SXM4-40GB,51.15,4.0,30772.0,
4998.729872396,1777949559.0105524,NVIDIA A100-SXM4-40GB,51.2,4.0,30772.0,
4998.956904368,1777949559.2375848,NVIDIA A100-SXM4-40GB,51.2,4.0,30772.0,
4999.183678447,1777949559.4643586,NVIDIA A100-SXM4-40GB,51.15,4.0,30772.0,
4999.411248479,1777949559.6919284,NVIDIA A100-SXM4-40GB,51.2,4.0,30772.0,
4999.638395653,1777949559.9190755,NVIDIA A100-SXM4-40GB,51.2,4.0,30772.0,
4999.866472855,1777949560.147153,NVIDIA A100-SXM4-40GB,51.2,3.0,30772.0,
5000.093381964,1777949560.374062,NVIDIA A100-SXM4-40GB,51.2,4.0,30772.0,
5000.320616021,1777949560.601296,NVIDIA A100-SXM4-40GB,51.2,4.0,30772.0,
5000.548025229,1777949560.828705,NVIDIA A100-SXM4-40GB,51.47,3.0,30772.0,
5000.774414415,1777949561.0550945,NVIDIA A100-SXM4-40GB,51.47,4.0,30772.0,
5001.001778494,1777949561.2824583,NVIDIA A100-SXM4-40GB,51.2,4.0,30772.0,
5001.22876831,1777949561.5094485,NVIDIA A100-SXM4-40GB,51.42,3.0,30772.0,
5001.455570732,1777949561.7362506,NVIDIA A100-SXM4-40GB,51.15,4.0,30772.0,
5001.683126111,1777949561.9638062,NVIDIA A100-SXM4-40GB,51.2,4.0,30772.0,
5001.909554866,1777949562.1902351,NVIDIA A100-SXM4-40GB,51.47,4.0,30772.0,
5002.136682192,1777949562.4173622,NVIDIA A100-SXM4-40GB,51.47,3.0,30772.0,
5002.364014252,1777949562.6446943,NVIDIA A100-SXM4-40GB,51.2,4.0,30772.0,
5002.590929634,1777949562.8716097,NVIDIA A100-SXM4-40GB,51.2,4.0,30772.0,
5002.8172557,1777949563.0979357,NVIDIA A100-SXM4-40GB,51.2,3.0,30772.0,
5003.044493258,1777949563.3251739,NVIDIA A100-SXM4-40GB,51.2,3.0,30772.0,
5003.273613828,1777949563.5542939,NVIDIA A100-SXM4-40GB,51.2,4.0,30772.0,
5003.500732377,1777949563.7814124,NVIDIA A100-SXM4-40GB,51.2,4.0,30772.0,
5003.73280036,1777949564.0134807,NVIDIA A100-SXM4-40GB,50.88,4.0,30772.0,
5003.961893978,1777949564.2425737,NVIDIA A100-SXM4-40GB,51.2,3.0,30772.0,
5004.190656385,1777949564.4713364,NVIDIA A100-SXM4-40GB,51.2,3.0,30772.0,
5004.417166594,1777949564.697847,NVIDIA A100-SXM4-40GB,51.47,4.0,30772.0,
5004.644670355,1777949564.9253504,NVIDIA A100-SXM4-40GB,51.2,4.0,30772.0,
5004.871567292,1777949565.1522477,NVIDIA A100-SXM4-40GB,51.2,4.0,30772.0,
5005.098436046,1777949565.3791158,NVIDIA A100-SXM4-40GB,51.2,4.0,30772.0,
5005.32567556,1777949565.6063557,NVIDIA A100-SXM4-40GB,51.47,3.0,30772.0,
5005.552400212,1777949565.8330803,NVIDIA A100-SXM4-40GB,51.2,4.0,30772.0,
5005.779482436,1777949566.060163,NVIDIA A100-SXM4-40GB,51.2,3.0,30772.0,
5006.007465629,1777949566.288146,NVIDIA A100-SXM4-40GB,51.2,4.0,30772.0,
5006.234896028,1777949566.515576,NVIDIA A100-SXM4-40GB,51.2,4.0,30772.0,
5006.461707248,1777949566.7423873,NVIDIA A100-SXM4-40GB,51.2,4.0,30772.0,
5006.688155944,1777949566.9688358,NVIDIA A100-SXM4-40GB,51.2,4.0,30772.0,
5006.915415988,1777949567.1960964,NVIDIA A100-SXM4-40GB,51.2,4.0,30772.0,
5007.14313301,1777949567.4238129,NVIDIA A100-SXM4-40GB,51.2,4.0,30772.0,
5007.369922145,1777949567.6506026,NVIDIA A100-SXM4-40GB,51.47,4.0,30772.0,
5007.597124181,1777949567.877804,NVIDIA A100-SXM4-40GB,51.47,4.0,30772.0,
5007.824597357,1777949568.1052773,NVIDIA A100-SXM4-40GB,51.2,3.0,30772.0,
5008.051199035,1777949568.331879,NVIDIA A100-SXM4-40GB,51.2,4.0,30772.0,
5008.277714777,1777949568.5583947,NVIDIA A100-SXM4-40GB,51.2,4.0,30772.0,
5008.504840222,1777949568.78552,NVIDIA A100-SXM4-40GB,51.47,4.0,30772.0,
5008.731695647,1777949569.0123756,NVIDIA A100-SXM4-40GB,51.2,4.0,30772.0,
5008.95901566,1777949569.2396958,NVIDIA A100-SXM4-40GB,51.15,4.0,30772.0,
5009.18558555,1777949569.466266,NVIDIA A100-SXM4-40GB,51.2,4.0,30772.0,
5009.412556496,1777949569.6932366,NVIDIA A100-SXM4-40GB,51.47,3.0,30772.0,
5009.639404978,1777949569.920085,NVIDIA A100-SXM4-40GB,51.42,4.0,30772.0,
5009.86625066,1777949570.1469307,NVIDIA A100-SXM4-40GB,51.47,4.0,30772.0,
5010.09295908,1777949570.3736389,NVIDIA A100-SXM4-40GB,51.47,4.0,30772.0,
5010.319761238,1777949570.600441,NVIDIA A100-SXM4-40GB,51.2,4.0,30772.0,
5010.546571291,1777949570.8272514,NVIDIA A100-SXM4-40GB,51.2,4.0,30772.0,
5010.773149526,1777949571.0538294,NVIDIA A100-SXM4-40GB,51.2,4.0,30772.0,
5011.000483255,1777949571.2811635,NVIDIA A100-SXM4-40GB,51.2,3.0,30772.0,
5011.229178787,1777949571.5098593,NVIDIA A100-SXM4-40GB,51.2,4.0,30772.0,
5011.457696886,1777949571.7383766,NVIDIA A100-SXM4-40GB,51.47,4.0,30772.0,
5011.685548907,1777949571.9662287,NVIDIA A100-SXM4-40GB,51.47,4.0,30772.0,
5011.912067355,1777949572.1927474,NVIDIA A100-SXM4-40GB,51.47,4.0,30772.0,
5012.138710457,1777949572.4193907,NVIDIA A100-SXM4-40GB,51.47,4.0,30772.0,
5012.366144683,1777949572.6468246,NVIDIA A100-SXM4-40GB,51.2,4.0,30772.0,
5012.593355005,1777949572.8740351,NVIDIA A100-SXM4-40GB,51.42,4.0,30772.0,
5012.820066762,1777949573.1007469,NVIDIA A100-SXM4-40GB,51.47,4.0,30772.0,
5013.046486154,1777949573.3271666,NVIDIA A100-SXM4-40GB,51.42,4.0,30772.0,
5013.27357196,1777949573.5542517,NVIDIA A100-SXM4-40GB,51.47,4.0,30772.0,
5013.501550473,1777949573.7822306,NVIDIA A100-SXM4-40GB,51.47,4.0,30772.0,
5013.728280802,1777949574.0089607,NVIDIA A100-SXM4-40GB,51.2,4.0,30772.0,
5013.955704856,1777949574.236385,NVIDIA A100-SXM4-40GB,51.2,4.0,30772.0,
5014.183902336,1777949574.4645822,NVIDIA A100-SXM4-40GB,51.2,4.0,30772.0,
5014.410431178,1777949574.691111,NVIDIA A100-SXM4-40GB,51.2,4.0,30772.0,
5014.637299168,1777949574.9179797,NVIDIA A100-SXM4-40GB,51.47,4.0,30772.0,
5014.864696387,1777949575.1453764,NVIDIA A100-SXM4-40GB,51.47,4.0,30772.0,
5015.091468798,1777949575.3721488,NVIDIA A100-SXM4-40GB,51.47,4.0,30772.0,
5015.318037743,1777949575.5987177,NVIDIA A100-SXM4-40GB,51.42,4.0,30772.0,
5015.544656396,1777949575.8253362,NVIDIA A100-SXM4-40GB,51.47,4.0,30772.0,
5015.772299032,1777949576.052979,NVIDIA A100-SXM4-40GB,51.47,4.0,30772.0,
5016.001690811,1777949576.2823715,NVIDIA A100-SXM4-40GB,51.47,4.0,30772.0,
5016.228800544,1777949576.5094807,NVIDIA A100-SXM4-40GB,51.2,3.0,30772.0,
5016.456511781,1777949576.737192,NVIDIA A100-SXM4-40GB,51.47,4.0,30772.0,
5016.682938601,1777949576.9636188,NVIDIA A100-SXM4-40GB,51.47,4.0,30772.0,
5016.908736873,1777949577.189417,NVIDIA A100-SXM4-40GB,51.2,3.0,30772.0,
5017.134619632,1777949577.4152997,NVIDIA A100-SXM4-40GB,51.2,3.0,30772.0,
5017.361487782,1777949577.642168,NVIDIA A100-SXM4-40GB,51.2,3.0,30772.0,
5017.589422546,1777949577.8701026,NVIDIA A100-SXM4-40GB,51.69,3.0,30772.0,
5017.816867868,1777949578.0975482,NVIDIA A100-SXM4-40GB,51.2,4.0,30772.0,
5018.045620913,1777949578.3263009,NVIDIA A100-SXM4-40GB,51.42,3.0,30772.0,
5018.272245035,1777949578.5529249,NVIDIA A100-SXM4-40GB,51.47,4.0,30772.0,
5018.500206064,1777949578.780886,NVIDIA A100-SXM4-40GB,51.47,4.0,30772.0,
5018.728644295,1777949579.0093248,NVIDIA A100-SXM4-40GB,51.47,4.0,30772.0,
5018.955922092,1777949579.236602,NVIDIA A100-SXM4-40GB,51.2,4.0,30772.0,
5019.183200657,1777949579.463881,NVIDIA A100-SXM4-40GB,51.47,4.0,30772.0,
5019.410922259,1777949579.6916025,NVIDIA A100-SXM4-40GB,51.42,4.0,30772.0,
5019.638278007,1777949579.9189584,NVIDIA A100-SXM4-40GB,51.47,3.0,30772.0,
5019.864732279,1777949580.1454124,NVIDIA A100-SXM4-40GB,51.47,4.0,30772.0,
5020.091493813,1777949580.3721738,NVIDIA A100-SXM4-40GB,51.47,4.0,30772.0,
5020.31837703,1777949580.599057,NVIDIA A100-SXM4-40GB,51.47,4.0,30772.0,
5020.544564342,1777949580.8252442,NVIDIA A100-SXM4-40GB,51.47,4.0,30772.0,
5020.771304002,1777949581.0519838,NVIDIA A100-SXM4-40GB,51.47,4.0,30772.0,
5020.998767709,1777949581.279448,NVIDIA A100-SXM4-40GB,51.2,4.0,30772.0,
5021.225616215,1777949581.5062966,NVIDIA A100-SXM4-40GB,51.47,3.0,30772.0,
5021.452886428,1777949581.7335665,NVIDIA A100-SXM4-40GB,51.47,4.0,30772.0,
5021.679901379,1777949581.9605813,NVIDIA A100-SXM4-40GB,51.47,4.0,30772.0,
5021.906861901,1777949582.1875417,NVIDIA A100-SXM4-40GB,51.47,4.0,30772.0,
5022.133585224,1777949582.4142654,NVIDIA A100-SXM4-40GB,51.47,3.0,30772.0,
5022.361130974,1777949582.641811,NVIDIA A100-SXM4-40GB,51.47,4.0,30772.0,
5022.588544088,1777949582.8692238,NVIDIA A100-SXM4-40GB,51.47,4.0,30772.0,
5022.816117071,1777949583.096797,NVIDIA A100-SXM4-40GB,51.47,4.0,30772.0,
5023.042657294,1777949583.323338,NVIDIA A100-SXM4-40GB,51.47,4.0,30772.0,
5023.269546531,1777949583.5502264,NVIDIA A100-SXM4-40GB,51.42,3.0,30772.0,
5023.496430128,1777949583.7771108,NVIDIA A100-SXM4-40GB,51.47,4.0,30772.0,
5023.723067144,1777949584.0037477,NVIDIA A100-SXM4-40GB,51.47,4.0,30772.0,
5023.949510305,1777949584.2301903,NVIDIA A100-SXM4-40GB,51.42,4.0,30772.0,
5024.176835458,1777949584.4575157,NVIDIA A100-SXM4-40GB,51.42,4.0,30772.0,
5024.403592976,1777949584.684273,NVIDIA A100-SXM4-40GB,51.47,4.0,30772.0,
5024.629975616,1777949584.9106555,NVIDIA A100-SXM4-40GB,51.47,4.0,30772.0,
5024.856497612,1777949585.137178,NVIDIA A100-SXM4-40GB,51.2,4.0,30772.0,
5025.084289508,1777949585.3649695,NVIDIA A100-SXM4-40GB,51.47,4.0,30772.0,
5025.311438509,1777949585.5921185,NVIDIA A100-SXM4-40GB,51.47,4.0,30772.0,
5025.537869233,1777949585.8185494,NVIDIA A100-SXM4-40GB,51.47,4.0,30772.0,
5025.764955661,1777949586.0456362,NVIDIA A100-SXM4-40GB,51.47,4.0,30772.0,
5025.991929266,1777949586.272609,NVIDIA A100-SXM4-40GB,51.47,4.0,30772.0,
5026.220104593,1777949586.500785,NVIDIA A100-SXM4-40GB,51.47,4.0,30772.0,
5026.44651885,1777949586.7271988,NVIDIA A100-SXM4-40GB,51.47,3.0,30772.0,
5026.673977258,1777949586.9546573,NVIDIA A100-SXM4-40GB,51.47,4.0,30772.0,
5026.900313776,1777949587.1809938,NVIDIA A100-SXM4-40GB,51.47,4.0,30772.0,
5027.126954865,1777949587.4076352,NVIDIA A100-SXM4-40GB,51.2,4.0,30772.0,
5027.355360955,1777949587.636041,NVIDIA A100-SXM4-40GB,51.42,4.0,30772.0,
5027.582555363,1777949587.8632352,NVIDIA A100-SXM4-40GB,51.2,3.0,30772.0,
5027.808799625,1777949588.08948,NVIDIA A100-SXM4-40GB,51.47,3.0,30772.0,
5028.035377455,1777949588.3160574,NVIDIA A100-SXM4-40GB,51.47,3.0,30772.0,
5028.264160332,1777949588.5448403,NVIDIA A100-SXM4-40GB,51.15,3.0,30772.0,
5028.490765324,1777949588.7714453,NVIDIA A100-SXM4-40GB,51.47,3.0,30772.0,
5028.717365971,1777949588.998046,NVIDIA A100-SXM4-40GB,51.47,3.0,30772.0,
5028.946928966,1777949589.2276092,NVIDIA A100-SXM4-40GB,51.47,3.0,30772.0,
5029.17507889,1777949589.4557593,NVIDIA A100-SXM4-40GB,51.47,4.0,30772.0,
5029.401803958,1777949589.682484,NVIDIA A100-SXM4-40GB,51.47,4.0,30772.0,
5029.629894396,1777949589.9105747,NVIDIA A100-SXM4-40GB,51.47,4.0,30772.0,
5029.857413034,1777949590.138093,NVIDIA A100-SXM4-40GB,51.47,4.0,30772.0,
5030.08448862,1777949590.365169,NVIDIA A100-SXM4-40GB,51.47,4.0,30772.0,
5030.311796275,1777949590.5924761,NVIDIA A100-SXM4-40GB,51.47,4.0,30772.0,
5030.538569368,1777949590.8192494,NVIDIA A100-SXM4-40GB,51.47,4.0,30772.0,
5030.765906494,1777949591.0465865,NVIDIA A100-SXM4-40GB,51.47,3.0,30772.0,
5030.993082671,1777949591.2737625,NVIDIA A100-SXM4-40GB,51.47,4.0,30772.0,
5031.219810486,1777949591.5004907,NVIDIA A100-SXM4-40GB,51.42,3.0,30772.0,
5031.446583082,1777949591.727263,NVIDIA A100-SXM4-40GB,51.42,3.0,30772.0,
5031.673020953,1777949591.9537008,NVIDIA A100-SXM4-40GB,51.2,4.0,30772.0,
5031.899616892,1777949592.1802971,NVIDIA A100-SXM4-40GB,51.2,3.0,30772.0,
5032.126759678,1777949592.4074397,NVIDIA A100-SXM4-40GB,51.2,4.0,30772.0,
5032.353139725,1777949592.6338198,NVIDIA A100-SXM4-40GB,51.47,4.0,30772.0,
5032.58103712,1777949592.8617172,NVIDIA A100-SXM4-40GB,51.47,3.0,30772.0,
5032.808642418,1777949593.0893223,NVIDIA A100-SXM4-40GB,51.47,4.0,30772.0,
5033.035367226,1777949593.3160474,NVIDIA A100-SXM4-40GB,51.42,3.0,30772.0,
5033.263584299,1777949593.544264,NVIDIA A100-SXM4-40GB,51.42,4.0,30772.0,
5033.49249442,1777949593.7731745,NVIDIA A100-SXM4-40GB,51.47,4.0,30772.0,
5033.718750536,1777949593.9994304,NVIDIA A100-SXM4-40GB,51.47,4.0,30772.0,
5033.945402787,1777949594.2260828,NVIDIA A100-SXM4-40GB,51.47,4.0,30772.0,
5034.172690332,1777949594.4533706,NVIDIA A100-SXM4-40GB,51.74,4.0,30772.0,
5034.399123712,1777949594.6798036,NVIDIA A100-SXM4-40GB,51.47,4.0,30772.0,
5034.625662347,1777949594.906342,NVIDIA A100-SXM4-40GB,51.42,4.0,30772.0,
5034.853804623,1777949595.1344848,NVIDIA A100-SXM4-40GB,51.42,3.0,30772.0,
5035.080757673,1777949595.3614376,NVIDIA A100-SXM4-40GB,51.47,3.0,30772.0,
5035.30702735,1777949595.5877073,NVIDIA A100-SXM4-40GB,51.47,4.0,30772.0,
5035.533877885,1777949595.814558,NVIDIA A100-SXM4-40GB,51.47,4.0,30772.0,
5035.761149266,1777949596.0418293,NVIDIA A100-SXM4-40GB,51.47,4.0,30772.0,
5035.991405308,1777949596.2720852,NVIDIA A100-SXM4-40GB,51.47,4.0,30772.0,
5036.220479547,1777949596.5011594,NVIDIA A100-SXM4-40GB,51.47,4.0,30772.0,
5036.447990695,1777949596.7286704,NVIDIA A100-SXM4-40GB,51.47,4.0,30772.0,
5036.675228461,1777949596.9559083,NVIDIA A100-SXM4-40GB,51.47,4.0,30772.0,
5036.901831195,1777949597.1825113,NVIDIA A100-SXM4-40GB,51.47,4.0,30772.0,
5037.129188128,1777949597.4098682,NVIDIA A100-SXM4-40GB,51.47,4.0,30772.0,
5037.355900386,1777949597.6365807,NVIDIA A100-SXM4-40GB,51.42,4.0,30772.0,
5037.582799153,1777949597.8634794,NVIDIA A100-SXM4-40GB,51.47,4.0,30772.0,
5037.810766957,1777949598.0914469,NVIDIA A100-SXM4-40GB,51.42,4.0,30772.0,
5038.037723912,1777949598.3184042,NVIDIA A100-SXM4-40GB,51.42,4.0,30772.0,
5038.264478625,1777949598.545159,NVIDIA A100-SXM4-40GB,51.42,4.0,30772.0,
5038.49113152,1777949598.7718115,NVIDIA A100-SXM4-40GB,51.47,4.0,30772.0,
5038.720259653,1777949599.0009398,NVIDIA A100-SXM4-40GB,51.47,4.0,30772.0,
5038.947394655,1777949599.2280746,NVIDIA A100-SXM4-40GB,51.47,4.0,30772.0,
5039.17455824,1777949599.4552383,NVIDIA A100-SXM4-40GB,51.42,3.0,30772.0,
5039.403022155,1777949599.6837022,NVIDIA A100-SXM4-40GB,51.47,3.0,30772.0,
5039.629681003,1777949599.910361,NVIDIA A100-SXM4-40GB,51.47,3.0,30772.0,
5039.857555548,1777949600.1382358,NVIDIA A100-SXM4-40GB,51.47,3.0,30772.0,
5040.08757622,1777949600.3682563,NVIDIA A100-SXM4-40GB,51.47,3.0,30772.0,
5040.315607506,1777949600.5962875,NVIDIA A100-SXM4-40GB,51.47,3.0,30772.0,
5040.543206647,1777949600.8238869,NVIDIA A100-SXM4-40GB,51.2,3.0,30772.0,
5040.77072614,1777949601.0514061,NVIDIA A100-SXM4-40GB,51.42,3.0,30772.0,
5040.9978004,1777949601.2784803,NVIDIA A100-SXM4-40GB,51.42,4.0,30772.0,
5041.22582948,1777949601.5065095,NVIDIA A100-SXM4-40GB,51.42,4.0,30772.0,
5041.453634892,1777949601.7343147,NVIDIA A100-SXM4-40GB,51.47,4.0,30772.0,
5041.681579475,1777949601.9622595,NVIDIA A100-SXM4-40GB,51.47,4.0,30772.0,
5041.909051935,1777949602.1897318,NVIDIA A100-SXM4-40GB,52.07,4.0,30772.0,
5042.138533325,1777949602.4192133,NVIDIA A100-SXM4-40GB,51.47,4.0,30772.0,
5042.365102021,1777949602.6457822,NVIDIA A100-SXM4-40GB,51.47,4.0,30772.0,
5042.59267347,1777949602.8733535,NVIDIA A100-SXM4-40GB,51.47,4.0,30772.0,
5042.821269571,1777949603.1019497,NVIDIA A100-SXM4-40GB,51.42,3.0,30772.0,
5043.047816899,1777949603.3284974,NVIDIA A100-SXM4-40GB,51.47,3.0,30772.0,
5043.274877457,1777949603.5555577,NVIDIA A100-SXM4-40GB,51.47,4.0,30772.0,
5043.502300441,1777949603.7829804,NVIDIA A100-SXM4-40GB,51.47,4.0,30772.0,
5043.729438551,1777949604.0101185,NVIDIA A100-SXM4-40GB,51.47,4.0,30772.0,
5043.956349672,1777949604.2370298,NVIDIA A100-SXM4-40GB,51.42,4.0,30772.0,
5044.184036653,1777949604.4647164,NVIDIA A100-SXM4-40GB,51.2,4.0,30772.0,
5044.411466872,1777949604.692147,NVIDIA A100-SXM4-40GB,51.2,4.0,30772.0,
5044.638342996,1777949604.9190228,NVIDIA A100-SXM4-40GB,51.2,4.0,30772.0,
5044.865012571,1777949605.1456926,NVIDIA A100-SXM4-40GB,51.47,4.0,30772.0,
5045.092549767,1777949605.3732295,NVIDIA A100-SXM4-40GB,51.42,4.0,30772.0,
5045.318855541,1777949605.5995357,NVIDIA A100-SXM4-40GB,51.47,4.0,30772.0,
5045.545356482,1777949605.8260362,NVIDIA A100-SXM4-40GB,51.2,4.0,30772.0,
5045.771528555,1777949606.0522084,NVIDIA A100-SXM4-40GB,51.2,3.0,30772.0,
5045.998324487,1777949606.2790043,NVIDIA A100-SXM4-40GB,51.15,3.0,30772.0,
5046.225159485,1777949606.5058393,NVIDIA A100-SXM4-40GB,51.15,3.0,30772.0,
5046.451943096,1777949606.732623,NVIDIA A100-SXM4-40GB,51.2,3.0,30772.0,
5046.680357788,1777949606.9610379,NVIDIA A100-SXM4-40GB,51.2,4.0,30772.0,
5046.906980555,1777949607.1876607,NVIDIA A100-SXM4-40GB,51.2,4.0,30772.0,
5047.133640254,1777949607.4143202,NVIDIA A100-SXM4-40GB,51.2,4.0,30772.0,
5047.360309805,1777949607.6409898,NVIDIA A100-SXM4-40GB,51.2,4.0,30772.0,
5047.587122051,1777949607.8678021,NVIDIA A100-SXM4-40GB,51.2,4.0,30772.0,
5047.815136997,1777949608.0958169,NVIDIA A100-SXM4-40GB,51.2,4.0,30772.0,
5048.042196981,1777949608.3228772,NVIDIA A100-SXM4-40GB,51.47,4.0,30772.0,
5048.269350557,1777949608.5500307,NVIDIA A100-SXM4-40GB,51.15,4.0,30772.0,
5048.498150544,1777949608.7788303,NVIDIA A100-SXM4-40GB,51.47,4.0,30772.0,
5048.72489278,1777949609.0055728,NVIDIA A100-SXM4-40GB,51.15,4.0,30772.0,
5048.952516158,1777949609.233196,NVIDIA A100-SXM4-40GB,51.2,4.0,30772.0,
5049.179611732,1777949609.4602916,NVIDIA A100-SXM4-40GB,51.2,4.0,30772.0,
5049.406263357,1777949609.6869435,NVIDIA A100-SXM4-40GB,51.2,4.0,30772.0,
5049.633360103,1777949609.9140403,NVIDIA A100-SXM4-40GB,51.42,4.0,30772.0,
5049.860373907,1777949610.141054,NVIDIA A100-SXM4-40GB,51.2,4.0,30772.0,
5050.086803215,1777949610.3674834,NVIDIA A100-SXM4-40GB,51.2,4.0,30772.0,
5050.31287052,1777949610.593551,NVIDIA A100-SXM4-40GB,51.47,4.0,30772.0,
5050.539721369,1777949610.8204017,NVIDIA A100-SXM4-40GB,51.2,4.0,30772.0,
5050.766295011,1777949611.0469751,NVIDIA A100-SXM4-40GB,51.2,4.0,30772.0,
5050.994889763,1777949611.27557,NVIDIA A100-SXM4-40GB,51.2,3.0,30772.0,
5051.223708373,1777949611.5043883,NVIDIA A100-SXM4-40GB,51.2,3.0,30772.0,
5051.450839986,1777949611.7315202,NVIDIA A100-SXM4-40GB,51.2,3.0,30772.0,
5051.676742575,1777949611.9574225,NVIDIA A100-SXM4-40GB,51.2,3.0,30772.0,
5051.904388743,1777949612.1850688,NVIDIA A100-SXM4-40GB,51.2,3.0,30772.0,
5052.131651382,1777949612.4123316,NVIDIA A100-SXM4-40GB,51.15,3.0,30772.0,
5052.35886925,1777949612.6395495,NVIDIA A100-SXM4-40GB,51.2,3.0,30772.0,
5052.585775714,1777949612.8664556,NVIDIA A100-SXM4-40GB,51.2,3.0,30772.0,
5052.813414232,1777949613.0940943,NVIDIA A100-SXM4-40GB,51.2,4.0,30772.0,
5053.041527163,1777949613.322207,NVIDIA A100-SXM4-40GB,51.15,4.0,30772.0,
5053.268612368,1777949613.5492923,NVIDIA A100-SXM4-40GB,51.47,4.0,30772.0,
5053.495665983,1777949613.776346,NVIDIA A100-SXM4-40GB,51.15,4.0,30772.0,
5053.722364287,1777949614.0030441,NVIDIA A100-SXM4-40GB,51.15,4.0,30772.0,
5053.949724073,1777949614.2304044,NVIDIA A100-SXM4-40GB,51.2,4.0,30772.0,
5054.176895103,1777949614.457575,NVIDIA A100-SXM4-40GB,51.42,4.0,30772.0,
5054.403356452,1777949614.6840363,NVIDIA A100-SXM4-40GB,51.2,4.0,30772.0,
5054.629829703,1777949614.9105098,NVIDIA A100-SXM4-40GB,51.47,4.0,30772.0,
5054.856367704,1777949615.1370475,NVIDIA A100-SXM4-40GB,51.2,4.0,30772.0,
5055.084909697,1777949615.3655899,NVIDIA A100-SXM4-40GB,51.15,3.0,30772.0,
5055.312191862,1777949615.5928717,NVIDIA A100-SXM4-40GB,51.15,4.0,30772.0,
5055.539420421,1777949615.8201003,NVIDIA A100-SXM4-40GB,51.2,4.0,30772.0,
5055.767414176,1777949616.0480945,NVIDIA A100-SXM4-40GB,51.47,4.0,30772.0,
5055.994357513,1777949616.2750375,NVIDIA A100-SXM4-40GB,51.2,4.0,30772.0,
5056.221510216,1777949616.50219,NVIDIA A100-SXM4-40GB,51.2,4.0,30772.0,
5056.450239081,1777949616.7309191,NVIDIA A100-SXM4-40GB,51.2,4.0,30772.0,
5056.676964798,1777949616.957645,NVIDIA A100-SXM4-40GB,51.47,4.0,30772.0,
5056.903686189,1777949617.1843662,NVIDIA A100-SXM4-40GB,51.15,4.0,30772.0,
5057.131327673,1777949617.4120076,NVIDIA A100-SXM4-40GB,51.2,4.0,30772.0,
5057.357722092,1777949617.638402,NVIDIA A100-SXM4-40GB,51.15,4.0,30772.0,
5057.584689309,1777949617.8653696,NVIDIA A100-SXM4-40GB,51.74,4.0,30772.0,
5057.814731433,1777949618.0954118,NVIDIA A100-SXM4-40GB,51.42,4.0,30772.0,
5058.041611382,1777949618.3222911,NVIDIA A100-SXM4-40GB,51.2,4.0,30772.0,
5058.26858999,1777949618.5492702,NVIDIA A100-SXM4-40GB,51.47,4.0,30772.0,
5058.495123192,1777949618.775803,NVIDIA A100-SXM4-40GB,51.47,4.0,30772.0,
5058.723269465,1777949619.0039496,NVIDIA A100-SXM4-40GB,51.47,4.0,30772.0,
5058.950465134,1777949619.2311456,NVIDIA A100-SXM4-40GB,51.47,4.0,30772.0,
5059.177354478,1777949619.4580348,NVIDIA A100-SXM4-40GB,51.15,4.0,30772.0,
5059.40488775,1777949619.6855679,NVIDIA A100-SXM4-40GB,51.2,4.0,30772.0,
5059.631865412,1777949619.9125462,NVIDIA A100-SXM4-40GB,51.15,4.0,30772.0,
5059.858616248,1777949620.1392963,NVIDIA A100-SXM4-40GB,51.47,3.0,30772.0,
5060.085277062,1777949620.365957,NVIDIA A100-SXM4-40GB,51.2,3.0,30772.0,
5060.313139952,1777949620.59382,NVIDIA A100-SXM4-40GB,51.47,4.0,30772.0,
5060.540083556,1777949620.8207633,NVIDIA A100-SXM4-40GB,51.2,4.0,30772.0,
5060.766894977,1777949621.0475752,NVIDIA A100-SXM4-40GB,51.47,4.0,30772.0,
5060.996038336,1777949621.2767184,NVIDIA A100-SXM4-40GB,51.47,4.0,30772.0,
5061.222892805,1777949621.503573,NVIDIA A100-SXM4-40GB,51.2,4.0,30772.0,
5061.449708846,1777949621.7303886,NVIDIA A100-SXM4-40GB,51.2,4.0,30772.0,
5061.677022516,1777949621.9577026,NVIDIA A100-SXM4-40GB,51.2,4.0,30772.0,
5061.903969327,1777949622.1846497,NVIDIA A100-SXM4-40GB,51.2,4.0,30772.0,
5062.130749163,1777949622.4114292,NVIDIA A100-SXM4-40GB,51.2,3.0,30772.0,
5062.35769406,1777949622.6383739,NVIDIA A100-SXM4-40GB,51.2,4.0,30772.0,
5062.584244822,1777949622.864925,NVIDIA A100-SXM4-40GB,51.2,3.0,30772.0,
5062.812291077,1777949623.0929713,NVIDIA A100-SXM4-40GB,51.47,4.0,30772.0,
5063.04033374,1777949623.321014,NVIDIA A100-SXM4-40GB,51.2,4.0,30772.0,
5063.268036556,1777949623.5487165,NVIDIA A100-SXM4-40GB,51.15,3.0,30772.0,
5063.494684553,1777949623.7753646,NVIDIA A100-SXM4-40GB,51.42,4.0,30772.0,
5063.722351132,1777949624.0030313,NVIDIA A100-SXM4-40GB,51.2,3.0,30772.0,
5063.950176968,1777949624.230857,NVIDIA A100-SXM4-40GB,51.2,3.0,30772.0,
5064.176506172,1777949624.4571862,NVIDIA A100-SXM4-40GB,51.2,3.0,30772.0,
5064.402578261,1777949624.683258,NVIDIA A100-SXM4-40GB,51.2,4.0,30772.0,
5064.628686594,1777949624.9093666,NVIDIA A100-SXM4-40GB,51.47,4.0,30772.0,
5064.855750614,1777949625.1364312,NVIDIA A100-SXM4-40GB,51.2,4.0,30772.0,
5065.083262495,1777949625.3639426,NVIDIA A100-SXM4-40GB,51.2,4.0,30772.0,
5065.309695217,1777949625.5903754,NVIDIA A100-SXM4-40GB,51.2,3.0,30772.0,
5065.53582184,1777949625.8165019,NVIDIA A100-SXM4-40GB,51.47,4.0,30772.0,
5065.762208741,1777949626.0428889,NVIDIA A100-SXM4-40GB,51.2,4.0,30772.0,
5065.988997095,1777949626.2696772,NVIDIA A100-SXM4-40GB,51.2,4.0,30772.0,
5066.216231742,1777949626.4969122,NVIDIA A100-SXM4-40GB,51.47,4.0,30772.0,
5066.443426207,1777949626.7241063,NVIDIA A100-SXM4-40GB,51.47,4.0,30772.0,
5066.670273119,1777949626.9509532,NVIDIA A100-SXM4-40GB,51.47,4.0,30772.0,
5066.896732258,1777949627.177412,NVIDIA A100-SXM4-40GB,51.2,4.0,30772.0,
5067.123630542,1777949627.4043105,NVIDIA A100-SXM4-40GB,51.2,4.0,30772.0,
5067.350779631,1777949627.63146,NVIDIA A100-SXM4-40GB,51.2,4.0,30772.0,
5067.578167898,1777949627.858848,NVIDIA A100-SXM4-40GB,51.47,4.0,30772.0,
5067.805285678,1777949628.0859659,NVIDIA A100-SXM4-40GB,51.42,4.0,30772.0,
5068.032830996,1777949628.313511,NVIDIA A100-SXM4-40GB,51.42,4.0,30772.0,
5068.2597106,1777949628.5403905,NVIDIA A100-SXM4-40GB,51.2,4.0,30772.0,
5068.486362936,1777949628.767043,NVIDIA A100-SXM4-40GB,51.2,4.0,30772.0,
5068.712878648,1777949628.993559,NVIDIA A100-SXM4-40GB,51.47,4.0,30772.0,
5068.940530746,1777949629.221211,NVIDIA A100-SXM4-40GB,51.2,4.0,30772.0,
5069.167522961,1777949629.448203,NVIDIA A100-SXM4-40GB,51.2,4.0,30772.0,
5069.393958443,1777949629.6746383,NVIDIA A100-SXM4-40GB,51.15,4.0,30772.0,
5069.620729665,1777949629.9014096,NVIDIA A100-SXM4-40GB,51.47,4.0,30772.0,
5069.847274849,1777949630.127955,NVIDIA A100-SXM4-40GB,51.2,4.0,30772.0,
5070.073983884,1777949630.3546638,NVIDIA A100-SXM4-40GB,51.47,4.0,30772.0,
5070.300297589,1777949630.5809774,NVIDIA A100-SXM4-40GB,51.2,4.0,30772.0,
5070.528621078,1777949630.8093011,NVIDIA A100-SXM4-40GB,51.47,4.0,30772.0,
5070.754854919,1777949631.0355349,NVIDIA A100-SXM4-40GB,51.69,4.0,30772.0,
5070.982695591,1777949631.2633758,NVIDIA A100-SXM4-40GB,51.2,4.0,30772.0,
5071.210789025,1777949631.4914691,NVIDIA A100-SXM4-40GB,51.2,4.0,30772.0,
5071.438128882,1777949631.718809,NVIDIA A100-SXM4-40GB,51.47,4.0,30772.0,
5071.664833598,1777949631.9455137,NVIDIA A100-SXM4-40GB,51.47,4.0,30772.0,
5071.891224054,1777949632.1719043,NVIDIA A100-SXM4-40GB,51.15,4.0,30772.0,
5072.117773668,1777949632.3984537,NVIDIA A100-SXM4-40GB,51.15,4.0,30772.0,
5072.344587889,1777949632.625268,NVIDIA A100-SXM4-40GB,51.2,4.0,30772.0,
5072.571216931,1777949632.8518968,NVIDIA A100-SXM4-40GB,51.42,4.0,30772.0,
5072.799053248,1777949633.0797331,NVIDIA A100-SXM4-40GB,51.2,4.0,30772.0,
5073.026198792,1777949633.306879,NVIDIA A100-SXM4-40GB,51.15,4.0,30772.0,
5073.254476829,1777949633.535157,NVIDIA A100-SXM4-40GB,51.15,3.0,30772.0,
5073.481109516,1777949633.7617893,NVIDIA A100-SXM4-40GB,51.2,4.0,30772.0,
5073.707595108,1777949633.988275,NVIDIA A100-SXM4-40GB,51.2,4.0,30772.0,
5073.934720605,1777949634.2154007,NVIDIA A100-SXM4-40GB,51.15,4.0,30772.0,
5074.16151265,1777949634.4421926,NVIDIA A100-SXM4-40GB,51.47,3.0,30772.0,
5074.390145631,1777949634.6708257,NVIDIA A100-SXM4-40GB,51.2,3.0,30772.0,
5074.616514813,1777949634.897203,NVIDIA A100-SXM4-40GB,51.2,3.0,30772.0,
5074.842749277,1777949635.123429,NVIDIA A100-SXM4-40GB,51.47,3.0,30772.0,
5075.069589551,1777949635.35027,NVIDIA A100-SXM4-40GB,51.2,4.0,30772.0,
5075.296199138,1777949635.5768793,NVIDIA A100-SXM4-40GB,51.15,4.0,30772.0,
5075.521940851,1777949635.802621,NVIDIA A100-SXM4-40GB,51.2,3.0,30772.0,
5075.749026994,1777949636.029707,NVIDIA A100-SXM4-40GB,51.2,3.0,30772.0,
5075.977910615,1777949636.2585907,NVIDIA A100-SXM4-40GB,51.2,4.0,30772.0,
5076.207472596,1777949636.4881523,NVIDIA A100-SXM4-40GB,51.2,3.0,30772.0,
5076.434434837,1777949636.7151148,NVIDIA A100-SXM4-40GB,51.42,4.0,30772.0,
5076.662856505,1777949636.9435363,NVIDIA A100-SXM4-40GB,51.2,4.0,30772.0,
5076.890240237,1777949637.1709204,NVIDIA A100-SXM4-40GB,51.47,4.0,30772.0,
5077.116771689,1777949637.397452,NVIDIA A100-SXM4-40GB,51.2,4.0,30772.0,
5077.344262653,1777949637.6249428,NVIDIA A100-SXM4-40GB,51.2,4.0,30772.0,
5077.571260085,1777949637.8519402,NVIDIA A100-SXM4-40GB,51.2,4.0,30772.0,
5077.798185093,1777949638.078865,NVIDIA A100-SXM4-40GB,51.47,4.0,30772.0,
5078.02484964,1777949638.3055296,NVIDIA A100-SXM4-40GB,51.2,4.0,30772.0,
5078.252489746,1777949638.5331697,NVIDIA A100-SXM4-40GB,51.2,3.0,30772.0,
5078.478803828,1777949638.759484,NVIDIA A100-SXM4-40GB,51.47,4.0,30772.0,
5078.706990077,1777949638.98767,NVIDIA A100-SXM4-40GB,51.2,4.0,30772.0,
5078.93638,1777949639.21706,NVIDIA A100-SXM4-40GB,51.47,4.0,30772.0,
5079.163361179,1777949639.4440415,NVIDIA A100-SXM4-40GB,51.47,4.0,30772.0,
5079.390649138,1777949639.671329,NVIDIA A100-SXM4-40GB,51.47,4.0,30772.0,
5079.618892145,1777949639.8995721,NVIDIA A100-SXM4-40GB,51.15,4.0,30772.0,
5079.845609402,1777949640.1262894,NVIDIA A100-SXM4-40GB,51.15,3.0,30772.0,
5080.072233934,1777949640.3529139,NVIDIA A100-SXM4-40GB,51.2,4.0,30772.0,
5080.299205554,1777949640.5798857,NVIDIA A100-SXM4-40GB,51.2,4.0,30772.0,
5080.525959276,1777949640.8066397,NVIDIA A100-SXM4-40GB,51.47,4.0,30772.0,
5080.752842862,1777949641.0335228,NVIDIA A100-SXM4-40GB,51.2,4.0,30772.0,
5080.979860586,1777949641.2605412,NVIDIA A100-SXM4-40GB,51.47,4.0,30772.0,
5081.207871839,1777949641.4885519,NVIDIA A100-SXM4-40GB,51.2,4.0,30772.0,
5081.434460861,1777949641.7151408,NVIDIA A100-SXM4-40GB,51.2,4.0,30772.0,
5081.661650319,1777949641.9423304,NVIDIA A100-SXM4-40GB,51.2,4.0,30772.0,
5081.889749018,1777949642.170429,NVIDIA A100-SXM4-40GB,51.15,3.0,30772.0,
5082.116700387,1777949642.3973804,NVIDIA A100-SXM4-40GB,51.47,4.0,30772.0,
5082.343167615,1777949642.6238477,NVIDIA A100-SXM4-40GB,51.47,3.0,30772.0,
5082.569830553,1777949642.8505104,NVIDIA A100-SXM4-40GB,51.47,4.0,30772.0,
5082.796238598,1777949643.0769188,NVIDIA A100-SXM4-40GB,51.42,3.0,30772.0,
5083.023326907,1777949643.3040068,NVIDIA A100-SXM4-40GB,51.47,3.0,30772.0,
5083.249658949,1777949643.5303388,NVIDIA A100-SXM4-40GB,51.47,4.0,30772.0,
5083.476425703,1777949643.7571056,NVIDIA A100-SXM4-40GB,51.47,4.0,30772.0,
5083.702832468,1777949643.9835126,NVIDIA A100-SXM4-40GB,51.15,4.0,30772.0,
5083.929816366,1777949644.2104962,NVIDIA A100-SXM4-40GB,51.47,4.0,30772.0,
5084.15630253,1777949644.4369829,NVIDIA A100-SXM4-40GB,51.2,4.0,30772.0,
5084.383854409,1777949644.6645348,NVIDIA A100-SXM4-40GB,51.2,4.0,30772.0,
5084.610586769,1777949644.891267,NVIDIA A100-SXM4-40GB,51.47,4.0,30772.0,
5084.837467273,1777949645.1181474,NVIDIA A100-SXM4-40GB,51.2,4.0,30772.0,
5085.064951422,1777949645.345632,NVIDIA A100-SXM4-40GB,51.47,4.0,30772.0,
5085.291581831,1777949645.5722618,NVIDIA A100-SXM4-40GB,51.2,4.0,30772.0,
5085.517940118,1777949645.7986202,NVIDIA A100-SXM4-40GB,51.47,4.0,30772.0,
5085.744523529,1777949646.0252037,NVIDIA A100-SXM4-40GB,51.47,4.0,30772.0,
5085.971962374,1777949646.2526424,NVIDIA A100-SXM4-40GB,51.47,4.0,30772.0,
5086.19935712,1777949646.4800375,NVIDIA A100-SXM4-40GB,51.47,4.0,30772.0,
5086.425399056,1777949646.706079,NVIDIA A100-SXM4-40GB,51.42,4.0,30772.0,
5086.652388078,1777949646.9330685,NVIDIA A100-SXM4-40GB,51.47,4.0,30772.0,
5086.879226658,1777949647.159907,NVIDIA A100-SXM4-40GB,51.42,4.0,30772.0,
5087.10661222,1777949647.3872926,NVIDIA A100-SXM4-40GB,51.2,3.0,30772.0,
5087.333375698,1777949647.6140559,NVIDIA A100-SXM4-40GB,51.2,3.0,30772.0,
5087.561307935,1777949647.8419878,NVIDIA A100-SXM4-40GB,51.47,3.0,30772.0,
5087.788024765,1777949648.068705,NVIDIA A100-SXM4-40GB,51.2,3.0,30772.0,
5088.014967743,1777949648.2956479,NVIDIA A100-SXM4-40GB,51.42,4.0,30772.0,
5088.244628796,1777949648.525309,NVIDIA A100-SXM4-40GB,51.74,4.0,30772.0,
5088.471753372,1777949648.7524333,NVIDIA A100-SXM4-40GB,51.47,4.0,30772.0,
5088.698559643,1777949648.9792397,NVIDIA A100-SXM4-40GB,51.47,4.0,30772.0,
5088.926202082,1777949649.2068822,NVIDIA A100-SXM4-40GB,51.2,4.0,30772.0,
5089.153256807,1777949649.4339366,NVIDIA A100-SXM4-40GB,51.47,4.0,30772.0,
5089.379519007,1777949649.660199,NVIDIA A100-SXM4-40GB,51.47,4.0,30772.0,
5089.606032688,1777949649.8867128,NVIDIA A100-SXM4-40GB,51.47,4.0,30772.0,
5089.833841842,1777949650.1145217,NVIDIA A100-SXM4-40GB,51.47,4.0,30772.0,
5090.060213676,1777949650.3408937,NVIDIA A100-SXM4-40GB,51.47,4.0,30772.0,
5090.286461625,1777949650.5671415,NVIDIA A100-SXM4-40GB,51.47,3.0,30772.0,
5090.513663494,1777949650.7943435,NVIDIA A100-SXM4-40GB,51.2,3.0,30772.0,
5090.739709836,1777949651.02039,NVIDIA A100-SXM4-40GB,51.47,3.0,30772.0,
5090.967011776,1777949651.247692,NVIDIA A100-SXM4-40GB,51.2,3.0,30772.0,
5091.193880558,1777949651.4745607,NVIDIA A100-SXM4-40GB,51.47,3.0,30772.0,
5091.421120267,1777949651.7018,NVIDIA A100-SXM4-40GB,51.47,4.0,30772.0,
5091.647297565,1777949651.9279783,NVIDIA A100-SXM4-40GB,51.47,3.0,30772.0,
5091.874141768,1777949652.1548216,NVIDIA A100-SXM4-40GB,51.2,3.0,30772.0,
5092.10134814,1777949652.3820283,NVIDIA A100-SXM4-40GB,51.2,3.0,30772.0,
5092.328059918,1777949652.60874,NVIDIA A100-SXM4-40GB,51.2,3.0,30772.0,
5092.554429828,1777949652.8351097,NVIDIA A100-SXM4-40GB,51.47,4.0,30772.0,
5092.781223272,1777949653.0619035,NVIDIA A100-SXM4-40GB,51.47,4.0,30772.0,
5093.010044338,1777949653.2907248,NVIDIA A100-SXM4-40GB,51.42,4.0,30772.0,
5093.237213392,1777949653.5178933,NVIDIA A100-SXM4-40GB,51.15,4.0,30772.0,
5093.464261697,1777949653.7449417,NVIDIA A100-SXM4-40GB,51.47,4.0,30772.0,
5093.692848944,1777949653.9735289,NVIDIA A100-SXM4-40GB,51.47,4.0,30772.0,
5093.920014922,1777949654.2006953,NVIDIA A100-SXM4-40GB,51.47,4.0,30772.0,
5094.146826642,1777949654.427507,NVIDIA A100-SXM4-40GB,51.2,4.0,30772.0,
5094.373675337,1777949654.6543558,NVIDIA A100-SXM4-40GB,51.47,4.0,30772.0,
5094.600374538,1777949654.8810544,NVIDIA A100-SXM4-40GB,51.47,4.0,30772.0,
5094.827525143,1777949655.108205,NVIDIA A100-SXM4-40GB,51.47,4.0,30772.0,
5095.053580997,1777949655.3342614,NVIDIA A100-SXM4-40GB,51.47,4.0,30772.0,
5095.281200859,1777949655.561881,NVIDIA A100-SXM4-40GB,51.47,4.0,30772.0,
5095.507360148,1777949655.7880402,NVIDIA A100-SXM4-40GB,51.47,4.0,30772.0,
5095.733881263,1777949656.0145612,NVIDIA A100-SXM4-40GB,51.2,4.0,30772.0,
5095.960726523,1777949656.2414064,NVIDIA A100-SXM4-40GB,51.47,4.0,30772.0,
5096.189250066,1777949656.46993,NVIDIA A100-SXM4-40GB,51.47,4.0,30772.0,
5096.415929534,1777949656.6966097,NVIDIA A100-SXM4-40GB,51.47,4.0,30772.0,
5096.64288908,1777949656.9235694,NVIDIA A100-SXM4-40GB,51.47,4.0,30772.0,
5096.870090712,1777949657.1507707,NVIDIA A100-SXM4-40GB,51.47,4.0,30772.0,
5097.096785417,1777949657.3774652,NVIDIA A100-SXM4-40GB,51.47,4.0,30772.0,
5097.32279816,1777949657.603478,NVIDIA A100-SXM4-40GB,51.47,4.0,30772.0,
5097.549531346,1777949657.8302116,NVIDIA A100-SXM4-40GB,51.47,4.0,30772.0,
5097.778459907,1777949658.0591402,NVIDIA A100-SXM4-40GB,51.15,3.0,30772.0,
5098.005434173,1777949658.2861142,NVIDIA A100-SXM4-40GB,51.47,4.0,30772.0,
5098.233390315,1777949658.5140703,NVIDIA A100-SXM4-40GB,51.2,3.0,30772.0,
5098.459566182,1777949658.740246,NVIDIA A100-SXM4-40GB,51.47,3.0,30772.0,
5098.68676933,1777949658.9674497,NVIDIA A100-SXM4-40GB,51.42,3.0,30772.0,
5098.912575613,1777949659.1932561,NVIDIA A100-SXM4-40GB,51.2,3.0,30772.0,
5099.139573589,1777949659.4202538,NVIDIA A100-SXM4-40GB,51.47,3.0,30772.0,
5099.36654979,1777949659.6472297,NVIDIA A100-SXM4-40GB,51.47,3.0,30772.0,
5099.593032805,1777949659.8737128,NVIDIA A100-SXM4-40GB,51.47,4.0,30772.0,
5099.819740825,1777949660.1004255,NVIDIA A100-SXM4-40GB,51.47,4.0,30772.0,
5100.046392166,1777949660.3270721,NVIDIA A100-SXM4-40GB,51.47,3.0,30772.0,
5100.274030989,1777949660.5547113,NVIDIA A100-SXM4-40GB,51.47,4.0,30772.0,
5100.500457757,1777949660.7811377,NVIDIA A100-SXM4-40GB,51.47,4.0,30772.0,
5100.728356947,1777949661.0090368,NVIDIA A100-SXM4-40GB,51.42,4.0,30772.0,
5100.9557152,1777949661.2363954,NVIDIA A100-SXM4-40GB,51.47,4.0,30772.0,
5101.182549074,1777949661.4632292,NVIDIA A100-SXM4-40GB,51.47,4.0,30772.0,
5101.410245856,1777949661.6909263,NVIDIA A100-SXM4-40GB,51.69,4.0,30772.0,
5101.637324574,1777949661.9180045,NVIDIA A100-SXM4-40GB,51.47,4.0,30772.0,
5101.864302805,1777949662.144983,NVIDIA A100-SXM4-40GB,51.47,4.0,30772.0,
5102.091258272,1777949662.3719382,NVIDIA A100-SXM4-40GB,51.47,4.0,30772.0,
5102.318311654,1777949662.5989916,NVIDIA A100-SXM4-40GB,51.47,4.0,30772.0,
5102.544660903,1777949662.8253407,NVIDIA A100-SXM4-40GB,51.47,4.0,30772.0,
5102.77089683,1777949663.051577,NVIDIA A100-SXM4-40GB,51.42,4.0,30772.0,
5102.998181223,1777949663.2788613,NVIDIA A100-SXM4-40GB,51.47,4.0,30772.0,
5103.225117506,1777949663.5057974,NVIDIA A100-SXM4-40GB,51.47,4.0,30772.0,
5103.451735617,1777949663.7324157,NVIDIA A100-SXM4-40GB,51.47,3.0,30772.0,
5103.678614072,1777949663.9592943,NVIDIA A100-SXM4-40GB,51.47,3.0,30772.0,
5103.906800335,1777949664.1874802,NVIDIA A100-SXM4-40GB,51.47,3.0,30772.0,
5104.133322023,1777949664.414002,NVIDIA A100-SXM4-40GB,51.47,3.0,30772.0,
5104.359994769,1777949664.640675,NVIDIA A100-SXM4-40GB,51.47,3.0,30772.0,
5104.586419828,1777949664.8671,NVIDIA A100-SXM4-40GB,51.47,4.0,30772.0,
5104.814067227,1777949665.0947475,NVIDIA A100-SXM4-40GB,51.42,4.0,30772.0,
5105.040625301,1777949665.3213053,NVIDIA A100-SXM4-40GB,51.47,4.0,30772.0,
5105.267480004,1777949665.54816,NVIDIA A100-SXM4-40GB,51.47,4.0,30772.0,
5105.495401884,1777949665.7760816,NVIDIA A100-SXM4-40GB,51.47,4.0,30772.0,
5105.72203412,1777949666.0027142,NVIDIA A100-SXM4-40GB,51.47,4.0,30772.0,
5105.951386397,1777949666.2320669,NVIDIA A100-SXM4-40GB,51.47,4.0,30772.0,
5106.179387105,1777949666.460067,NVIDIA A100-SXM4-40GB,51.47,4.0,30772.0,
5106.405935992,1777949666.6866162,NVIDIA A100-SXM4-40GB,51.47,4.0,30772.0,
5106.63292075,1777949666.9136007,NVIDIA A100-SXM4-40GB,51.42,4.0,30772.0,
5106.859898185,1777949667.1405785,NVIDIA A100-SXM4-40GB,51.47,4.0,30772.0,
5107.086595983,1777949667.367276,NVIDIA A100-SXM4-40GB,51.47,4.0,30772.0,
5107.31395162,1777949667.5946314,NVIDIA A100-SXM4-40GB,51.47,4.0,30772.0,
5107.541153976,1777949667.821834,NVIDIA A100-SXM4-40GB,51.47,3.0,30772.0,
5107.768759999,1777949668.0494401,NVIDIA A100-SXM4-40GB,51.47,3.0,30772.0,
5107.995833224,1777949668.2765136,NVIDIA A100-SXM4-40GB,51.47,4.0,30772.0,
5108.223681281,1777949668.5043612,NVIDIA A100-SXM4-40GB,51.47,4.0,30772.0,
5108.4513224,1777949668.7320025,NVIDIA A100-SXM4-40GB,51.47,4.0,30772.0,
5108.678510893,1777949668.9591908,NVIDIA A100-SXM4-40GB,51.47,3.0,30772.0,
5108.905561402,1777949669.1862416,NVIDIA A100-SXM4-40GB,51.2,3.0,30772.0,
5109.132674456,1777949669.4133546,NVIDIA A100-SXM4-40GB,51.47,3.0,30772.0,
5109.359128424,1777949669.6398087,NVIDIA A100-SXM4-40GB,51.2,3.0,30772.0,
5109.586048663,1777949669.8667288,NVIDIA A100-SXM4-40GB,51.47,3.0,30772.0,
5109.813605956,1777949670.0942857,NVIDIA A100-SXM4-40GB,51.47,3.0,30772.0,
5110.040753627,1777949670.3214335,NVIDIA A100-SXM4-40GB,51.47,3.0,30772.0,
5110.267841138,1777949670.5485215,NVIDIA A100-SXM4-40GB,51.47,3.0,30772.0,
5110.495627267,1777949670.776307,NVIDIA A100-SXM4-40GB,51.47,3.0,30772.0,
5110.72377107,1777949671.004451,NVIDIA A100-SXM4-40GB,51.47,3.0,30772.0,
5110.953315815,1777949671.2339964,NVIDIA A100-SXM4-40GB,51.47,4.0,30772.0,
5111.180251764,1777949671.4609318,NVIDIA A100-SXM4-40GB,51.2,4.0,30772.0,
5111.40692543,1777949671.687606,NVIDIA A100-SXM4-40GB,51.2,4.0,30772.0,
5111.633386891,1777949671.9140668,NVIDIA A100-SXM4-40GB,51.2,4.0,30772.0,
5111.859662473,1777949672.1403425,NVIDIA A100-SXM4-40GB,51.2,4.0,30772.0,
5112.087207357,1777949672.3678873,NVIDIA A100-SXM4-40GB,51.2,4.0,30772.0,
5112.313746,1777949672.5944262,NVIDIA A100-SXM4-40GB,51.2,4.0,30772.0,
5112.542106678,1777949672.8227866,NVIDIA A100-SXM4-40GB,51.2,3.0,30772.0,
5112.768719919,1777949673.0494003,NVIDIA A100-SXM4-40GB,51.47,4.0,30772.0,
5112.99591981,1777949673.2766,NVIDIA A100-SXM4-40GB,51.15,4.0,30772.0,
5113.223157839,1777949673.5038376,NVIDIA A100-SXM4-40GB,51.47,4.0,30772.0,
5113.449885287,1777949673.7305658,NVIDIA A100-SXM4-40GB,51.42,4.0,30772.0,
5113.678796703,1777949673.959477,NVIDIA A100-SXM4-40GB,51.2,4.0,30772.0,
5113.905423754,1777949674.1861036,NVIDIA A100-SXM4-40GB,51.2,4.0,30772.0,
5114.132119557,1777949674.4127996,NVIDIA A100-SXM4-40GB,51.2,4.0,30772.0,
5114.358627156,1777949674.6393075,NVIDIA A100-SXM4-40GB,51.2,4.0,30772.0,
5114.585154581,1777949674.8658345,NVIDIA A100-SXM4-40GB,51.2,3.0,30772.0,
5114.8112189,1777949675.0918992,NVIDIA A100-SXM4-40GB,51.2,3.0,30772.0,
5115.037772705,1777949675.3184528,NVIDIA A100-SXM4-40GB,51.2,4.0,30772.0,
5115.265063303,1777949675.5457437,NVIDIA A100-SXM4-40GB,51.2,4.0,30772.0,
5115.491792323,1777949675.7724726,NVIDIA A100-SXM4-40GB,51.2,4.0,30772.0,
5115.719072623,1777949675.9997528,NVIDIA A100-SXM4-40GB,51.2,4.0,30772.0,
5115.945915658,1777949676.2265959,NVIDIA A100-SXM4-40GB,51.47,4.0,30772.0,
5116.172394902,1777949676.453075,NVIDIA A100-SXM4-40GB,51.2,4.0,30772.0,
5116.398790647,1777949676.6794705,NVIDIA A100-SXM4-40GB,51.2,4.0,30772.0,
5116.625977739,1777949676.9066575,NVIDIA A100-SXM4-40GB,51.2,4.0,30772.0,
5116.853207605,1777949677.1338875,NVIDIA A100-SXM4-40GB,51.2,4.0,30772.0,
5117.080567636,1777949677.3612475,NVIDIA A100-SXM4-40GB,51.2,4.0,30772.0,
5117.30753392,1777949677.588214,NVIDIA A100-SXM4-40GB,51.2,4.0,30772.0,
5117.536088468,1777949677.8167682,NVIDIA A100-SXM4-40GB,51.2,4.0,30772.0,
5117.763836762,1777949678.0445168,NVIDIA A100-SXM4-40GB,51.2,4.0,30772.0,
5117.991095898,1777949678.2717757,NVIDIA A100-SXM4-40GB,51.69,4.0,30772.0,
5118.220713895,1777949678.501394,NVIDIA A100-SXM4-40GB,51.2,4.0,30772.0,
5118.44712265,1777949678.727803,NVIDIA A100-SXM4-40GB,51.2,4.0,30772.0,
5118.674733629,1777949678.9554136,NVIDIA A100-SXM4-40GB,51.2,4.0,30772.0,
5118.901841302,1777949679.1825213,NVIDIA A100-SXM4-40GB,51.47,4.0,30772.0,
5119.128678234,1777949679.409358,NVIDIA A100-SXM4-40GB,51.2,4.0,30772.0,
5119.355533494,1777949679.6362135,NVIDIA A100-SXM4-40GB,51.2,4.0,30772.0,
5119.582540648,1777949679.8632207,NVIDIA A100-SXM4-40GB,51.2,4.0,30772.0,
5119.8111867,1777949680.091867,NVIDIA A100-SXM4-40GB,51.2,4.0,30772.0,
5120.038181704,1777949680.3188615,NVIDIA A100-SXM4-40GB,51.2,4.0,30772.0,
5120.265199447,1777949680.5458796,NVIDIA A100-SXM4-40GB,51.2,4.0,30772.0,
5120.492289891,1777949680.77297,NVIDIA A100-SXM4-40GB,51.2,4.0,30772.0,
5120.719157749,1777949680.9998376,NVIDIA A100-SXM4-40GB,51.2,4.0,30772.0,
5120.946164377,1777949681.226845,NVIDIA A100-SXM4-40GB,51.2,4.0,30772.0,
5121.173677201,1777949681.4543571,NVIDIA A100-SXM4-40GB,51.2,3.0,30772.0,
5121.399436523,1777949681.6801164,NVIDIA A100-SXM4-40GB,51.15,4.0,30772.0,
5121.625714456,1777949681.9063945,NVIDIA A100-SXM4-40GB,51.2,3.0,30772.0,
5121.852482417,1777949682.1331627,NVIDIA A100-SXM4-40GB,51.15,4.0,30772.0,
5122.079689445,1777949682.3603697,NVIDIA A100-SXM4-40GB,51.15,4.0,30772.0,
5122.306032359,1777949682.5867126,NVIDIA A100-SXM4-40GB,51.2,3.0,30772.0,
5122.532947826,1777949682.813628,NVIDIA A100-SXM4-40GB,51.2,4.0,30772.0,
5122.759506041,1777949683.0401864,NVIDIA A100-SXM4-40GB,51.47,4.0,30772.0,
5122.988804727,1777949683.2694848,NVIDIA A100-SXM4-40GB,51.2,4.0,30772.0,
5123.215888636,1777949683.4965687,NVIDIA A100-SXM4-40GB,51.2,4.0,30772.0,
5123.442495612,1777949683.7231758,NVIDIA A100-SXM4-40GB,51.15,4.0,30772.0,
5123.669596428,1777949683.9502764,NVIDIA A100-SXM4-40GB,51.2,4.0,30772.0,
5123.896561615,1777949684.1772418,NVIDIA A100-SXM4-40GB,51.15,4.0,30772.0,
5124.12328941,1777949684.4039695,NVIDIA A100-SXM4-40GB,51.42,4.0,30772.0,
5124.350653109,1777949684.631333,NVIDIA A100-SXM4-40GB,51.42,4.0,30772.0,
5124.577142519,1777949684.8578227,NVIDIA A100-SXM4-40GB,51.15,4.0,30772.0,
5124.803964975,1777949685.0846448,NVIDIA A100-SXM4-40GB,51.2,4.0,30772.0,
5125.030686072,1777949685.3113658,NVIDIA A100-SXM4-40GB,51.42,3.0,30772.0,
5125.257487938,1777949685.5381677,NVIDIA A100-SXM4-40GB,51.2,4.0,30772.0,
5125.483593842,1777949685.7642741,NVIDIA A100-SXM4-40GB,51.15,4.0,30772.0,
5125.711541613,1777949685.9922214,NVIDIA A100-SXM4-40GB,51.42,3.0,30772.0,
5125.93877712,1777949686.2194574,NVIDIA A100-SXM4-40GB,51.47,4.0,30772.0,
5126.165630506,1777949686.4463103,NVIDIA A100-SXM4-40GB,51.2,4.0,30772.0,
5126.393259275,1777949686.6739395,NVIDIA A100-SXM4-40GB,51.2,4.0,30772.0,
5126.621036568,1777949686.9017165,NVIDIA A100-SXM4-40GB,51.42,4.0,30772.0,
5126.84844637,1777949687.129126,NVIDIA A100-SXM4-40GB,51.15,4.0,30772.0,
5127.075494063,1777949687.3561742,NVIDIA A100-SXM4-40GB,51.2,4.0,30772.0,
5127.302279412,1777949687.58296,NVIDIA A100-SXM4-40GB,51.15,3.0,30772.0,
5127.530447861,1777949687.811128,NVIDIA A100-SXM4-40GB,51.42,4.0,30772.0,
5127.757360191,1777949688.0380404,NVIDIA A100-SXM4-40GB,51.2,4.0,30772.0,
5127.984312918,1777949688.264993,NVIDIA A100-SXM4-40GB,51.2,4.0,30772.0,
5128.211676139,1777949688.4923558,NVIDIA A100-SXM4-40GB,51.15,4.0,30772.0,
5128.438448439,1777949688.7191286,NVIDIA A100-SXM4-40GB,51.2,4.0,30772.0,
5128.665789345,1777949688.9464695,NVIDIA A100-SXM4-40GB,51.47,4.0,30772.0,
5128.892504167,1777949689.1731842,NVIDIA A100-SXM4-40GB,51.2,4.0,30772.0,
5129.121377466,1777949689.4020576,NVIDIA A100-SXM4-40GB,51.2,4.0,30772.0,
5129.347950702,1777949689.6286309,NVIDIA A100-SXM4-40GB,51.15,4.0,30772.0,
5129.575390749,1777949689.856071,NVIDIA A100-SXM4-40GB,51.47,4.0,30772.0,
5129.802355329,1777949690.0830355,NVIDIA A100-SXM4-40GB,51.42,4.0,30772.0,
5130.028953374,1777949690.3096337,NVIDIA A100-SXM4-40GB,51.2,4.0,30772.0,
5130.256214959,1777949690.5368953,NVIDIA A100-SXM4-40GB,51.47,4.0,30772.0,
5130.483106768,1777949690.7637868,NVIDIA A100-SXM4-40GB,51.2,4.0,30772.0,
5130.710118389,1777949690.9907982,NVIDIA A100-SXM4-40GB,51.2,4.0,30772.0,
5130.937381273,1777949691.2180617,NVIDIA A100-SXM4-40GB,51.47,3.0,30772.0,
5131.16636116,1777949691.4470415,NVIDIA A100-SXM4-40GB,51.47,4.0,30772.0,
5131.393536876,1777949691.6742167,NVIDIA A100-SXM4-40GB,51.47,4.0,30772.0,
5131.620764752,1777949691.9014452,NVIDIA A100-SXM4-40GB,51.47,4.0,30772.0,
5131.847367289,1777949692.1280475,NVIDIA A100-SXM4-40GB,51.2,4.0,30772.0,
5132.074736941,1777949692.355417,NVIDIA A100-SXM4-40GB,51.47,4.0,30772.0,
5132.301383341,1777949692.5820634,NVIDIA A100-SXM4-40GB,51.47,4.0,30772.0,
5132.528385895,1777949692.809066,NVIDIA A100-SXM4-40GB,51.2,4.0,30772.0,
5132.757045872,1777949693.0377262,NVIDIA A100-SXM4-40GB,51.2,3.0,30772.0,
5132.984379275,1777949693.2650592,NVIDIA A100-SXM4-40GB,51.2,3.0,30772.0,
5133.212499131,1777949693.4931793,NVIDIA A100-SXM4-40GB,51.42,4.0,30772.0,
5133.438903732,1777949693.719584,NVIDIA A100-SXM4-40GB,51.2,3.0,30772.0,
5133.665839474,1777949693.9465199,NVIDIA A100-SXM4-40GB,51.2,3.0,30772.0,
5133.891754782,1777949694.1724353,NVIDIA A100-SXM4-40GB,51.2,3.0,30772.0,
5134.118274592,1777949694.3989549,NVIDIA A100-SXM4-40GB,51.2,3.0,30772.0,
5134.345119269,1777949694.6257992,NVIDIA A100-SXM4-40GB,51.2,3.0,30772.0,
5134.571851847,1777949694.8525317,NVIDIA A100-SXM4-40GB,51.42,3.0,30772.0,
5134.798504341,1777949695.0791845,NVIDIA A100-SXM4-40GB,51.42,4.0,30772.0,
5135.025586522,1777949695.3062665,NVIDIA A100-SXM4-40GB,51.2,4.0,30772.0,
5135.25418417,1777949695.5348642,NVIDIA A100-SXM4-40GB,51.47,4.0,30772.0,
5135.480623014,1777949695.761303,NVIDIA A100-SXM4-40GB,51.2,4.0,30772.0,
5135.708276786,1777949695.9889567,NVIDIA A100-SXM4-40GB,51.47,4.0,30772.0,
5135.935546134,1777949696.216226,NVIDIA A100-SXM4-40GB,51.2,4.0,30772.0,
5136.163377553,1777949696.4440577,NVIDIA A100-SXM4-40GB,51.15,4.0,30772.0,
5136.390706594,1777949696.6713867,NVIDIA A100-SXM4-40GB,51.47,4.0,30772.0,
5136.616936212,1777949696.8976161,NVIDIA A100-SXM4-40GB,51.47,4.0,30772.0,
5136.843268405,1777949697.1239486,NVIDIA A100-SXM4-40GB,51.2,4.0,30772.0,
5137.070030727,1777949697.3507109,NVIDIA A100-SXM4-40GB,51.47,4.0,30772.0,
5137.296396427,1777949697.5770764,NVIDIA A100-SXM4-40GB,51.47,4.0,30772.0,
5137.524220114,1777949697.8049004,NVIDIA A100-SXM4-40GB,51.15,4.0,30772.0,
5137.751038305,1777949698.0317187,NVIDIA A100-SXM4-40GB,51.47,4.0,30772.0,
5137.977946127,1777949698.2586262,NVIDIA A100-SXM4-40GB,51.47,4.0,30772.0,
5138.204877972,1777949698.4855583,NVIDIA A100-SXM4-40GB,51.42,4.0,30772.0,
5138.431684488,1777949698.7123644,NVIDIA A100-SXM4-40GB,51.47,4.0,30772.0,
5138.658310926,1777949698.9389908,NVIDIA A100-SXM4-40GB,51.47,4.0,30772.0,
5138.884737699,1777949699.165418,NVIDIA A100-SXM4-40GB,51.47,4.0,30772.0,
5139.111925558,1777949699.3926055,NVIDIA A100-SXM4-40GB,51.2,4.0,30772.0,
5139.338334319,1777949699.6190143,NVIDIA A100-SXM4-40GB,51.2,4.0,30772.0,
5139.565294823,1777949699.8459747,NVIDIA A100-SXM4-40GB,51.2,4.0,30772.0,
5139.79189837,1777949700.0725782,NVIDIA A100-SXM4-40GB,51.47,4.0,30772.0,
5140.018950587,1777949700.2996306,NVIDIA A100-SXM4-40GB,51.47,4.0,30772.0,
5140.245426829,1777949700.5261068,NVIDIA A100-SXM4-40GB,51.47,4.0,30772.0,
5140.472748023,1777949700.7534285,NVIDIA A100-SXM4-40GB,51.15,3.0,30772.0,
5140.69952401,1777949700.980204,NVIDIA A100-SXM4-40GB,51.42,4.0,30772.0,
5140.926551915,1777949701.207232,NVIDIA A100-SXM4-40GB,51.47,4.0,30772.0,
5141.153806886,1777949701.434487,NVIDIA A100-SXM4-40GB,51.2,4.0,30772.0,
5141.380875527,1777949701.6615558,NVIDIA A100-SXM4-40GB,51.15,4.0,30772.0,
5141.608136893,1777949701.8888168,NVIDIA A100-SXM4-40GB,51.47,4.0,30772.0,
5141.835139798,1777949702.11582,NVIDIA A100-SXM4-40GB,51.2,4.0,30772.0,
5142.062264826,1777949702.3429449,NVIDIA A100-SXM4-40GB,51.2,4.0,30772.0,
5142.289638729,1777949702.570319,NVIDIA A100-SXM4-40GB,51.47,4.0,30772.0,
5142.516643208,1777949702.7973232,NVIDIA A100-SXM4-40GB,51.47,4.0,30772.0,
5142.743299796,1777949703.0239801,NVIDIA A100-SXM4-40GB,51.47,4.0,30772.0,
5142.970974077,1777949703.2516544,NVIDIA A100-SXM4-40GB,51.42,4.0,30772.0,
5143.197882269,1777949703.4785626,NVIDIA A100-SXM4-40GB,51.47,4.0,30772.0,
5143.426031783,1777949703.706712,NVIDIA A100-SXM4-40GB,51.42,4.0,30772.0,
5143.65237797,1777949703.9330585,NVIDIA A100-SXM4-40GB,51.2,4.0,30772.0,
5143.879342288,1777949704.1600223,NVIDIA A100-SXM4-40GB,51.47,4.0,30772.0,
5144.106476418,1777949704.3871567,NVIDIA A100-SXM4-40GB,51.2,4.0,30772.0,
5144.332952009,1777949704.6136322,NVIDIA A100-SXM4-40GB,51.2,3.0,30772.0,
5144.559087729,1777949704.8397677,NVIDIA A100-SXM4-40GB,51.2,3.0,30772.0,
5144.785937211,1777949705.0666175,NVIDIA A100-SXM4-40GB,51.2,3.0,30772.0,
5145.015779081,1777949705.2964594,NVIDIA A100-SXM4-40GB,51.47,3.0,30772.0,
5145.243856961,1777949705.524537,NVIDIA A100-SXM4-40GB,51.2,4.0,30772.0,
5145.471152788,1777949705.7518332,NVIDIA A100-SXM4-40GB,51.2,3.0,30772.0,
5145.699640293,1777949705.9803205,NVIDIA A100-SXM4-40GB,51.15,4.0,30772.0,
5145.927307645,1777949706.2079883,NVIDIA A100-SXM4-40GB,51.2,4.0,30772.0,
5146.154029304,1777949706.4347095,NVIDIA A100-SXM4-40GB,51.2,4.0,30772.0,
5146.38116112,1777949706.6618412,NVIDIA A100-SXM4-40GB,51.2,4.0,30772.0,
5146.608036507,1777949706.8887167,NVIDIA A100-SXM4-40GB,51.2,4.0,30772.0,
5146.835133085,1777949707.115814,NVIDIA A100-SXM4-40GB,51.47,4.0,30772.0,
5147.061720474,1777949707.3424008,NVIDIA A100-SXM4-40GB,51.2,4.0,30772.0,
5147.288308452,1777949707.5689883,NVIDIA A100-SXM4-40GB,51.47,4.0,30772.0,
5147.515614323,1777949707.7962945,NVIDIA A100-SXM4-40GB,51.47,4.0,30772.0,
5147.741565854,1777949708.022246,NVIDIA A100-SXM4-40GB,51.47,4.0,30772.0,
5147.969850528,1777949708.2505305,NVIDIA A100-SXM4-40GB,51.47,4.0,30772.0,
5148.197513172,1777949708.478193,NVIDIA A100-SXM4-40GB,51.47,4.0,30772.0,
5148.42757789,1777949708.7082582,NVIDIA A100-SXM4-40GB,50.83,4.0,30772.0,
5148.699523163,1777949708.9802032,NVIDIA A100-SXM4-40GB,50.88,0.0,30772.0,
5148.956414881,1777949709.2370949,NVIDIA A100-SXM4-40GB,50.88,0.0,30772.0,
5149.200213568,1777949709.4808934,NVIDIA A100-SXM4-40GB,50.83,0.0,30772.0,
5149.430404648,1777949709.7110846,NVIDIA A100-SXM4-40GB,50.88,0.0,30772.0,
5149.656138265,1777949709.9368186,NVIDIA A100-SXM4-40GB,51.2,0.0,30772.0,
5149.88330258,1777949710.1639826,NVIDIA A100-SXM4-40GB,50.83,0.0,30772.0,
5150.133661905,1777949710.414342,NVIDIA A100-SXM4-40GB,50.88,0.0,30772.0,
5150.371173382,1777949710.651853,NVIDIA A100-SXM4-40GB,50.88,0.0,30772.0,
5150.600096163,1777949710.8807764,NVIDIA A100-SXM4-40GB,50.88,0.0,30772.0,
5150.829077721,1777949711.109758,NVIDIA A100-SXM4-40GB,50.88,0.0,30772.0,
5151.076033594,1777949711.3567135,NVIDIA A100-SXM4-40GB,50.88,0.0,30772.0,
5151.318896119,1777949711.599576,NVIDIA A100-SXM4-40GB,50.88,0.0,30772.0,
5151.546032323,1777949711.8267124,NVIDIA A100-SXM4-40GB,50.83,0.0,30772.0,
5151.786989708,1777949712.0676699,NVIDIA A100-SXM4-40GB,50.88,0.0,30772.0,
5152.016808371,1777949712.2974885,NVIDIA A100-SXM4-40GB,50.88,0.0,30772.0,
